CustomerID,InvoiceCount,TotalRevenue,FirstPurchase,LastPurchase,CustomerType
12346,1,77183.6,2011-01-18 10:01:00,2011-01-18 10:01:00,One-time customer
12347,7,4310.0,2010-12-07 14:57:00,2011-12-07 15:52:00,Repeat customer
12348,4,1797.24,2010-12-16 19:09:00,2011-09-25 13:13:00,Repeat customer
12349,1,1757.55,2011-11-21 09:51:00,2011-11-21 09:51:00,One-time customer
12350,1,334.4,2011-02-02 16:01:00,2011-02-02 16:01:00,One-time customer
12352,8,2506.04,2011-02-16 12:33:00,2011-11-03 14:37:00,Repeat customer
12353,1,89.0,2011-05-19 17:47:00,2011-05-19 17:47:00,One-time customer
12354,1,1079.4,2011-04-21 13:11:00,2011-04-21 13:11:00,One-time customer
12355,1,459.4,2011-05-09 13:49:00,2011-05-09 13:49:00,One-time customer
12356,3,2811.43,2011-01-18 09:50:00,2011-11-17 08:40:00,Repeat customer
12357,1,6207.67,2011-11-06 16:07:00,2011-11-06 16:07:00,One-time customer
12358,2,1168.06,2011-07-12 10:04:00,2011-12-08 10:26:00,Repeat customer
12359,4,6372.58,2011-01-12 12:43:00,2011-10-13 12:47:00,Repeat customer
12360,3,2662.06,2011-05-23 09:43:00,2011-10-18 15:22:00,Repeat customer
12361,1,189.9,2011-02-25 13:51:00,2011-02-25 13:51:00,One-time customer
12362,10,5226.23,2011-02-17 10:30:00,2011-12-06 15:40:00,Repeat customer
12363,2,552.0,2011-04-11 13:29:00,2011-08-22 10:18:00,Repeat customer
12364,4,1313.1,2011-08-19 15:24:00,2011-12-02 10:22:00,Repeat customer
12365,2,641.38,2011-02-21 13:51:00,2011-02-21 14:04:00,Repeat customer
12367,1,168.9,2011-12-05 16:48:00,2011-12-05 16:48:00,One-time customer
12370,4,3545.69,2010-12-14 12:58:00,2011-10-19 14:51:00,Repeat customer
12371,2,1887.96,2011-10-11 10:43:00,2011-10-26 10:16:00,Repeat customer
12372,3,1298.04,2011-02-16 12:46:00,2011-09-29 12:12:00,Repeat customer
12373,1,364.6,2011-02-01 13:10:00,2011-02-01 13:10:00,One-time customer
12374,1,742.9300000000001,2011-11-14 15:37:00,2011-11-14 15:37:00,One-time customer
12375,2,457.5,2011-09-02 14:23:00,2011-11-29 10:36:00,Repeat customer
12377,2,1628.12,2010-12-20 09:37:00,2011-01-28 15:45:00,Repeat customer
12378,1,4008.62,2011-08-02 10:34:00,2011-08-02 10:34:00,One-time customer
12379,2,852.24,2011-06-22 16:32:00,2011-09-19 10:09:00,Repeat customer
12380,4,2724.81,2011-06-07 09:49:00,2011-11-18 11:27:00,Repeat customer
12381,5,1845.31,2011-08-12 09:57:00,2011-12-05 12:44:00,Repeat customer
12383,5,1850.56,2010-12-22 14:28:00,2011-06-08 08:02:00,Repeat customer
12384,2,585.27,2011-08-10 11:23:00,2011-11-11 08:39:00,Repeat customer
12386,2,401.9,2010-12-08 09:53:00,2011-01-06 12:37:00,Repeat customer
12388,6,2780.66,2011-01-17 11:12:00,2011-11-24 12:30:00,Repeat customer
12390,1,549.84,2011-09-21 09:33:00,2011-09-21 09:33:00,One-time customer
12391,1,460.89,2011-11-18 12:07:00,2011-11-18 12:07:00,One-time customer
12393,4,1582.6000000000001,2011-01-11 09:47:00,2011-09-28 15:41:00,Repeat customer
12394,2,1272.48,2011-05-06 14:01:00,2011-10-07 08:08:00,Repeat customer
12395,12,3018.63,2010-12-03 16:35:00,2011-11-20 15:21:00,Repeat customer
12397,2,2409.9,2011-07-27 14:21:00,2011-11-04 09:52:00,Repeat customer
12398,1,1635.6599999999999,2011-10-25 10:27:00,2011-10-25 10:27:00,One-time customer
12399,4,1108.65,2011-03-23 09:42:00,2011-08-12 13:15:00,Repeat customer
12401,1,84.3,2011-02-09 13:50:00,2011-02-09 13:50:00,One-time customer
12402,1,225.6,2011-01-20 13:49:00,2011-01-20 13:49:00,One-time customer
12403,1,427.7,2011-10-21 10:51:00,2011-10-21 10:51:00,One-time customer
12405,1,1710.39,2011-07-14 08:52:00,2011-07-14 08:52:00,One-time customer
12406,2,3415.3,2011-06-09 10:23:00,2011-11-17 19:22:00,Repeat customer
12407,5,1708.1200000000001,2011-03-20 13:21:00,2011-10-21 10:11:00,Repeat customer
12408,5,2888.55,2011-03-24 14:46:00,2011-11-07 12:27:00,Repeat customer
12409,3,11072.67,2011-06-10 12:19:00,2011-09-22 10:38:00,Repeat customer
12410,2,693.3299999999999,2011-02-04 10:38:00,2011-02-04 10:39:00,Repeat customer
12412,3,1226.88,2011-06-23 13:51:00,2011-09-26 10:16:00,Repeat customer
12413,3,758.1,2011-01-06 16:12:00,2011-10-04 09:00:00,Repeat customer
12414,3,562.41,2011-02-02 14:51:00,2011-05-06 14:51:00,Repeat customer
12415,21,124914.53,2011-01-06 11:12:00,2011-11-15 14:22:00,Repeat customer
12417,9,3649.1,2010-12-17 11:51:00,2011-12-06 14:52:00,Repeat customer
12418,1,668.58,2011-08-19 11:08:00,2011-08-19 11:08:00,One-time customer
12420,1,600.39,2011-10-07 08:55:00,2011-10-07 08:55:00,One-time customer
12421,4,807.04,2011-01-24 15:09:00,2011-11-24 09:07:00,Repeat customer
12422,3,803.5600000000001,2011-01-19 09:13:00,2011-09-05 09:48:00,Repeat customer
12423,8,1859.31,2010-12-21 10:54:00,2011-12-09 10:10:00,Repeat customer
12424,2,1760.96,2011-06-30 12:06:00,2011-06-30 12:06:00,Repeat customer
12425,1,777.2,2011-09-22 17:31:00,2011-09-22 17:31:00,One-time customer
12426,1,582.73,2011-05-29 12:26:00,2011-05-29 12:26:00,One-time customer
12427,3,825.8,2010-12-03 10:44:00,2011-11-18 08:56:00,Repeat customer
12428,9,7956.46,2011-03-01 09:33:00,2011-11-14 08:22:00,Repeat customer
12429,4,3750.4,2010-12-09 12:05:00,2011-11-30 17:22:00,Repeat customer
12430,1,256.4,2011-10-27 15:09:00,2011-10-27 15:09:00,One-time customer
12431,15,6487.45,2010-12-01 10:03:00,2011-11-04 11:55:00,Repeat customer
12432,5,5059.32,2011-06-20 13:27:00,2011-10-28 11:43:00,Repeat customer
12433,7,13375.87,2010-12-01 13:24:00,2011-12-09 10:02:00,Repeat customer
12434,2,806.14,2011-03-24 13:05:00,2011-09-16 12:38:00,Repeat customer
12435,2,7829.89,2011-03-17 07:40:00,2011-09-21 09:06:00,Repeat customer
12436,1,509.01,2011-09-01 12:09:00,2011-09-01 12:09:00,One-time customer
12437,18,4951.41,2011-01-12 14:13:00,2011-12-08 11:35:00,Repeat customer
12438,2,2906.85,2011-07-22 13:29:00,2011-11-25 13:28:00,Repeat customer
12441,1,173.55,2010-12-08 10:45:00,2010-12-08 10:45:00,One-time customer
12442,1,172.06,2011-12-06 14:22:00,2011-12-06 14:22:00,One-time customer
12444,5,5005.46,2011-06-21 14:00:00,2011-11-18 13:23:00,Repeat customer
12445,1,133.4,2011-11-17 18:43:00,2011-11-17 18:43:00,One-time customer
12446,1,1002.3100000000001,2011-10-13 12:50:00,2011-10-13 12:50:00,One-time customer
12447,1,476.49,2011-04-10 13:25:00,2011-04-10 13:25:00,One-time customer
12448,1,449.45,2011-10-26 13:46:00,2011-10-26 13:46:00,One-time customer
12449,4,4067.29,2011-06-05 15:37:00,2011-11-17 13:46:00,Repeat customer
12450,2,197.88,2011-06-19 14:36:00,2011-07-06 14:41:00,Repeat customer
12451,5,9035.52,2011-01-19 09:05:00,2011-11-29 08:40:00,Repeat customer
12452,2,430.57,2011-11-23 08:05:00,2011-11-23 10:28:00,Repeat customer
12453,1,707.09,2011-07-28 14:08:00,2011-07-28 14:08:00,One-time customer
12454,1,3528.34,2011-10-14 17:13:00,2011-10-14 17:13:00,One-time customer
12455,6,2466.86,2011-02-16 09:56:00,2011-09-27 15:31:00,Repeat customer
12456,3,3181.04,2011-03-30 09:12:00,2011-10-26 14:41:00,Repeat customer
12457,7,2363.23,2011-04-14 18:57:00,2011-10-04 13:13:00,Repeat customer
12458,2,947.4,2011-02-28 10:55:00,2011-09-29 15:25:00,Repeat customer
12461,2,826.88,2011-07-08 10:23:00,2011-09-06 16:57:00,Repeat customer
12462,2,1189.59,2011-02-09 14:44:00,2011-11-21 09:11:00,Repeat customer
12463,4,1344.78,2011-04-12 12:47:00,2011-10-17 13:44:00,Repeat customer
12464,8,1212.05,2011-02-03 13:30:00,2011-11-29 13:33:00,Repeat customer
12465,2,742.1899999999999,2011-06-23 13:37:00,2011-11-22 16:34:00,Repeat customer
12468,2,729.5400000000001,2011-01-27 13:29:00,2011-06-05 11:36:00,Repeat customer
12471,30,19824.05,2010-12-10 09:35:00,2011-12-07 15:43:00,Repeat customer
12472,7,6572.11,2010-12-05 14:19:00,2011-11-07 14:01:00,Repeat customer
12473,5,3938.5499999999997,2011-06-01 10:15:00,2011-11-10 13:46:00,Repeat customer
12474,18,7375.79,2011-01-14 10:06:00,2011-11-22 14:39:00,Repeat customer
12475,1,723.38,2011-10-17 10:10:00,2011-10-17 10:10:00,One-time customer
12476,11,6816.42,2010-12-13 14:39:00,2011-11-24 12:40:00,Repeat customer
12477,6,13219.74,2011-02-11 12:45:00,2011-11-17 09:51:00,Repeat customer
12478,1,680.99,2011-12-06 09:56:00,2011-12-06 09:56:00,One-time customer
12479,1,527.2,2011-11-28 13:26:00,2011-11-28 13:26:00,One-time customer
12480,4,3281.63,2011-01-07 15:27:00,2011-11-11 14:52:00,Repeat customer
12481,10,5596.32,2010-12-09 10:13:00,2011-11-17 08:29:00,Repeat customer
12483,8,2484.98,2011-01-04 14:20:00,2011-11-22 17:02:00,Repeat customer
12484,6,4541.72,2011-01-07 14:04:00,2011-11-07 11:37:00,Repeat customer
12488,3,1298.66,2011-09-25 10:34:00,2011-11-30 08:50:00,Repeat customer
12489,1,334.93,2011-01-07 13:13:00,2011-01-07 13:13:00,One-time customer
12490,10,5417.93,2011-01-14 09:13:00,2011-12-04 16:07:00,Repeat customer
12491,1,460.40000000000003,2011-11-01 12:18:00,2011-11-01 12:18:00,One-time customer
12492,2,263.21000000000004,2011-08-26 14:51:00,2011-10-07 15:15:00,Repeat customer
12493,2,433.74,2011-05-26 14:53:00,2011-06-27 10:17:00,Repeat customer
12494,7,1246.1000000000001,2010-12-09 11:31:00,2011-11-24 09:34:00,Repeat customer
12497,1,1043.1,2011-09-19 12:29:00,2011-09-19 12:29:00,One-time customer
12498,3,403.70000000000005,2011-10-13 09:30:00,2011-11-18 12:53:00,Repeat customer
12500,11,4257.82,2011-01-10 09:48:00,2011-11-16 16:20:00,Repeat customer
12501,1,2169.39,2011-01-07 12:28:00,2011-01-07 12:28:00,One-time customer
12502,5,3723.87,2011-02-03 10:41:00,2011-09-05 11:52:00,Repeat customer
12504,2,482.04999999999995,2011-11-09 14:56:00,2011-11-21 16:02:00,Repeat customer
12506,1,73.5,2011-04-21 08:54:00,2011-04-21 08:54:00,One-time customer
12507,3,1304.81,2011-02-14 09:24:00,2011-07-28 17:09:00,Repeat customer
12508,2,398.27,2011-11-10 16:27:00,2011-11-13 15:37:00,Repeat customer
12509,1,176.5,2011-02-28 14:45:00,2011-02-28 14:45:00,One-time customer
12510,2,982.5699999999999,2011-01-18 14:04:00,2011-07-20 10:15:00,Repeat customer
12512,2,138.03,2011-10-04 14:53:00,2011-10-04 14:55:00,Repeat customer
12513,1,612.29,2011-08-19 10:51:00,2011-08-19 10:51:00,One-time customer
12514,1,1017.68,2011-03-17 16:38:00,2011-03-17 16:38:00,One-time customer
12515,1,383.7,2010-12-21 15:43:00,2010-12-21 15:43:00,One-time customer
12516,2,1312.06,2011-06-12 11:37:00,2011-09-23 09:13:00,Repeat customer
12517,5,2502.84,2011-06-02 15:13:00,2011-11-11 14:04:00,Repeat customer
12518,5,2056.89,2011-08-21 13:18:00,2011-12-09 10:13:00,Repeat customer
12519,1,340.84,2011-10-07 09:26:00,2011-10-07 09:26:00,One-time customer
12520,5,2634.26,2011-03-11 11:35:00,2011-09-21 15:23:00,Repeat customer
12521,1,599.68,2011-07-20 10:51:00,2011-07-20 10:51:00,One-time customer
12522,2,192.72,2011-10-19 14:41:00,2011-10-31 15:30:00,Repeat customer
12523,11,1789.77,2011-01-12 09:43:00,2011-11-20 12:55:00,Repeat customer
12524,8,4485.72,2011-01-10 10:35:00,2011-11-30 15:31:00,Repeat customer
12526,3,1316.66,2011-09-06 14:19:00,2011-12-09 12:09:00,Repeat customer
12527,3,348.71000000000004,2011-01-18 12:05:00,2011-09-19 11:55:00,Repeat customer
12528,6,1933.48,2011-01-31 09:05:00,2011-11-30 14:40:00,Repeat customer
12530,4,1662.28,2011-01-07 10:04:00,2011-10-11 12:34:00,Repeat customer
12531,1,125.22,2011-11-25 11:12:00,2011-11-25 11:12:00,One-time customer
12532,1,349.83000000000004,2011-11-09 13:47:00,2011-11-09 13:47:00,One-time customer
12534,1,1089.18,2011-08-01 10:26:00,2011-08-01 10:26:00,One-time customer
12535,2,716.35,2011-06-06 12:47:00,2011-09-09 08:48:00,Repeat customer
12536,3,12601.830000000002,2011-10-11 14:52:00,2011-10-27 14:20:00,Repeat customer
12538,1,363.95,2011-11-10 17:16:00,2011-11-10 17:16:00,One-time customer
12539,4,5568.35,2011-01-10 09:11:00,2011-11-17 13:30:00,Repeat customer
12540,17,13400.24,2010-12-13 09:39:00,2011-11-20 11:31:00,Repeat customer
12541,3,981.18,2011-03-04 09:32:00,2011-11-10 10:40:00,Repeat customer
12544,1,372.7,2011-11-03 16:15:00,2011-11-03 16:15:00,One-time customer
12545,2,1000.39,2011-03-25 12:04:00,2011-09-25 13:39:00,Repeat customer
12546,2,1161.5,2011-09-23 09:44:00,2011-10-24 12:09:00,Repeat customer
12547,2,207.79999999999998,2011-03-04 12:46:00,2011-05-26 12:38:00,Repeat customer
12548,1,95.19999999999999,2011-06-26 15:35:00,2011-06-26 15:35:00,One-time customer
12550,1,964.83,2011-09-21 14:35:00,2011-09-21 14:35:00,One-time customer
12551,1,168.0,2010-12-17 11:23:00,2010-12-17 11:23:00,One-time customer
12552,2,437.82,2011-10-31 12:11:00,2011-11-01 10:02:00,Repeat customer
12553,10,3692.28,2011-01-14 10:42:00,2011-12-01 16:38:00,Repeat customer
12556,2,603.71,2011-07-11 13:35:00,2011-10-20 13:06:00,Repeat customer
12557,5,11990.960000000001,2010-12-03 12:20:00,2011-11-23 16:59:00,Repeat customer
12558,1,269.96,2011-12-02 10:41:00,2011-12-02 10:41:00,One-time customer
12559,2,561.71,2011-01-24 10:12:00,2011-02-02 09:49:00,Repeat customer
12560,3,2134.01,2011-07-19 15:55:00,2011-12-04 13:54:00,Repeat customer
12561,1,238.85,2011-02-10 11:39:00,2011-02-10 11:39:00,One-time customer
12562,7,3781.7400000000002,2011-05-25 12:44:00,2011-12-01 17:20:00,Repeat customer
12564,1,456.9,2011-03-23 14:55:00,2011-03-23 14:55:00,One-time customer
12565,1,145.92,2011-02-24 10:34:00,2011-02-24 10:34:00,One-time customer
12566,1,351.65,2011-09-14 14:30:00,2011-09-14 14:30:00,One-time customer
12567,10,9401.28,2010-12-05 11:57:00,2011-11-17 11:02:00,Repeat customer
12569,32,4124.69,2011-04-01 13:47:00,2011-12-07 16:24:00,Repeat customer
12571,2,519.61,2011-08-10 12:35:00,2011-10-31 10:19:00,Repeat customer
12572,2,1020.42,2011-10-19 08:20:00,2011-12-01 09:20:00,Repeat customer
12573,1,160.54000000000002,2011-04-26 15:52:00,2011-04-26 15:52:00,One-time customer
12574,1,218.45,2011-01-28 09:20:00,2011-01-28 09:20:00,One-time customer
12576,5,1315.83,2011-02-08 11:31:00,2011-11-04 10:11:00,Repeat customer
12577,3,657.8,2010-12-15 16:21:00,2011-11-04 13:24:00,Repeat customer
12578,2,2794.51,2011-01-13 15:34:00,2011-11-18 13:30:00,Repeat customer
12579,1,440.42,2011-09-22 17:15:00,2011-09-22 17:15:00,One-time customer
12580,1,415.7,2011-04-07 10:24:00,2011-04-07 10:24:00,One-time customer
12581,1,197.71,2011-10-31 08:56:00,2011-10-31 08:56:00,One-time customer
12582,2,511.36,2011-02-24 11:42:00,2011-04-15 08:45:00,Repeat customer
12583,15,7281.38,2010-12-01 08:45:00,2011-12-07 08:07:00,Repeat customer
12584,9,2338.15,2011-03-04 15:15:00,2011-12-06 09:35:00,Repeat customer
12585,2,2040.1,2010-12-23 12:58:00,2011-04-19 13:39:00,Repeat customer
12586,1,196.94000000000003,2011-11-22 16:24:00,2011-11-22 16:24:00,One-time customer
12587,1,144.0,2011-12-02 12:47:00,2011-12-02 12:47:00,One-time customer
12588,1,214.89999999999998,2011-10-31 15:01:00,2011-10-31 15:01:00,One-time customer
12589,2,646.68,2011-07-18 12:05:00,2011-11-11 10:19:00,Repeat customer
12590,2,9864.26,2011-05-12 14:46:00,2011-05-12 14:52:00,Repeat customer
12591,1,452.84999999999997,2011-01-26 14:35:00,2011-01-26 14:35:00,One-time customer
12592,2,437.6,2011-05-10 13:44:00,2011-09-08 15:04:00,Repeat customer
12593,3,418.09999999999997,2011-05-05 09:29:00,2011-08-23 12:43:00,Repeat customer
12594,10,3338.2200000000003,2011-01-21 09:52:00,2011-11-02 12:20:00,Repeat customer
12596,2,618.27,2011-04-11 13:22:00,2011-10-19 13:02:00,Repeat customer
12597,4,3811.22,2011-03-16 14:00:00,2011-11-20 13:33:00,Repeat customer
12598,8,3023.08,2011-02-28 11:58:00,2011-11-30 12:18:00,Repeat customer
12599,7,1032.58,2011-02-08 13:28:00,2011-11-10 13:34:00,Repeat customer
12600,10,2599.04,2010-12-03 12:57:00,2011-11-11 10:29:00,Repeat customer
12601,5,577.0600000000001,2011-01-11 10:38:00,2011-06-03 10:17:00,Repeat customer
12602,1,153.12,2011-10-12 11:22:00,2011-10-12 11:22:00,One-time customer
12603,1,739.1999999999999,2011-11-18 10:42:00,2011-11-18 10:42:00,One-time customer
12604,2,254.18,2011-03-23 12:06:00,2011-09-21 14:08:00,Repeat customer
12607,1,1579.51,2011-10-10 16:06:00,2011-10-10 16:06:00,One-time customer
12609,3,1126.85,2011-01-25 15:13:00,2011-09-22 16:34:00,Repeat customer
12610,5,2099.54,2011-08-05 13:52:00,2011-11-17 09:34:00,Repeat customer
12611,1,1193.32,2011-10-18 13:12:00,2011-10-18 13:12:00,One-time customer
12612,1,704.0400000000001,2011-09-26 15:35:00,2011-09-26 15:35:00,One-time customer
12613,5,3344.38,2011-03-22 15:42:00,2011-10-13 14:59:00,Repeat customer
12614,1,315.6,2011-03-07 10:22:00,2011-03-07 10:22:00,One-time customer
12615,4,2291.19,2011-06-24 13:35:00,2011-12-07 15:02:00,Repeat customer
12616,2,713.3,2011-02-15 14:17:00,2011-09-05 15:17:00,Repeat customer
12617,1,355.53,2011-11-10 14:39:00,2011-11-10 14:39:00,One-time customer
12618,1,177.31,2011-11-18 11:10:00,2011-11-18 11:10:00,One-time customer
12619,9,3641.24,2011-03-31 13:10:00,2011-11-23 14:52:00,Repeat customer
12620,3,1339.41,2011-05-19 12:10:00,2011-11-25 10:20:00,Repeat customer
12621,20,13689.67,2010-12-09 10:16:00,2011-12-08 11:25:00,Repeat customer
12622,1,180.1,2011-04-21 16:39:00,2011-04-21 16:39:00,One-time customer
12623,1,305.1,2011-03-08 13:50:00,2011-03-08 13:50:00,One-time customer
12624,2,641.13,2011-06-15 12:34:00,2011-08-25 15:04:00,Repeat customer
12625,2,2683.82,2011-01-24 13:27:00,2011-05-12 09:54:00,Repeat customer
12626,9,6620.48,2011-01-17 11:01:00,2011-11-16 16:06:00,Repeat customer
12627,7,4478.53,2011-07-22 13:59:00,2011-11-29 12:07:00,Repeat customer
12628,3,786.46,2011-10-06 09:28:00,2011-12-05 13:15:00,Repeat customer
12630,2,1270.88,2011-10-27 10:41:00,2011-11-30 10:48:00,Repeat customer
12631,1,640.5,2011-10-13 13:53:00,2011-10-13 13:53:00,One-time customer
12633,4,2163.98,2011-02-25 08:44:00,2011-10-12 11:40:00,Repeat customer
12635,2,1689.18,2011-07-08 08:43:00,2011-09-11 11:04:00,Repeat customer
12637,8,6021.9,2011-01-20 10:47:00,2011-10-03 13:46:00,Repeat customer
12638,1,671.69,2011-11-06 13:11:00,2011-11-06 13:11:00,One-time customer
12639,1,486.1,2011-04-15 12:48:00,2011-04-15 12:48:00,One-time customer
12640,3,1174.58,2011-09-19 12:01:00,2011-11-16 11:52:00,Repeat customer
12641,1,185.9,2011-08-16 13:26:00,2011-08-16 13:26:00,One-time customer
12642,3,1013.26,2011-08-24 09:23:00,2011-11-14 15:03:00,Repeat customer
12643,6,3344.64,2011-01-11 11:48:00,2011-08-03 12:56:00,Repeat customer
12644,1,477.91,2011-08-02 10:33:00,2011-08-02 10:33:00,One-time customer
12645,4,1775.18,2011-01-27 13:08:00,2011-11-06 12:38:00,Repeat customer
12646,2,1346.97,2011-10-21 12:52:00,2011-12-05 10:14:00,Repeat customer
12647,12,3722.82,2010-12-05 14:02:00,2011-11-17 12:56:00,Repeat customer
12648,1,318.05,2011-07-08 11:55:00,2011-07-08 11:55:00,One-time customer
12649,3,623.51,2011-05-11 14:37:00,2011-08-24 14:41:00,Repeat customer
12650,1,314.44,2011-12-06 16:34:00,2011-12-06 16:34:00,One-time customer
12651,1,114.0,2011-01-09 12:46:00,2011-01-09 12:46:00,One-time customer
12652,1,919.98,2011-01-12 15:00:00,2011-01-12 15:00:00,One-time customer
12653,2,2209.85,2011-02-16 10:53:00,2011-07-14 10:41:00,Repeat customer
12654,5,601.98,2011-02-17 13:16:00,2011-11-29 10:10:00,Repeat customer
12656,5,4051.17,2011-04-20 09:20:00,2011-11-22 13:42:00,Repeat customer
12657,4,1643.18,2011-09-22 11:40:00,2011-11-28 15:47:00,Repeat customer
12658,1,686.05,2011-11-21 10:22:00,2011-11-21 10:22:00,One-time customer
12659,1,91.68,2011-11-10 11:53:00,2011-11-10 11:53:00,One-time customer
12660,1,245.1,2011-11-28 13:26:00,2011-11-28 13:26:00,One-time customer
12662,11,3849.78,2010-12-01 13:04:00,2011-12-09 11:59:00,Repeat customer
12664,9,4881.88,2011-01-21 11:42:00,2011-12-01 17:07:00,Repeat customer
12665,1,63.0,2011-01-19 08:34:00,2011-01-19 08:34:00,One-time customer
12667,1,620.13,2011-10-12 17:00:00,2011-10-12 17:00:00,One-time customer
12668,4,3807.15,2010-12-19 12:46:00,2011-11-28 10:56:00,Repeat customer
12669,3,2744.0299999999997,2011-03-28 10:15:00,2011-07-12 09:54:00,Repeat customer
12670,5,2996.05,2011-04-21 10:16:00,2011-11-29 15:23:00,Repeat customer
12672,1,225.89999999999998,2011-01-14 09:20:00,2011-01-14 09:20:00,One-time customer
12673,2,610.52,2011-01-17 11:46:00,2011-12-04 13:55:00,Repeat customer
12674,4,1970.6,2011-05-16 09:10:00,2011-11-01 12:12:00,Repeat customer
12676,6,1331.39,2011-02-01 15:41:00,2011-11-15 12:25:00,Repeat customer
12678,12,17628.46,2010-12-21 11:00:00,2011-10-28 13:04:00,Repeat customer
12679,4,1113.02,2011-03-01 12:26:00,2011-10-12 12:30:00,Repeat customer
12680,4,862.81,2011-08-18 15:44:00,2011-12-09 12:50:00,Repeat customer
12681,22,13787.54,2010-12-07 10:08:00,2011-11-25 11:33:00,Repeat customer
12682,31,12288.22,2010-12-03 13:59:00,2011-12-06 10:00:00,Repeat customer
12683,15,8476.57,2010-12-09 10:37:00,2011-12-05 16:31:00,Repeat customer
12684,7,2283.63,2011-05-10 12:55:00,2011-12-02 09:53:00,Repeat customer
12685,6,2863.08,2011-09-07 10:28:00,2011-11-11 13:46:00,Repeat customer
12686,1,89.14,2010-12-03 09:51:00,2010-12-03 09:51:00,One-time customer
12688,1,4873.8099999999995,2011-08-18 08:49:00,2011-08-18 08:49:00,One-time customer
12689,2,1247.61,2011-08-04 10:04:00,2011-11-14 08:31:00,Repeat customer
12690,1,389.01,2011-05-18 09:09:00,2011-05-18 09:09:00,One-time customer
12691,6,1035.8,2010-12-17 14:46:00,2011-11-11 16:49:00,Repeat customer
12693,4,855.91,2011-01-24 12:58:00,2011-08-04 17:51:00,Repeat customer
12694,2,869.67,2011-06-09 17:48:00,2011-09-30 13:06:00,Repeat customer
12695,4,582.1,2011-05-13 13:15:00,2011-12-02 13:22:00,Repeat customer
12697,3,957.59,2011-06-23 15:44:00,2011-11-11 08:47:00,Repeat customer
12700,4,4939.99,2011-05-08 16:10:00,2011-12-02 10:47:00,Repeat customer
12701,2,797.71,2011-04-11 13:02:00,2011-09-21 10:47:00,Repeat customer
12702,1,219.0,2011-11-20 10:36:00,2011-11-20 10:36:00,One-time customer
12703,1,283.55,2011-09-29 17:52:00,2011-09-29 17:52:00,One-time customer
12704,8,2340.84,2011-06-23 10:20:00,2011-12-02 13:15:00,Repeat customer
12705,9,6868.29,2010-12-17 15:58:00,2011-11-24 13:17:00,Repeat customer
12707,1,603.42,2011-02-21 08:38:00,2011-02-21 08:38:00,One-time customer
12708,10,2712.91,2010-12-06 10:43:00,2011-11-10 09:52:00,Repeat customer
12709,15,9736.52,2010-12-08 09:49:00,2011-11-24 15:38:00,Repeat customer
12710,3,1149.02,2011-05-22 14:05:00,2011-09-04 12:00:00,Repeat customer
12712,13,4396.13,2010-12-03 14:30:00,2011-11-11 08:19:00,Repeat customer
12713,1,848.55,2011-12-09 12:16:00,2011-12-09 12:16:00,One-time customer
12714,5,4708.86,2011-02-18 10:53:00,2011-11-30 15:43:00,Repeat customer
12715,1,353.86,2011-08-25 15:22:00,2011-08-25 15:22:00,One-time customer
12716,2,1053.49,2011-07-29 13:28:00,2011-12-06 08:55:00,Repeat customer
12717,2,1030.98,2011-04-08 10:32:00,2011-07-11 14:47:00,Repeat customer
12718,1,238.25,2011-09-29 16:38:00,2011-09-29 16:38:00,One-time customer
12719,2,644.95,2011-10-05 14:50:00,2011-12-04 13:45:00,Repeat customer
12720,25,5781.73,2010-12-05 15:21:00,2011-12-07 08:03:00,Repeat customer
12721,6,2656.13,2010-12-20 11:38:00,2011-11-08 12:13:00,Repeat customer
12722,4,997.63,2011-07-12 11:55:00,2011-09-15 14:50:00,Repeat customer
12723,5,725.07,2011-10-05 15:52:00,2011-12-06 10:19:00,Repeat customer
12724,4,1031.41,2011-01-11 15:00:00,2011-12-04 16:02:00,Repeat customer
12725,1,427.8,2010-12-03 15:45:00,2010-12-03 15:45:00,One-time customer
12726,7,2609.1,2010-12-17 12:56:00,2011-11-11 13:35:00,Repeat customer
12727,7,3980.7,2011-01-23 15:17:00,2011-11-29 11:46:00,Repeat customer
12728,4,836.33,2011-01-11 13:31:00,2011-09-29 15:31:00,Repeat customer
12729,1,453.01,2011-08-18 11:40:00,2011-08-18 11:40:00,One-time customer
12731,12,18895.91,2010-12-10 10:56:00,2011-11-16 11:59:00,Repeat customer
12732,1,236.26000000000002,2011-06-13 11:33:00,2011-06-13 11:33:00,One-time customer
12733,1,383.95,2011-04-19 16:19:00,2011-04-19 16:19:00,One-time customer
12734,1,110.39999999999999,2010-12-22 12:47:00,2010-12-22 12:47:00,One-time customer
12735,2,779.5699999999999,2011-01-06 14:26:00,2011-01-28 13:37:00,Repeat customer
12736,1,234.0,2011-01-11 07:57:00,2011-01-11 07:57:00,One-time customer
12738,1,155.35,2010-12-02 18:27:00,2010-12-02 18:27:00,One-time customer
12739,2,1013.04,2011-09-01 17:45:00,2011-09-22 13:00:00,Repeat customer
12740,1,427.6,2011-10-07 10:44:00,2011-10-07 10:44:00,One-time customer
12743,2,546.43,2011-07-28 16:06:00,2011-07-28 16:21:00,Repeat customer
12744,7,21279.29,2011-01-25 13:26:00,2011-10-19 11:18:00,Repeat customer
12747,11,4196.01,2010-12-05 15:38:00,2011-12-07 14:34:00,Repeat customer
12748,209,33719.73,2010-12-01 12:48:00,2011-12-09 12:20:00,Repeat customer
12749,5,4090.88,2011-05-10 15:25:00,2011-12-06 09:56:00,Repeat customer
12750,1,275.88,2011-08-03 09:13:00,2011-08-03 09:13:00,One-time customer
12752,1,4366.78,2011-09-19 13:32:00,2011-09-19 13:32:00,One-time customer
12753,6,21429.39,2010-12-12 11:44:00,2011-11-17 10:52:00,Repeat customer
12754,3,3010.74,2011-02-04 10:31:00,2011-04-18 09:00:00,Repeat customer
12755,2,3811.95,2010-12-09 10:44:00,2011-03-04 12:42:00,Repeat customer
12756,1,112.07999999999998,2011-09-14 09:31:00,2011-09-14 09:31:00,One-time customer
12757,13,7857.1,2011-05-12 19:01:00,2011-11-24 12:30:00,Repeat customer
12758,2,2791.59,2011-03-08 12:05:00,2011-08-15 10:22:00,Repeat customer
12759,3,1531.44,2011-03-09 08:09:00,2011-10-18 14:49:00,Repeat customer
12762,2,1898.52,2011-11-14 14:23:00,2011-12-02 10:23:00,Repeat customer
12763,2,494.08,2010-12-05 15:46:00,2011-07-24 14:12:00,Repeat customer
12764,1,1693.88,2011-01-27 10:19:00,2011-01-27 10:19:00,One-time customer
12766,7,6989.63,2010-12-08 13:53:00,2011-12-06 08:46:00,Repeat customer
12769,1,1143.6,2011-04-15 10:25:00,2011-04-15 10:25:00,One-time customer
12770,1,1351.45,2011-05-13 09:33:00,2011-05-13 09:33:00,One-time customer
12772,1,892.47,2011-10-11 09:19:00,2011-10-11 09:19:00,One-time customer
12775,5,1386.04,2011-02-01 13:45:00,2011-11-22 16:33:00,Repeat customer
12778,6,822.23,2011-01-31 14:35:00,2011-11-20 11:30:00,Repeat customer
12779,8,3981.36,2010-12-03 13:40:00,2011-11-02 11:43:00,Repeat customer
12781,2,826.74,2011-02-28 08:43:00,2011-10-07 10:37:00,Repeat customer
12782,5,2330.92,2010-12-17 11:30:00,2011-12-05 09:16:00,Repeat customer
12783,6,2225.91,2011-09-25 15:35:00,2011-12-07 15:56:00,Repeat customer
12784,2,574.42,2011-11-24 12:53:00,2011-11-30 15:38:00,Repeat customer
12785,1,311.95,2010-12-10 13:48:00,2010-12-10 13:48:00,One-time customer
12787,3,463.66,2011-05-31 09:36:00,2011-11-30 08:44:00,Repeat customer
12789,1,91.85,2011-10-05 13:34:00,2011-10-05 13:34:00,One-time customer
12790,1,324.92,2011-05-31 14:14:00,2011-05-31 14:14:00,One-time customer
12791,1,192.60000000000002,2010-12-01 11:27:00,2010-12-01 11:27:00,One-time customer
12792,1,400.53999999999996,2011-03-28 11:36:00,2011-03-28 11:36:00,One-time customer
12793,2,545.48,2010-12-03 15:14:00,2011-01-09 12:12:00,Repeat customer
12794,2,860.41,2011-09-02 12:01:00,2011-10-17 14:54:00,Repeat customer
12795,1,430.48,2011-11-21 10:27:00,2011-11-21 10:27:00,One-time customer
12797,1,254.03,2010-12-09 10:55:00,2010-12-09 10:55:00,One-time customer
12798,3,6977.04,2011-06-22 10:11:00,2011-11-29 15:52:00,Repeat customer
12802,1,427.58,2011-06-06 09:36:00,2011-06-06 09:36:00,One-time customer
12808,3,483.65000000000003,2010-12-06 10:27:00,2011-11-03 10:05:00,Repeat customer
12809,1,489.31,2011-06-15 10:51:00,2011-06-15 10:51:00,One-time customer
12811,3,514.85,2011-02-28 15:39:00,2011-03-24 09:42:00,Repeat customer
12812,1,229.64000000000001,2011-10-26 09:54:00,2011-10-26 09:54:00,One-time customer
12814,1,125.92,2011-08-30 12:11:00,2011-08-30 12:11:00,One-time customer
12815,2,1063.46,2011-05-25 13:34:00,2011-07-15 10:21:00,Repeat customer
12816,2,572.2,2011-06-16 13:24:00,2011-09-05 12:41:00,Repeat customer
12817,1,166.04,2011-03-03 16:28:00,2011-03-03 16:28:00,One-time customer
12818,1,1542.08,2011-03-23 12:06:00,2011-03-23 12:06:00,One-time customer
12820,4,942.34,2011-01-17 12:34:00,2011-12-06 15:12:00,Repeat customer
12821,1,92.72,2011-05-09 15:51:00,2011-05-09 15:51:00,One-time customer
12822,2,948.88,2011-09-13 13:46:00,2011-09-30 10:04:00,Repeat customer
12823,5,1759.5,2011-02-16 12:15:00,2011-09-26 07:35:00,Repeat customer
12824,1,397.12,2011-10-11 12:49:00,2011-10-11 12:49:00,One-time customer
12826,7,1474.72,2010-12-09 15:21:00,2011-12-07 10:25:00,Repeat customer
12827,3,430.15000000000003,2011-10-26 15:44:00,2011-12-04 12:17:00,Repeat customer
12828,6,1018.71,2011-08-01 16:16:00,2011-12-07 08:45:00,Repeat customer
12829,2,293.0,2010-12-14 14:54:00,2011-01-07 11:13:00,Repeat customer
12830,6,6814.64,2011-06-21 10:53:00,2011-11-02 11:54:00,Repeat customer
12831,1,215.05,2011-03-22 13:02:00,2011-03-22 13:02:00,One-time customer
12832,2,383.03,2011-09-02 13:48:00,2011-11-07 13:30:00,Repeat customer
12833,1,417.38,2011-07-17 13:46:00,2011-07-17 13:46:00,One-time customer
12834,1,312.38,2011-03-02 09:49:00,2011-03-02 09:49:00,One-time customer
12836,4,2612.86,2011-02-01 11:19:00,2011-10-11 15:10:00,Repeat customer
12837,1,134.1,2011-06-19 16:07:00,2011-06-19 16:07:00,One-time customer
12838,2,683.13,2010-12-01 11:57:00,2011-11-06 12:20:00,Repeat customer
12839,14,5591.42,2010-12-07 15:48:00,2011-12-07 12:33:00,Repeat customer
12840,4,2726.77,2011-04-27 12:21:00,2011-07-19 09:29:00,Repeat customer
12841,25,4022.35,2010-12-03 10:43:00,2011-12-05 11:13:00,Repeat customer
12842,2,1118.99,2011-02-04 12:36:00,2011-09-30 15:33:00,Repeat customer
12843,8,1702.26,2011-03-20 14:38:00,2011-10-05 12:09:00,Repeat customer
12844,2,325.96000000000004,2011-08-01 13:11:00,2011-11-10 13:31:00,Repeat customer
12845,4,354.09,2011-02-22 14:10:00,2011-03-17 13:34:00,Repeat customer
12847,1,871.54,2011-11-17 13:16:00,2011-11-17 13:16:00,One-time customer
12849,2,1050.8899999999999,2011-03-16 12:26:00,2011-11-08 13:41:00,Repeat customer
12851,1,135.18,2011-09-04 12:41:00,2011-09-04 12:41:00,One-time customer
12852,1,311.55,2011-02-18 08:47:00,2011-02-18 08:47:00,One-time customer
12853,6,1957.1000000000001,2011-01-28 10:28:00,2011-07-28 11:29:00,Repeat customer
12854,3,1324.5,2011-01-25 13:35:00,2011-09-22 12:15:00,Repeat customer
12855,1,38.1,2010-12-02 09:37:00,2010-12-02 09:37:00,One-time customer
12856,6,2179.93,2011-10-07 12:38:00,2011-12-02 10:52:00,Repeat customer
12857,2,1106.4,2011-02-10 12:32:00,2011-05-13 10:20:00,Repeat customer
12863,1,521.2,2011-10-18 14:15:00,2011-10-18 14:15:00,One-time customer
12864,1,147.12,2011-07-24 13:03:00,2011-07-24 13:03:00,One-time customer
12865,2,1568.23,2011-08-08 10:11:00,2011-11-13 14:31:00,Repeat customer
12866,1,559.12,2011-03-01 14:11:00,2011-03-01 14:11:00,One-time customer
12867,7,4036.82,2010-12-14 16:39:00,2011-11-13 15:30:00,Repeat customer
12868,6,1607.0600000000002,2010-12-01 12:50:00,2011-06-07 10:42:00,Repeat customer
12871,2,380.64,2011-05-16 13:32:00,2011-09-16 15:07:00,Repeat customer
12872,2,599.97,2010-12-09 14:44:00,2011-01-17 10:52:00,Repeat customer
12873,1,374.0,2011-03-02 14:58:00,2011-03-02 14:58:00,One-time customer
12875,2,343.2300000000001,2010-12-12 12:03:00,2011-07-19 15:30:00,Repeat customer
12876,2,2218.02,2011-05-27 13:34:00,2011-10-13 12:26:00,Repeat customer
12877,12,1535.77,2010-12-16 12:23:00,2011-12-06 10:30:00,Repeat customer
12878,2,854.99,2011-03-18 14:02:00,2011-04-17 13:07:00,Repeat customer
12879,3,573.22,2011-09-09 12:11:00,2011-10-26 12:24:00,Repeat customer
12881,1,298.0,2011-03-09 11:44:00,2011-03-09 11:44:00,One-time customer
12882,2,1463.04,2011-11-06 11:22:00,2011-11-30 16:18:00,Repeat customer
12883,4,703.47,2011-09-11 15:18:00,2011-11-15 09:32:00,Repeat customer
12884,1,309.05,2011-09-12 13:10:00,2011-09-12 13:10:00,One-time customer
12885,3,1175.22,2011-08-08 11:45:00,2011-10-07 13:40:00,Repeat customer
12886,2,1378.4,2011-05-04 11:21:00,2011-10-03 10:09:00,Repeat customer
12888,2,354.12,2011-03-29 14:31:00,2011-05-09 16:02:00,Repeat customer
12890,1,380.46999999999997,2011-11-15 17:26:00,2011-11-15 17:26:00,One-time customer
12891,3,331.0,2011-02-20 11:28:00,2011-06-07 12:31:00,Repeat customer
12893,1,188.14,2011-11-09 12:34:00,2011-11-09 12:34:00,One-time customer
12895,2,372.8,2011-09-14 08:35:00,2011-10-28 13:51:00,Repeat customer
12897,2,216.5,2011-02-11 11:40:00,2011-05-19 12:13:00,Repeat customer
12901,28,17654.54,2011-03-14 10:41:00,2011-12-01 10:07:00,Repeat customer
12902,1,138.68,2011-03-20 12:06:00,2011-03-20 12:06:00,One-time customer
12904,2,509.58,2011-06-20 13:18:00,2011-11-21 14:34:00,Repeat customer
12906,5,2919.81,2011-09-22 15:03:00,2011-11-28 09:55:00,Repeat customer
12908,2,750.0,2011-01-31 12:37:00,2011-06-16 15:39:00,Repeat customer
12909,5,2178.67,2011-03-31 12:51:00,2011-10-31 12:43:00,Repeat customer
12910,8,3075.04,2011-04-12 10:01:00,2011-11-16 14:28:00,Repeat customer
12912,5,1662.3,2011-10-30 11:35:00,2011-12-07 08:55:00,Repeat customer
12913,5,2483.63,2010-12-06 16:36:00,2011-12-05 12:11:00,Repeat customer
12915,2,363.65,2010-12-02 12:33:00,2011-07-14 11:34:00,Repeat customer
12916,4,3006.15,2011-01-23 10:43:00,2011-07-24 10:35:00,Repeat customer
12917,1,594.0,2011-08-03 16:42:00,2011-08-03 16:42:00,One-time customer
12919,6,1335.19,2011-06-23 09:22:00,2011-12-01 13:47:00,Repeat customer
12920,1,164.23,2011-11-22 15:05:00,2011-11-22 15:05:00,One-time customer
12921,37,16587.09,2010-12-01 15:06:00,2011-11-30 16:22:00,Repeat customer
12922,1,405.38,2011-07-01 15:35:00,2011-07-01 15:35:00,One-time customer
12923,1,176.97,2011-10-06 16:20:00,2011-10-06 16:20:00,One-time customer
12924,4,933.7,2011-01-16 11:49:00,2011-09-12 13:55:00,Repeat customer
12925,2,694.05,2011-09-26 11:05:00,2011-12-05 11:11:00,Repeat customer
12928,5,2062.7000000000003,2010-12-15 15:45:00,2011-11-04 14:24:00,Repeat customer
12929,1,117.85,2011-02-01 12:08:00,2011-02-01 12:08:00,One-time customer
12930,2,415.8,2011-06-21 13:25:00,2011-09-22 15:18:00,Repeat customer
12931,15,42055.96,2010-12-17 09:45:00,2011-11-18 12:39:00,Repeat customer
12933,3,607.53,2011-03-01 11:30:00,2011-11-15 16:38:00,Repeat customer
12935,7,2160.7,2011-01-24 13:58:00,2011-12-07 17:25:00,Repeat customer
12936,4,1063.9,2011-09-22 13:51:00,2011-11-22 17:32:00,Repeat customer
12937,4,1504.27,2011-03-17 14:19:00,2011-11-24 15:05:00,Repeat customer
12938,1,114.14,2011-11-14 11:21:00,2011-11-14 11:21:00,One-time customer
12939,8,11581.8,2011-01-09 11:20:00,2011-10-06 14:33:00,Repeat customer
12940,2,913.54,2011-09-13 10:16:00,2011-10-16 12:09:00,Repeat customer
12942,3,683.9,2010-12-09 09:34:00,2011-07-31 14:39:00,Repeat customer
12944,2,604.51,2010-12-20 10:41:00,2011-11-04 11:04:00,Repeat customer
12945,1,462.95,2011-02-24 14:15:00,2011-02-24 14:15:00,One-time customer
12947,6,1603.99,2010-12-01 16:21:00,2011-07-19 10:06:00,Repeat customer
12948,7,2064.95,2011-03-20 10:17:00,2011-11-23 17:10:00,Repeat customer
12949,8,4167.22,2011-04-01 13:20:00,2011-11-09 11:25:00,Repeat customer
12950,3,1843.0,2011-11-15 13:48:00,2011-12-07 13:17:00,Repeat customer
12951,6,1064.07,2011-01-13 10:33:00,2011-12-01 12:14:00,Repeat customer
12952,4,1387.79,2011-09-22 16:37:00,2011-12-04 10:35:00,Repeat customer
12953,1,329.85,2011-11-30 09:24:00,2011-11-30 09:24:00,One-time customer
12955,11,4757.16,2011-03-17 09:03:00,2011-12-08 16:29:00,Repeat customer
12956,1,108.07,2011-02-06 16:08:00,2011-02-06 16:08:00,One-time customer
12957,8,4017.54,2011-01-04 12:18:00,2011-11-30 09:53:00,Repeat customer
12962,2,266.39,2011-08-18 13:38:00,2011-12-02 15:55:00,Repeat customer
12963,8,1856.63,2010-12-09 09:14:00,2011-12-01 12:55:00,Repeat customer
12965,1,771.91,2011-09-11 15:31:00,2011-09-11 15:31:00,One-time customer
12966,1,160.18,2011-11-30 12:38:00,2011-11-30 12:38:00,One-time customer
12967,2,1660.9,2010-12-03 09:49:00,2010-12-16 19:10:00,Repeat customer
12968,1,135.95,2011-08-19 15:44:00,2011-08-19 15:44:00,One-time customer
12970,4,452.24,2011-01-21 14:04:00,2011-12-02 14:30:00,Repeat customer
12971,86,11189.91,2010-12-02 16:42:00,2011-12-06 12:20:00,Repeat customer
12974,1,144.8,2011-05-26 09:33:00,2011-05-26 09:33:00,One-time customer
12976,1,738.6,2011-05-12 09:55:00,2011-05-12 09:55:00,One-time customer
12977,1,39.239999999999995,2011-07-06 16:40:00,2011-07-06 16:40:00,One-time customer
12980,9,7374.900000000001,2010-12-16 11:36:00,2011-07-05 09:34:00,Repeat customer
12981,2,372.21999999999997,2011-07-29 14:14:00,2011-11-10 12:00:00,Repeat customer
12982,1,390.54,2011-04-11 11:51:00,2011-04-11 11:51:00,One-time customer
12984,1,97.5,2011-11-21 12:37:00,2011-11-21 12:37:00,One-time customer
12985,2,1239.38,2011-11-11 12:44:00,2011-12-09 10:46:00,Repeat customer
12987,2,558.7,2011-05-26 12:00:00,2011-09-27 12:03:00,Repeat customer
12988,1,535.32,2011-02-20 14:31:00,2011-02-20 14:31:00,One-time customer
12989,15,6924.110000000001,2010-12-10 13:24:00,2011-12-06 15:28:00,Repeat customer
12990,3,409.5,2011-02-02 15:39:00,2011-11-08 13:01:00,Repeat customer
12991,2,503.76,2011-08-19 14:39:00,2011-11-16 15:34:00,Repeat customer
12993,4,414.76,2011-02-14 14:29:00,2011-11-16 15:49:00,Repeat customer
12994,3,974.4200000000001,2011-03-16 08:31:00,2011-12-05 15:43:00,Repeat customer
12995,1,211.32,2011-09-15 15:44:00,2011-09-15 15:44:00,One-time customer
12997,4,1226.89,2011-01-26 15:49:00,2011-11-17 15:47:00,Repeat customer
12999,3,455.88,2011-04-08 10:26:00,2011-05-27 13:24:00,Repeat customer
13000,3,534.85,2010-12-10 10:26:00,2011-08-25 10:43:00,Repeat customer
13001,13,9818.82,2011-01-17 12:45:00,2011-12-05 14:51:00,Repeat customer
13002,1,120.94999999999999,2011-01-25 15:18:00,2011-01-25 15:18:00,One-time customer
13003,3,149.05,2011-05-09 08:23:00,2011-08-26 10:50:00,Repeat customer
13004,18,5655.91,2010-12-17 08:20:00,2011-11-28 11:27:00,Repeat customer
13005,2,513.7,2011-04-07 13:32:00,2011-06-19 10:53:00,Repeat customer
13006,1,81.57,2011-10-14 13:49:00,2011-10-14 13:49:00,One-time customer
13008,1,229.46999999999997,2011-01-20 14:24:00,2011-01-20 14:24:00,One-time customer
13011,1,50.550000000000004,2010-12-02 17:22:00,2010-12-02 17:22:00,One-time customer
13012,8,1661.8400000000001,2011-02-18 09:43:00,2011-11-30 13:05:00,Repeat customer
13013,13,4810.9400000000005,2010-12-03 12:28:00,2011-12-08 15:01:00,Repeat customer
13014,10,3466.2799999999997,2011-03-03 18:28:00,2011-11-29 12:27:00,Repeat customer
13015,5,3346.28,2011-04-04 14:28:00,2011-10-17 13:19:00,Repeat customer
13016,3,789.89,2011-08-08 15:00:00,2011-09-27 14:08:00,Repeat customer
13017,1,204.0,2011-12-02 15:53:00,2011-12-02 15:53:00,One-time customer
13018,28,7277.7,2011-02-17 11:05:00,2011-11-23 13:28:00,Repeat customer
13021,9,2616.38,2010-12-16 10:12:00,2011-12-05 16:37:00,Repeat customer
13023,2,689.9,2011-08-02 09:34:00,2011-10-06 16:27:00,Repeat customer
13026,5,975.36,2011-03-09 11:35:00,2011-12-08 16:58:00,Repeat customer
13027,6,6912.0,2010-12-20 12:45:00,2011-08-18 09:39:00,Repeat customer
13028,2,661.3199999999999,2011-10-25 14:09:00,2011-11-17 11:10:00,Repeat customer
13029,3,1247.5,2010-12-21 13:53:00,2011-11-09 09:13:00,Repeat customer
13030,2,799.48,2010-12-06 14:31:00,2011-11-28 14:30:00,Repeat customer
13032,2,1010.18,2011-09-13 16:40:00,2011-10-18 15:54:00,Repeat customer
13033,1,190.55,2010-12-17 14:23:00,2010-12-17 14:23:00,One-time customer
13034,2,642.77,2010-12-05 14:52:00,2011-10-16 12:21:00,Repeat customer
13035,2,921.88,2011-03-24 09:21:00,2011-09-27 08:57:00,Repeat customer
13037,3,881.07,2011-03-28 15:42:00,2011-07-24 15:46:00,Repeat customer
13038,3,908.46,2011-02-22 11:43:00,2011-09-20 14:37:00,Repeat customer
13040,2,676.99,2011-11-06 13:53:00,2011-12-01 10:38:00,Repeat customer
13043,1,516.42,2011-03-11 14:52:00,2011-03-11 14:52:00,One-time customer
13044,1,560.47,2011-02-21 15:20:00,2011-02-21 15:20:00,One-time customer
13045,1,305.28000000000003,2011-09-01 15:04:00,2011-09-01 15:04:00,One-time customer
13046,2,629.31,2011-03-18 15:43:00,2011-11-09 08:36:00,Repeat customer
13047,10,3237.54,2010-12-01 08:34:00,2011-11-08 12:06:00,Repeat customer
13048,4,1835.91,2011-01-16 14:36:00,2011-11-25 13:23:00,Repeat customer
13049,2,656.6800000000001,2011-01-25 16:33:00,2011-10-06 15:31:00,Repeat customer
13050,17,5836.86,2010-12-08 09:30:00,2011-11-25 09:18:00,Repeat customer
13052,1,348.15000000000003,2011-05-11 14:12:00,2011-05-11 14:12:00,One-time customer
13055,3,1214.41,2011-05-10 08:58:00,2011-09-22 14:26:00,Repeat customer
13058,3,271.40000000000003,2011-07-11 12:01:00,2011-11-15 12:43:00,Repeat customer
13059,1,183.4,2011-04-04 10:40:00,2011-04-04 10:40:00,One-time customer
13060,1,307.53,2011-03-31 11:37:00,2011-03-31 11:37:00,One-time customer
13061,1,248.61,2011-09-28 16:04:00,2011-09-28 16:04:00,One-time customer
13062,1,346.98,2011-06-01 15:12:00,2011-06-01 15:12:00,One-time customer
13064,4,1119.49,2011-01-16 13:41:00,2011-11-27 12:31:00,Repeat customer
13065,1,205.86,2010-12-01 16:52:00,2010-12-01 16:52:00,One-time customer
13066,2,470.8,2011-11-07 17:06:00,2011-11-15 12:57:00,Repeat customer
13067,1,115.46000000000001,2011-09-18 13:38:00,2011-09-18 13:38:00,One-time customer
13068,2,344.0,2011-01-24 08:20:00,2011-11-29 15:00:00,Repeat customer
13069,24,4436.12,2010-12-05 11:02:00,2011-12-09 08:39:00,Repeat customer
13070,1,228.8,2011-05-31 13:45:00,2011-05-31 13:45:00,One-time customer
13072,1,177.15,2011-03-18 08:12:00,2011-03-18 08:12:00,One-time customer
13075,1,919.61,2011-08-02 10:19:00,2011-08-02 10:19:00,One-time customer
13077,4,729.27,2010-12-08 14:59:00,2011-12-08 19:24:00,Repeat customer
13078,26,12627.94,2010-12-08 09:07:00,2011-12-06 15:36:00,Repeat customer
13079,5,220.10000000000002,2011-07-22 14:41:00,2011-12-05 16:53:00,Repeat customer
13080,1,58.08,2011-06-13 14:59:00,2011-06-13 14:59:00,One-time customer
13081,11,28337.38,2010-12-03 17:20:00,2011-11-28 10:54:00,Repeat customer
13082,9,3613.63,2011-01-05 15:42:00,2011-08-05 16:16:00,Repeat customer
13083,2,303.75,2011-09-25 10:46:00,2011-12-05 15:01:00,Repeat customer
13085,2,416.08000000000004,2011-02-17 13:57:00,2011-07-05 12:11:00,Repeat customer
13089,97,58825.83,2010-12-05 10:27:00,2011-12-07 09:02:00,Repeat customer
13090,14,8910.82,2010-12-02 07:48:00,2011-12-01 12:39:00,Repeat customer
13091,1,345.82,2011-11-11 15:54:00,2011-11-11 15:54:00,One-time customer
13092,5,477.83,2010-12-15 12:27:00,2011-09-30 11:18:00,Repeat customer
13093,8,7832.47,2010-12-01 15:00:00,2011-03-09 12:14:00,Repeat customer
13094,12,1927.3200000000002,2010-12-06 10:34:00,2011-11-18 14:07:00,Repeat customer
13095,1,74.39999999999999,2011-09-30 12:03:00,2011-09-30 12:03:00,One-time customer
13097,10,6010.42,2010-12-14 15:13:00,2011-11-07 10:43:00,Repeat customer
13098,28,28882.44,2011-01-26 13:46:00,2011-12-08 14:14:00,Repeat customer
13099,1,207.35999999999999,2011-09-01 17:40:00,2011-09-01 17:40:00,One-time customer
13101,1,101.19,2011-04-19 14:37:00,2011-04-19 14:37:00,One-time customer
13102,24,6424.09,2010-12-09 13:38:00,2011-12-08 12:52:00,Repeat customer
13103,1,243.94,2011-10-31 09:38:00,2011-10-31 09:38:00,One-time customer
13104,6,1098.48,2010-12-20 11:58:00,2011-12-06 13:10:00,Repeat customer
13106,1,76.5,2011-07-29 15:12:00,2011-07-29 15:12:00,One-time customer
13107,4,1531.6200000000001,2011-01-10 12:28:00,2011-10-26 14:52:00,Repeat customer
13108,1,350.06,2010-12-02 10:35:00,2010-12-02 10:35:00,One-time customer
13109,2,786.54,2011-07-05 14:56:00,2011-10-11 10:16:00,Repeat customer
13110,7,1488.67,2011-02-01 15:24:00,2011-11-08 14:30:00,Repeat customer
13113,24,12245.960000000001,2010-12-08 13:21:00,2011-12-09 12:49:00,Repeat customer
13115,4,2294.78,2011-06-08 16:15:00,2011-11-28 12:38:00,Repeat customer
13116,1,501.14,2011-07-24 14:33:00,2011-07-24 14:33:00,One-time customer
13117,8,984.91,2010-12-02 13:11:00,2011-11-18 12:02:00,Repeat customer
13118,5,1197.81,2011-02-24 12:32:00,2011-11-20 12:46:00,Repeat customer
13120,1,30.599999999999998,2011-04-15 10:19:00,2011-04-15 10:19:00,One-time customer
13121,1,283.73,2011-03-15 16:47:00,2011-03-15 16:47:00,One-time customer
13122,2,922.39,2011-04-13 14:12:00,2011-09-06 15:53:00,Repeat customer
13124,3,3866.33,2010-12-15 15:00:00,2011-09-11 12:45:00,Repeat customer
13126,8,2099.64,2010-12-08 11:42:00,2011-12-05 10:00:00,Repeat customer
13127,1,259.17,2011-09-23 10:26:00,2011-09-23 10:26:00,One-time customer
13130,1,64.0,2011-09-06 15:30:00,2011-09-06 15:30:00,One-time customer
13131,3,1073.3,2011-06-05 10:54:00,2011-11-16 13:21:00,Repeat customer
13132,1,77.3,2011-03-23 12:44:00,2011-03-23 12:44:00,One-time customer
13133,2,109.8,2011-02-08 15:48:00,2011-03-11 10:31:00,Repeat customer
13134,4,1793.58,2011-04-13 12:57:00,2011-09-15 10:35:00,Repeat customer
13135,1,3096.0,2011-05-27 10:52:00,2011-05-27 10:52:00,One-time customer
13136,5,2607.61,2011-05-11 12:47:00,2011-10-14 13:41:00,Repeat customer
13137,8,3650.41,2011-02-04 11:54:00,2011-11-29 12:09:00,Repeat customer
13138,6,962.39,2010-12-02 15:03:00,2011-11-17 16:51:00,Repeat customer
13139,7,5064.94,2011-03-25 11:57:00,2011-11-23 13:54:00,Repeat customer
13140,3,423.72,2010-12-08 15:12:00,2011-08-23 15:33:00,Repeat customer
13141,5,2388.75,2011-01-28 13:04:00,2011-09-16 09:54:00,Repeat customer
13142,1,307.09,2011-11-20 16:07:00,2011-11-20 16:07:00,One-time customer
13144,1,110.95,2011-01-11 11:15:00,2011-01-11 11:15:00,One-time customer
13145,4,618.52,2010-12-02 18:06:00,2011-10-31 12:45:00,Repeat customer
13146,1,228.91,2011-11-13 15:29:00,2011-11-13 15:29:00,One-time customer
13147,4,712.8000000000001,2011-09-01 12:28:00,2011-11-29 13:59:00,Repeat customer
13148,12,3707.12,2010-12-10 13:06:00,2011-11-10 15:23:00,Repeat customer
13149,4,1676.06,2011-02-23 13:57:00,2011-11-25 13:09:00,Repeat customer
13151,1,1257.8700000000001,2011-02-17 12:29:00,2011-02-17 12:29:00,One-time customer
13153,1,486.22,2011-12-04 12:14:00,2011-12-04 12:14:00,One-time customer
13155,4,971.76,2010-12-06 12:44:00,2011-11-06 15:41:00,Repeat customer
13157,4,1741.22,2011-02-14 14:03:00,2011-10-21 13:50:00,Repeat customer
13158,4,1201.06,2011-01-25 09:58:00,2011-09-06 11:58:00,Repeat customer
13159,4,1437.85,2011-08-16 11:44:00,2011-12-01 11:20:00,Repeat customer
13160,1,91.8,2011-11-17 13:07:00,2011-11-17 13:07:00,One-time customer
13161,1,112.75,2011-01-30 14:03:00,2011-01-30 14:03:00,One-time customer
13162,4,1688.29,2011-01-09 10:43:00,2011-08-09 15:59:00,Repeat customer
13165,2,1021.48,2010-12-23 14:06:00,2011-10-24 15:05:00,Repeat customer
13166,1,417.2,2011-03-01 15:16:00,2011-03-01 15:16:00,One-time customer
13167,4,791.33,2011-07-19 12:13:00,2011-11-21 12:24:00,Repeat customer
13168,4,1319.19,2011-01-25 13:55:00,2011-11-03 12:56:00,Repeat customer
13169,2,712.88,2011-04-01 14:24:00,2011-10-07 12:11:00,Repeat customer
13170,1,116.00999999999999,2011-11-13 12:19:00,2011-11-13 12:19:00,One-time customer
13171,3,468.41,2011-02-13 14:16:00,2011-11-18 10:27:00,Repeat customer
13173,2,353.65,2010-12-07 14:30:00,2011-12-05 15:51:00,Repeat customer
13174,3,2817.03,2010-12-05 16:24:00,2011-11-23 14:35:00,Repeat customer
13176,1,492.84,2011-10-24 15:43:00,2011-10-24 15:43:00,One-time customer
13177,1,282.45,2011-10-06 09:56:00,2011-10-06 09:56:00,One-time customer
13178,11,5725.47,2010-12-14 12:22:00,2011-11-13 16:14:00,Repeat customer
13182,1,121.18,2011-10-25 13:46:00,2011-10-25 13:46:00,One-time customer
13183,9,3957.78,2011-01-09 10:50:00,2011-12-02 10:30:00,Repeat customer
13184,10,1701.29,2011-02-22 17:25:00,2011-11-25 12:02:00,Repeat customer
13185,1,71.4,2011-03-17 11:56:00,2011-03-17 11:56:00,One-time customer
13186,3,1575.89,2011-08-03 09:09:00,2011-10-31 11:40:00,Repeat customer
13187,1,236.02,2011-01-06 18:57:00,2011-01-06 18:57:00,One-time customer
13188,1,114.60000000000001,2011-11-28 15:28:00,2011-11-28 15:28:00,One-time customer
13189,2,260.68,2011-08-16 13:12:00,2011-11-21 10:39:00,Repeat customer
13192,2,911.94,2011-05-18 14:57:00,2011-09-05 14:13:00,Repeat customer
13193,1,117.88,2011-10-09 14:30:00,2011-10-09 14:30:00,One-time customer
13194,1,60.7,2011-07-27 09:01:00,2011-07-27 09:01:00,One-time customer
13196,4,1797.78,2011-03-22 14:24:00,2011-11-28 13:54:00,Repeat customer
13198,6,3401.2400000000002,2010-12-13 09:29:00,2011-11-29 15:17:00,Repeat customer
13199,38,9817.12,2010-12-08 10:51:00,2011-12-06 12:30:00,Repeat customer
13200,4,870.09,2011-08-05 14:50:00,2011-11-20 15:35:00,Repeat customer
13203,4,869.46,2011-04-11 14:40:00,2011-11-30 10:45:00,Repeat customer
13207,2,250.26000000000002,2011-07-12 11:35:00,2011-11-24 14:52:00,Repeat customer
13208,6,1223.9,2011-02-03 19:32:00,2011-10-12 09:54:00,Repeat customer
13209,8,5891.61,2010-12-13 10:31:00,2011-11-09 13:54:00,Repeat customer
13210,1,353.48,2011-09-07 08:18:00,2011-09-07 08:18:00,One-time customer
13211,3,1197.42,2010-12-13 16:17:00,2011-11-29 14:43:00,Repeat customer
13212,3,788.08,2011-10-09 14:48:00,2011-11-20 12:40:00,Repeat customer
13213,5,1520.58,2011-05-24 12:22:00,2011-10-14 11:42:00,Repeat customer
13216,1,333.74,2011-03-17 12:18:00,2011-03-17 12:18:00,One-time customer
13217,3,533.98,2011-07-06 12:08:00,2011-08-09 15:32:00,Repeat customer
13218,1,62.63999999999999,2011-08-04 16:59:00,2011-08-04 16:59:00,One-time customer
13220,4,819.2900000000001,2011-04-17 10:59:00,2011-09-22 13:38:00,Repeat customer
13221,2,847.41,2010-12-15 13:24:00,2011-04-13 16:58:00,Repeat customer
13223,2,163.20000000000002,2011-04-21 15:16:00,2011-05-23 13:03:00,Repeat customer
13224,2,2155.95,2011-07-11 14:10:00,2011-10-10 14:55:00,Repeat customer
13225,7,6463.84,2010-12-13 09:49:00,2011-12-06 13:29:00,Repeat customer
13226,1,108.21000000000001,2011-03-11 14:35:00,2011-03-11 14:35:00,One-time customer
13227,1,257.7,2011-05-22 11:47:00,2011-05-22 11:47:00,One-time customer
13228,1,358.0,2011-09-19 14:28:00,2011-09-19 14:28:00,One-time customer
13229,1,160.95,2011-04-28 12:07:00,2011-04-28 12:07:00,One-time customer
13230,14,2806.97,2010-12-09 19:28:00,2011-12-05 16:03:00,Repeat customer
13232,7,1357.6,2011-04-10 13:48:00,2011-11-27 10:39:00,Repeat customer
13233,2,605.12,2011-01-07 14:49:00,2011-09-26 13:25:00,Repeat customer
13235,1,1031.07,2011-05-11 17:13:00,2011-05-11 17:13:00,One-time customer
13236,2,744.85,2011-08-25 08:58:00,2011-11-15 12:50:00,Repeat customer
13238,4,700.73,2010-12-14 14:37:00,2011-11-22 15:37:00,Repeat customer
13239,1,329.56,2011-03-23 10:25:00,2011-03-23 10:25:00,One-time customer
13240,4,663.65,2010-12-09 12:49:00,2011-09-04 14:08:00,Repeat customer
13242,3,270.40000000000003,2011-05-10 12:26:00,2011-08-19 12:53:00,Repeat customer
13243,1,600.07,2011-05-20 13:14:00,2011-05-20 13:14:00,One-time customer
13244,1,121.74000000000001,2011-09-08 11:46:00,2011-09-08 11:46:00,One-time customer
13245,1,430.5,2011-10-20 11:40:00,2011-10-20 11:40:00,One-time customer
13246,6,1987.3,2011-01-13 13:36:00,2011-11-21 16:50:00,Repeat customer
13247,4,501.12,2011-09-18 11:31:00,2011-11-22 10:59:00,Repeat customer
13248,2,465.68,2011-06-03 13:05:00,2011-08-07 12:40:00,Repeat customer
13249,3,711.41,2011-03-23 15:26:00,2011-09-08 13:26:00,Repeat customer
13253,2,1030.4,2011-01-04 15:43:00,2011-07-06 10:09:00,Repeat customer
13255,2,399.51,2010-12-01 11:58:00,2011-11-30 13:14:00,Repeat customer
13258,3,698.58,2011-05-18 13:11:00,2011-11-28 09:31:00,Repeat customer
13259,1,292.32,2011-10-09 10:48:00,2011-10-09 10:48:00,One-time customer
13260,1,557.62,2011-10-09 13:21:00,2011-10-09 13:21:00,One-time customer
13261,2,944.1,2011-02-27 10:41:00,2011-03-16 12:22:00,Repeat customer
13262,1,200.29,2011-03-21 15:06:00,2011-03-21 15:06:00,One-time customer
13263,35,7454.07,2011-01-18 16:31:00,2011-12-08 13:59:00,Repeat customer
13265,5,2107.66,2011-03-11 09:54:00,2011-10-17 15:02:00,Repeat customer
13266,12,3834.2599999999998,2011-03-28 10:14:00,2011-11-28 14:39:00,Repeat customer
13267,19,4521.49,2010-12-08 09:20:00,2011-12-07 11:12:00,Repeat customer
13268,11,3214.69,2011-03-17 13:20:00,2011-11-22 11:51:00,Repeat customer
13269,15,5346.2300000000005,2010-12-05 11:51:00,2011-12-08 14:53:00,Repeat customer
13270,1,590.0,2010-12-08 14:53:00,2010-12-08 14:53:00,One-time customer
13271,1,217.38,2011-11-02 14:31:00,2011-11-02 14:31:00,One-time customer
13272,2,276.56,2011-09-11 12:06:00,2011-11-08 14:00:00,Repeat customer
13273,1,138.98,2011-08-18 14:02:00,2011-08-18 14:02:00,One-time customer
13276,2,590.9300000000001,2011-09-01 10:03:00,2011-10-07 12:44:00,Repeat customer
13277,4,258.4,2011-07-29 10:06:00,2011-11-24 09:21:00,Repeat customer
13278,1,542.73,2011-10-30 11:49:00,2011-10-30 11:49:00,One-time customer
13279,1,137.75,2011-09-22 17:24:00,2011-09-22 17:24:00,One-time customer
13280,3,814.86,2011-01-06 17:10:00,2011-08-09 13:14:00,Repeat customer
13282,3,1132.14,2011-05-03 12:03:00,2011-11-21 15:33:00,Repeat customer
13283,2,93.66,2011-06-07 12:39:00,2011-10-11 09:50:00,Repeat customer
13284,1,201.19,2011-01-13 09:23:00,2011-01-13 09:23:00,One-time customer
13285,4,2709.12,2011-02-22 17:13:00,2011-11-16 13:19:00,Repeat customer
13291,1,361.11,2011-07-07 10:36:00,2011-07-07 10:36:00,One-time customer
13292,2,578.9399999999999,2011-02-28 15:00:00,2011-11-01 10:04:00,Repeat customer
13294,2,873.74,2011-04-04 12:37:00,2011-06-03 08:54:00,Repeat customer
13295,1,201.20000000000002,2010-12-15 11:21:00,2010-12-15 11:21:00,One-time customer
13296,1,87.4,2011-07-25 13:46:00,2011-07-25 13:46:00,One-time customer
13297,4,2089.85,2011-10-03 15:08:00,2011-12-02 09:32:00,Repeat customer
13298,1,360.0,2011-12-08 13:11:00,2011-12-08 13:11:00,One-time customer
13299,1,142.5,2011-03-16 12:55:00,2011-03-16 12:55:00,One-time customer
13300,1,371.89,2011-06-23 13:09:00,2011-06-23 13:09:00,One-time customer
13301,4,618.09,2011-02-20 13:13:00,2011-08-28 11:25:00,Repeat customer
13302,1,63.75,2011-07-07 17:56:00,2011-07-07 17:56:00,One-time customer
13304,1,300.42,2010-12-23 14:35:00,2010-12-23 14:35:00,One-time customer
13305,10,2000.86,2010-12-02 12:10:00,2011-12-05 15:15:00,Repeat customer
13307,1,15.0,2011-08-11 17:14:00,2011-08-11 17:14:00,One-time customer
13308,3,1385.51,2011-05-20 13:13:00,2011-11-17 09:31:00,Repeat customer
13309,5,1456.79,2011-02-04 12:29:00,2011-12-02 16:34:00,Repeat customer
13310,3,1132.03,2011-01-19 14:50:00,2011-11-11 17:23:00,Repeat customer
13311,2,598.57,2011-07-12 14:26:00,2011-12-05 12:55:00,Repeat customer
13313,5,1555.32,2011-01-04 10:00:00,2011-11-17 16:48:00,Repeat customer
13314,3,775.94,2011-09-27 10:20:00,2011-12-08 12:29:00,Repeat customer
13316,4,5977.7300000000005,2011-03-30 13:01:00,2011-11-02 13:40:00,Repeat customer
13317,6,2273.68,2010-12-16 09:22:00,2011-10-04 13:35:00,Repeat customer
13318,3,640.76,2011-11-02 13:26:00,2011-12-08 18:51:00,Repeat customer
13319,26,10845.550000000001,2010-12-09 10:04:00,2011-12-04 13:34:00,Repeat customer
13320,4,1548.7,2011-05-10 10:29:00,2011-09-22 18:07:00,Repeat customer
13321,2,567.36,2011-09-14 15:18:00,2011-09-28 15:24:00,Repeat customer
13322,1,199.48000000000002,2011-11-22 14:21:00,2011-11-22 14:21:00,One-time customer
13323,5,787.85,2011-09-16 13:23:00,2011-12-06 17:12:00,Repeat customer
13324,10,7121.95,2010-12-14 09:50:00,2011-11-03 16:28:00,Repeat customer
13325,1,675.3,2011-09-19 10:36:00,2011-09-19 10:36:00,One-time customer
13327,8,3627.77,2010-12-09 15:32:00,2011-11-01 10:21:00,Repeat customer
13328,1,1308.48,2011-01-27 15:22:00,2011-01-27 15:22:00,One-time customer
13329,2,789.0,2010-12-08 10:11:00,2011-11-08 10:29:00,Repeat customer
13330,3,1140.93,2011-01-28 10:08:00,2011-09-08 12:27:00,Repeat customer
13332,1,350.9,2011-11-25 13:30:00,2011-11-25 13:30:00,One-time customer
13334,3,3536.82,2011-02-07 11:42:00,2011-09-18 15:21:00,Repeat customer
13336,1,795.12,2011-09-23 14:05:00,2011-09-23 14:05:00,One-time customer
13338,1,487.02,2011-07-05 09:06:00,2011-07-05 09:06:00,One-time customer
13339,1,860.12,2011-05-23 08:31:00,2011-05-23 08:31:00,One-time customer
13340,7,10736.48,2011-03-08 11:39:00,2011-10-25 13:15:00,Repeat customer
13341,1,775.85,2011-03-24 09:50:00,2011-03-24 09:50:00,One-time customer
13343,1,353.43,2011-06-15 12:24:00,2011-06-15 12:24:00,One-time customer
13344,3,2543.72,2011-03-07 10:28:00,2011-10-03 09:45:00,Repeat customer
13345,1,389.5,2011-02-25 09:01:00,2011-02-25 09:01:00,One-time customer
13347,1,341.36,2011-09-30 13:28:00,2011-09-30 13:28:00,One-time customer
13348,1,233.76,2011-10-06 17:28:00,2011-10-06 17:28:00,One-time customer
13349,1,247.32,2011-11-29 08:07:00,2011-11-29 08:07:00,One-time customer
13350,2,979.12,2011-09-21 13:33:00,2011-11-23 16:33:00,Repeat customer
13351,1,373.94,2011-10-04 12:55:00,2011-10-04 12:55:00,One-time customer
13352,1,397.97999999999996,2011-10-10 13:55:00,2011-10-10 13:55:00,One-time customer
13354,1,743.53,2011-09-29 13:17:00,2011-09-29 13:17:00,One-time customer
13355,1,674.7,2011-08-09 14:48:00,2011-08-09 14:48:00,One-time customer
13356,1,768.24,2011-09-20 14:33:00,2011-09-20 14:33:00,One-time customer
13357,1,609.95,2011-03-27 13:56:00,2011-03-27 13:56:00,One-time customer
13358,1,439.03,2011-03-16 11:52:00,2011-03-16 11:52:00,One-time customer
13359,1,439.56,2011-10-07 09:30:00,2011-10-07 09:30:00,One-time customer
13362,4,3090.7400000000002,2011-02-25 11:33:00,2011-11-30 14:41:00,Repeat customer
13363,2,992.5,2011-10-27 10:46:00,2011-11-22 12:40:00,Repeat customer
13364,1,134.95999999999998,2011-09-29 18:13:00,2011-09-29 18:13:00,One-time customer
13365,2,2225.37,2011-05-06 12:00:00,2011-11-06 12:36:00,Repeat customer
13366,1,56.160000000000004,2011-10-20 13:37:00,2011-10-20 13:37:00,One-time customer
13368,2,623.4,2011-01-06 12:32:00,2011-03-28 09:59:00,Repeat customer
13369,1,308.28000000000003,2010-12-09 11:30:00,2010-12-09 11:30:00,One-time customer
13370,1,754.87,2010-12-03 10:26:00,2010-12-03 10:26:00,One-time customer
13372,1,378.64,2011-09-11 12:46:00,2011-09-11 12:46:00,One-time customer
13373,3,3312.25,2011-03-08 14:35:00,2011-10-10 10:51:00,Repeat customer
13375,1,778.65,2011-09-12 10:19:00,2011-09-12 10:19:00,One-time customer
13376,3,1019.76,2011-04-19 13:03:00,2011-09-01 16:16:00,Repeat customer
13379,3,572.56,2011-07-26 12:26:00,2011-11-13 13:45:00,Repeat customer
13381,6,3639.31,2011-02-14 10:10:00,2011-11-08 11:58:00,Repeat customer
13382,1,222.99,2011-03-04 10:03:00,2011-03-04 10:03:00,One-time customer
13384,7,4151.93,2011-06-14 12:47:00,2011-11-09 11:04:00,Repeat customer
13385,1,534.57,2011-01-14 09:52:00,2011-01-14 09:52:00,One-time customer
13388,2,677.1,2011-07-31 12:52:00,2011-07-31 12:52:00,Repeat customer
13389,3,797.96,2011-04-21 12:12:00,2011-11-28 14:01:00,Repeat customer
13390,1,544.08,2011-09-26 08:38:00,2011-09-26 08:38:00,One-time customer
13391,1,59.8,2011-05-20 10:50:00,2011-05-20 10:50:00,One-time customer
13394,8,2520.02,2011-02-03 10:39:00,2011-12-08 11:36:00,Repeat customer
13395,1,307.72,2011-06-07 15:04:00,2011-06-07 15:04:00,One-time customer
13396,2,1360.99,2011-01-24 13:37:00,2011-11-10 16:59:00,Repeat customer
13397,5,1544.13,2011-01-04 13:50:00,2011-09-28 10:56:00,Repeat customer
13398,1,457.34,2011-05-31 13:17:00,2011-05-31 13:17:00,One-time customer
13402,2,621.23,2010-12-02 17:12:00,2011-08-04 15:51:00,Repeat customer
13403,1,75.0,2011-11-22 08:28:00,2011-11-22 08:28:00,One-time customer
13404,2,252.49,2011-05-11 11:57:00,2011-12-08 15:37:00,Repeat customer
13405,3,572.451,2011-01-26 09:27:00,2011-09-26 17:01:00,Repeat customer
13408,62,28117.04,2010-12-01 10:39:00,2011-12-08 09:05:00,Repeat customer
13410,5,1003.06,2011-02-21 14:38:00,2011-11-15 15:33:00,Repeat customer
13411,1,213.55,2011-08-24 13:57:00,2011-08-24 13:57:00,One-time customer
13414,3,1390.5,2011-02-16 12:13:00,2011-07-29 11:45:00,Repeat customer
13416,2,712.5,2011-09-19 14:43:00,2011-10-27 08:56:00,Repeat customer
13417,2,640.83,2011-05-18 16:26:00,2011-12-05 08:49:00,Repeat customer
13418,18,6127.43,2010-12-02 10:45:00,2011-11-28 10:23:00,Repeat customer
13419,1,221.06,2011-10-07 12:49:00,2011-10-07 12:49:00,One-time customer
13420,2,159.85,2011-06-22 11:35:00,2011-07-13 08:48:00,Repeat customer
13421,2,1851.08,2011-02-22 15:46:00,2011-10-30 14:21:00,Repeat customer
13422,1,2626.3,2011-10-06 13:42:00,2011-10-06 13:42:00,One-time customer
13425,3,1624.21,2011-02-18 08:34:00,2011-08-23 17:13:00,Repeat customer
13426,10,3641.32,2010-12-15 12:43:00,2011-12-09 08:59:00,Repeat customer
13427,3,582.6,2011-05-08 15:58:00,2011-11-20 13:02:00,Repeat customer
13428,1,218.47,2011-11-29 14:20:00,2011-11-29 14:20:00,One-time customer
13429,4,1006.8,2011-09-25 15:59:00,2011-11-29 09:10:00,Repeat customer
13430,2,679.45,2011-09-14 14:26:00,2011-11-21 08:19:00,Repeat customer
13431,2,1269.1,2011-09-12 11:25:00,2011-10-03 13:49:00,Repeat customer
13434,2,534.24,2011-09-04 10:35:00,2011-09-26 14:30:00,Repeat customer
13435,7,3809.8900000000003,2011-06-03 17:07:00,2011-12-04 14:45:00,Repeat customer
13436,1,196.89,2011-12-08 10:33:00,2011-12-08 10:33:00,One-time customer
13437,7,3408.06,2011-06-02 14:30:00,2011-11-25 14:00:00,Repeat customer
13439,1,283.71,2011-03-29 14:20:00,2011-03-29 14:20:00,One-time customer
13441,1,296.64,2011-09-09 09:38:00,2011-09-09 09:38:00,One-time customer
13447,3,1129.14,2011-11-04 10:10:00,2011-11-16 13:38:00,Repeat customer
13448,6,3539.37,2010-12-01 10:52:00,2011-11-23 12:33:00,Repeat customer
13449,1,291.88,2011-11-16 08:28:00,2011-11-16 08:28:00,One-time customer
13450,6,2043.7199999999998,2011-05-05 19:48:00,2011-11-13 11:54:00,Repeat customer
13451,5,2976.15,2011-01-09 15:35:00,2011-11-13 15:58:00,Repeat customer
13452,2,590.0,2011-03-14 11:38:00,2011-03-25 14:19:00,Repeat customer
13453,2,356.97999999999996,2011-02-23 09:44:00,2011-06-27 09:34:00,Repeat customer
13455,2,1058.34,2010-12-08 13:11:00,2011-11-15 11:21:00,Repeat customer
13456,6,1766.72,2011-05-16 15:34:00,2011-11-22 09:18:00,Repeat customer
13458,14,9646.57,2010-12-15 12:05:00,2011-12-02 15:29:00,Repeat customer
13460,2,183.44,2011-10-21 09:50:00,2011-11-10 17:17:00,Repeat customer
13461,3,1445.0,2011-06-29 10:23:00,2011-11-01 09:01:00,Repeat customer
13462,1,151.5,2011-04-01 11:20:00,2011-04-01 11:20:00,One-time customer
13464,1,674.68,2011-10-12 15:01:00,2011-10-12 15:01:00,One-time customer
13466,1,307.9,2011-06-08 16:39:00,2011-06-08 16:39:00,One-time customer
13467,2,1083.71,2011-11-03 16:56:00,2011-11-29 10:01:00,Repeat customer
13468,37,5704.97,2010-12-01 15:08:00,2011-12-08 10:39:00,Repeat customer
13470,2,165.0,2011-08-16 17:06:00,2011-09-01 14:57:00,Repeat customer
13471,4,2531.58,2011-10-23 13:10:00,2011-12-08 15:44:00,Repeat customer
13473,2,422.64,2011-01-11 08:45:00,2011-10-10 11:20:00,Repeat customer
13474,1,229.59,2011-04-17 13:53:00,2011-04-17 13:53:00,One-time customer
13475,4,1431.78,2011-02-14 12:36:00,2011-06-01 13:52:00,Repeat customer
13476,2,1238.47,2011-03-03 14:43:00,2011-06-14 12:00:00,Repeat customer
13477,6,1454.58,2011-02-21 12:29:00,2011-11-02 12:04:00,Repeat customer
13479,2,300.95,2011-04-19 11:27:00,2011-05-23 10:45:00,Repeat customer
13481,5,1804.56,2011-03-28 09:07:00,2011-10-25 09:07:00,Repeat customer
13482,1,184.64,2011-04-21 17:03:00,2011-04-21 17:03:00,One-time customer
13483,1,140.34,2011-10-05 11:53:00,2011-10-05 11:53:00,One-time customer
13484,1,313.8,2011-04-12 16:30:00,2011-04-12 16:30:00,One-time customer
13485,1,454.24,2011-04-20 13:58:00,2011-04-20 13:58:00,One-time customer
13486,3,1122.41,2011-07-07 17:19:00,2011-09-22 13:13:00,Repeat customer
13487,3,575.4,2010-12-21 14:54:00,2011-10-13 12:07:00,Repeat customer
13488,13,8968.31,2010-12-07 13:01:00,2011-11-22 14:41:00,Repeat customer
13489,4,449.52,2011-02-18 10:42:00,2011-08-26 13:16:00,Repeat customer
13491,10,1215.82,2010-12-02 14:30:00,2011-10-19 08:32:00,Repeat customer
13492,3,1269.84,2011-05-09 10:06:00,2011-07-26 14:25:00,Repeat customer
13493,2,618.63,2011-02-25 16:42:00,2011-03-09 15:35:00,Repeat customer
13494,1,316.26000000000005,2011-02-01 11:58:00,2011-02-01 11:58:00,One-time customer
13495,5,2044.8700000000001,2010-12-06 15:14:00,2011-12-02 11:21:00,Repeat customer
13496,2,653.33,2010-12-15 10:17:00,2011-11-29 10:58:00,Repeat customer
13497,2,348.05,2010-12-06 11:37:00,2011-03-02 09:04:00,Repeat customer
13499,5,1159.11,2011-03-15 08:52:00,2011-11-22 11:21:00,Repeat customer
13500,3,1166.77,2011-08-09 12:20:00,2011-11-16 15:35:00,Repeat customer
13501,1,1340.32,2011-02-24 18:59:00,2011-02-24 18:59:00,One-time customer
13502,3,292.0,2011-01-20 09:03:00,2011-11-23 10:39:00,Repeat customer
13503,1,216.85,2011-09-29 13:23:00,2011-09-29 13:23:00,One-time customer
13504,1,295.93,2011-10-06 13:20:00,2011-10-06 13:20:00,One-time customer
13505,4,4393.63,2011-04-21 12:07:00,2011-09-28 11:56:00,Repeat customer
13506,2,458.52,2010-12-05 12:15:00,2011-01-27 13:53:00,Repeat customer
13507,4,2479.16,2011-07-17 11:50:00,2011-12-06 13:13:00,Repeat customer
13508,1,110.97,2011-04-10 11:58:00,2011-04-10 11:58:00,One-time customer
13509,7,979.72,2011-02-28 13:27:00,2011-12-01 10:10:00,Repeat customer
13510,4,1791.56,2011-06-09 09:32:00,2011-12-08 13:46:00,Repeat customer
13512,1,251.21,2011-03-24 10:03:00,2011-03-24 10:03:00,One-time customer
13513,1,205.1,2011-08-05 11:50:00,2011-08-05 11:50:00,One-time customer
13514,1,152.20000000000002,2011-09-27 09:39:00,2011-09-27 09:39:00,One-time customer
13515,4,891.12,2011-04-06 10:33:00,2011-09-28 11:26:00,Repeat customer
13516,3,1389.41,2011-04-15 11:06:00,2011-11-18 13:15:00,Repeat customer
13517,3,2128.42,2011-06-13 08:44:00,2011-10-11 11:43:00,Repeat customer
13518,1,659.4399999999999,2011-09-15 10:29:00,2011-09-15 10:29:00,One-time customer
13519,1,122.75,2011-09-22 18:24:00,2011-09-22 18:24:00,One-time customer
13520,6,3624.35,2010-12-03 10:36:00,2011-10-12 10:20:00,Repeat customer
13521,3,1093.65,2011-11-29 15:09:00,2011-12-08 13:50:00,Repeat customer
13522,1,125.80000000000001,2011-11-09 15:11:00,2011-11-09 15:11:00,One-time customer
13523,5,3964.88,2010-12-08 14:22:00,2011-11-06 15:11:00,Repeat customer
13524,5,680.1800000000001,2011-05-04 12:26:00,2011-10-30 12:34:00,Repeat customer
13525,2,628.78,2011-04-05 15:36:00,2011-11-25 12:01:00,Repeat customer
13527,7,2287.51,2011-01-17 11:17:00,2011-11-06 12:04:00,Repeat customer
13529,2,307.76,2011-05-19 11:50:00,2011-09-22 09:15:00,Repeat customer
13531,2,483.8,2010-12-08 15:03:00,2011-05-18 16:56:00,Repeat customer
13532,1,210.31,2011-11-06 12:25:00,2011-11-06 12:25:00,One-time customer
13533,3,270.79,2011-03-17 12:47:00,2011-06-10 11:54:00,Repeat customer
13534,25,5870.08,2010-12-16 15:23:00,2011-12-07 14:52:00,Repeat customer
13536,7,3448.29,2011-09-25 13:30:00,2011-12-08 16:38:00,Repeat customer
13538,7,1280.85,2011-01-28 10:40:00,2011-10-27 16:34:00,Repeat customer
13539,3,631.34,2011-02-03 15:23:00,2011-09-15 10:18:00,Repeat customer
13544,2,291.41,2011-04-13 12:09:00,2011-10-31 11:57:00,Repeat customer
13546,3,626.99,2011-05-23 12:14:00,2011-11-27 14:50:00,Repeat customer
13548,2,682.41,2011-04-10 11:35:00,2011-09-04 14:50:00,Repeat customer
13549,7,918.2,2011-04-11 13:42:00,2011-11-14 09:20:00,Repeat customer
13551,1,91.80000000000001,2011-01-24 14:46:00,2011-01-24 14:46:00,One-time customer
13552,12,3740.07,2011-01-28 10:10:00,2011-10-04 15:19:00,Repeat customer
13555,4,4149.28,2011-05-22 11:06:00,2011-09-27 12:36:00,Repeat customer
13557,2,584.06,2011-03-04 12:14:00,2011-11-11 15:24:00,Repeat customer
13558,4,605.06,2011-10-02 13:01:00,2011-12-04 11:24:00,Repeat customer
13560,1,174.37,2011-12-02 13:11:00,2011-12-02 13:11:00,One-time customer
13561,1,141.85999999999999,2011-05-08 12:39:00,2011-05-08 12:39:00,One-time customer
13562,3,1799.33,2011-04-08 12:42:00,2011-09-19 10:51:00,Repeat customer
13563,2,777.53,2011-07-22 17:21:00,2011-09-16 14:45:00,Repeat customer
13564,3,1749.02,2010-12-06 17:26:00,2011-07-18 14:33:00,Repeat customer
13565,2,240.22,2011-01-09 14:28:00,2011-11-20 14:33:00,Repeat customer
13566,2,874.71,2011-09-18 12:40:00,2011-10-30 11:59:00,Repeat customer
13568,1,192.85,2011-06-19 14:42:00,2011-06-19 14:42:00,One-time customer
13569,2,373.75,2010-12-07 12:29:00,2011-11-22 13:07:00,Repeat customer
13570,1,239.49,2011-04-10 13:36:00,2011-04-10 13:36:00,One-time customer
13571,12,2092.32,2011-03-31 12:43:00,2011-11-27 10:47:00,Repeat customer
13572,1,1384.25,2011-05-18 11:59:00,2011-05-18 11:59:00,One-time customer
13573,2,294.4,2011-03-31 14:47:00,2011-10-20 14:33:00,Repeat customer
13575,5,732.0699999999999,2011-06-16 14:24:00,2011-11-16 13:14:00,Repeat customer
13576,18,6717.34,2010-12-01 17:24:00,2011-11-29 15:34:00,Repeat customer
13577,4,1687.6000000000001,2011-04-12 10:33:00,2011-11-14 15:19:00,Repeat customer
13579,2,467.04,2010-12-05 16:10:00,2011-11-25 08:41:00,Repeat customer
13581,1,118.0,2011-02-03 14:41:00,2011-02-03 14:41:00,One-time customer
13583,1,781.03,2011-07-07 10:40:00,2011-07-07 10:40:00,One-time customer
13584,1,142.4,2011-02-06 12:49:00,2011-02-06 12:49:00,One-time customer
13587,1,712.4,2011-10-07 12:31:00,2011-10-07 12:31:00,One-time customer
13588,9,2478.95,2011-03-29 15:53:00,2011-11-24 10:42:00,Repeat customer
13589,2,379.65,2011-06-13 12:44:00,2011-11-25 12:10:00,Repeat customer
13590,6,1981.92,2011-02-09 13:25:00,2011-11-28 12:54:00,Repeat customer
13591,3,1117.13,2011-03-18 12:18:00,2011-10-06 12:26:00,Repeat customer
13592,4,247.95999999999998,2011-03-20 14:01:00,2011-11-04 09:49:00,Repeat customer
13593,5,2037.0800000000002,2011-01-07 16:32:00,2011-08-23 13:35:00,Repeat customer
13594,1,396.97,2011-10-18 10:19:00,2011-10-18 10:19:00,One-time customer
13596,2,697.04,2011-11-27 11:57:00,2011-12-04 12:01:00,Repeat customer
13598,1,180.17000000000002,2011-10-23 14:28:00,2011-10-23 14:28:00,One-time customer
13599,21,5153.67,2010-12-08 10:11:00,2011-12-08 16:10:00,Repeat customer
13600,1,219.52,2011-01-31 15:27:00,2011-01-31 15:27:00,One-time customer
13601,2,693.32,2011-05-12 16:52:00,2011-10-25 17:31:00,Repeat customer
13602,1,428.89,2011-10-06 11:47:00,2011-10-06 11:47:00,One-time customer
13603,1,164.34,2011-11-13 15:57:00,2011-11-13 15:57:00,One-time customer
13606,3,280.53999999999996,2011-02-01 11:42:00,2011-11-10 17:46:00,Repeat customer
13607,1,678.01,2011-10-30 16:17:00,2011-10-30 16:17:00,One-time customer
13610,7,1131.88,2011-02-27 14:44:00,2011-11-27 15:38:00,Repeat customer
13611,3,1171.8,2010-12-15 10:31:00,2011-09-11 14:51:00,Repeat customer
13614,4,1610.46,2011-01-13 12:37:00,2011-11-15 14:47:00,Repeat customer
13615,1,417.69,2011-01-25 08:21:00,2011-01-25 08:21:00,One-time customer
13617,3,544.18,2011-06-12 12:55:00,2011-10-30 13:50:00,Repeat customer
13618,1,177.34,2011-06-19 11:09:00,2011-06-19 11:09:00,One-time customer
13621,1,213.85,2011-08-15 08:26:00,2011-08-15 08:26:00,One-time customer
13623,5,747.78,2011-02-15 13:08:00,2011-11-09 12:00:00,Repeat customer
13626,1,257.23,2011-04-01 10:05:00,2011-04-01 10:05:00,One-time customer
13627,5,1638.47,2010-12-17 09:52:00,2011-10-11 14:20:00,Repeat customer
13629,11,7792.36,2011-01-05 12:09:00,2011-11-16 13:21:00,Repeat customer
13630,7,2031.78,2011-02-27 12:49:00,2011-12-04 15:16:00,Repeat customer
13631,11,3070.42,2011-03-17 17:13:00,2011-09-01 09:57:00,Repeat customer
13632,5,2121.27,2011-04-10 15:07:00,2011-11-15 10:51:00,Repeat customer
13634,5,1575.16,2011-01-16 15:30:00,2011-11-06 13:40:00,Repeat customer
13635,1,1071.03,2011-10-03 10:55:00,2011-10-03 10:55:00,One-time customer
13636,5,949.12,2011-02-27 14:29:00,2011-11-03 10:30:00,Repeat customer
13637,3,810.5,2011-04-27 13:06:00,2011-10-18 13:32:00,Repeat customer
13638,1,122.64,2011-11-24 10:38:00,2011-11-24 10:38:00,One-time customer
13639,1,1033.34,2011-09-26 13:36:00,2011-09-26 13:36:00,One-time customer
13642,1,354.8,2011-05-08 12:34:00,2011-05-08 12:34:00,One-time customer
13643,3,519.44,2011-06-07 11:40:00,2011-11-08 15:37:00,Repeat customer
13644,4,2624.26,2011-08-26 11:53:00,2011-11-23 14:07:00,Repeat customer
13645,1,252.1,2011-08-11 16:11:00,2011-08-11 16:11:00,One-time customer
13647,4,1678.1200000000001,2011-04-19 09:49:00,2011-11-30 12:00:00,Repeat customer
13649,2,346.6,2010-12-08 14:46:00,2011-03-28 11:51:00,Repeat customer
13650,6,1836.34,2011-03-17 12:37:00,2011-11-23 12:22:00,Repeat customer
13651,2,94.2,2011-10-31 12:11:00,2011-11-04 14:59:00,Repeat customer
13652,3,1095.08,2010-12-06 09:21:00,2011-10-25 08:51:00,Repeat customer
13654,6,2707.33,2011-03-11 12:54:00,2011-10-27 16:24:00,Repeat customer
13655,2,932.97,2011-04-12 09:53:00,2011-08-17 14:25:00,Repeat customer
13656,2,379.65,2011-01-06 15:42:00,2011-06-28 10:31:00,Repeat customer
13657,2,382.14,2011-05-22 12:35:00,2011-11-29 12:32:00,Repeat customer
13658,5,2639.17,2011-05-19 17:15:00,2011-11-30 10:13:00,Repeat customer
13659,2,1573.2,2011-01-23 12:08:00,2011-05-18 12:37:00,Repeat customer
13662,3,897.76,2011-03-25 13:23:00,2011-09-15 12:04:00,Repeat customer
13663,1,189.47,2011-06-13 15:44:00,2011-06-13 15:44:00,One-time customer
13666,3,84.65,2011-02-25 13:05:00,2011-10-10 15:39:00,Repeat customer
13667,1,305.02,2011-07-13 15:42:00,2011-07-13 15:42:00,One-time customer
13668,21,6363.59,2010-12-12 12:35:00,2011-12-07 12:11:00,Repeat customer
13669,2,218.55,2011-07-13 11:44:00,2011-10-20 09:32:00,Repeat customer
13670,1,349.7,2011-09-25 15:25:00,2011-09-25 15:25:00,One-time customer
13672,2,186.39000000000001,2011-01-11 13:54:00,2011-02-11 13:53:00,Repeat customer
13673,2,396.92,2011-11-07 15:40:00,2011-11-21 12:11:00,Repeat customer
13675,2,486.82000000000005,2011-02-28 12:14:00,2011-07-11 12:57:00,Repeat customer
13678,1,232.6,2011-07-11 10:14:00,2011-07-11 10:14:00,One-time customer
13680,4,3722.42,2011-01-04 14:12:00,2011-12-08 13:47:00,Repeat customer
13681,4,827.83,2011-07-07 15:21:00,2011-11-22 11:13:00,Repeat customer
13682,1,59.5,2011-06-05 14:06:00,2011-06-05 14:06:00,One-time customer
13684,1,67.23,2011-02-27 10:13:00,2011-02-27 10:13:00,One-time customer
13685,7,3119.44,2011-10-10 12:59:00,2011-12-07 11:41:00,Repeat customer
13686,1,72.0,2011-06-10 09:10:00,2011-06-10 09:10:00,One-time customer
13689,1,910.0,2011-10-07 13:21:00,2011-10-07 13:21:00,One-time customer
13690,1,172.25,2011-10-11 15:03:00,2011-10-11 15:03:00,One-time customer
13692,3,1488.32,2011-04-17 12:57:00,2011-11-15 11:17:00,Repeat customer
13694,50,65039.62,2010-12-01 12:12:00,2011-12-06 09:32:00,Repeat customer
13695,15,2504.13,2011-03-25 11:31:00,2011-11-08 14:26:00,Repeat customer
13697,1,151.29999999999998,2011-11-01 09:14:00,2011-11-01 09:14:00,One-time customer
13699,1,308.58000000000004,2011-07-07 16:51:00,2011-07-07 16:51:00,One-time customer
13700,10,2265.12,2011-01-16 13:18:00,2011-11-13 13:00:00,Repeat customer
13703,1,99.5,2011-01-25 13:10:00,2011-01-25 13:10:00,One-time customer
13704,9,2308.06,2011-09-12 14:40:00,2011-12-04 15:13:00,Repeat customer
13705,3,711.86,2010-12-01 10:29:00,2011-12-02 12:32:00,Repeat customer
13706,1,330.79,2011-02-10 09:21:00,2011-02-10 09:21:00,One-time customer
13707,2,806.41,2011-01-28 13:27:00,2011-03-17 18:03:00,Repeat customer
13708,1,296.88,2011-03-13 13:46:00,2011-03-13 13:46:00,One-time customer
13709,13,6328.05,2011-01-28 14:57:00,2011-12-06 10:28:00,Repeat customer
13710,1,180.48,2011-11-08 08:16:00,2011-11-08 08:16:00,One-time customer
13711,2,252.06,2011-05-05 10:29:00,2011-05-05 10:31:00,Repeat customer
13712,1,228.84,2011-04-07 12:33:00,2011-04-07 12:33:00,One-time customer
13715,5,1079.34,2010-12-02 08:52:00,2011-03-03 19:21:00,Repeat customer
13716,1,138.28,2011-03-15 13:49:00,2011-03-15 13:49:00,One-time customer
13717,6,1445.01,2011-02-14 13:21:00,2011-11-07 14:13:00,Repeat customer
13718,2,306.55,2011-02-17 11:58:00,2011-04-07 13:24:00,Repeat customer
13719,5,1041.68,2011-04-19 13:56:00,2011-11-24 15:26:00,Repeat customer
13720,4,799.9,2011-03-30 09:17:00,2011-08-15 12:46:00,Repeat customer
13721,1,524.14,2011-11-03 14:05:00,2011-11-03 14:05:00,One-time customer
13722,3,2375.41,2011-03-02 11:43:00,2011-07-31 12:44:00,Repeat customer
13723,1,199.85000000000002,2011-05-06 17:04:00,2011-05-06 17:04:00,One-time customer
13725,8,1980.56,2011-02-04 12:18:00,2011-10-21 10:03:00,Repeat customer
13726,2,1079.6599999999999,2011-08-31 11:06:00,2011-11-01 10:49:00,Repeat customer
13727,2,333.48,2011-11-06 12:16:00,2011-11-11 09:46:00,Repeat customer
13728,6,1016.14,2011-02-02 12:09:00,2011-11-03 10:49:00,Repeat customer
13730,2,752.6,2011-07-01 12:47:00,2011-07-27 08:35:00,Repeat customer
13731,2,610.59,2011-04-07 10:10:00,2011-05-04 14:33:00,Repeat customer
13732,1,491.86,2011-11-11 15:49:00,2011-11-11 15:49:00,One-time customer
13735,4,2885.2400000000002,2011-04-19 13:49:00,2011-11-15 11:14:00,Repeat customer
13736,2,731.9,2011-03-24 13:04:00,2011-12-04 15:19:00,Repeat customer
13737,1,339.59999999999997,2011-05-23 16:32:00,2011-05-23 16:32:00,One-time customer
13739,1,216.9,2011-11-21 13:35:00,2011-11-21 13:35:00,One-time customer
13740,1,350.75,2011-04-13 10:32:00,2011-04-13 10:32:00,One-time customer
13741,3,668.4300000000001,2011-05-06 13:43:00,2011-09-29 09:19:00,Repeat customer
13742,12,3131.02,2011-01-23 14:59:00,2011-11-23 11:07:00,Repeat customer
13743,7,1341.6,2011-03-25 14:46:00,2011-12-07 10:09:00,Repeat customer
13744,2,1156.36,2011-02-20 14:08:00,2011-09-05 15:19:00,Repeat customer
13745,1,300.04,2011-06-30 16:43:00,2011-06-30 16:43:00,One-time customer
13747,1,79.6,2010-12-01 10:37:00,2010-12-01 10:37:00,One-time customer
13748,5,948.25,2010-12-01 09:00:00,2011-09-05 09:45:00,Repeat customer
13750,5,1647.26,2011-01-07 11:49:00,2011-10-17 12:16:00,Repeat customer
13751,1,296.25,2011-02-24 15:56:00,2011-02-24 15:56:00,One-time customer
13752,6,1186.28,2011-04-07 12:04:00,2011-08-07 14:16:00,Repeat customer
13753,1,741.26,2011-02-25 12:48:00,2011-02-25 12:48:00,One-time customer
13754,2,282.59999999999997,2011-01-26 14:58:00,2011-07-11 11:51:00,Repeat customer
13755,9,2161.35,2011-10-07 15:45:00,2011-12-06 12:26:00,Repeat customer
13756,14,5189.52,2010-12-07 11:41:00,2011-12-07 16:44:00,Repeat customer
13758,7,3190.55,2010-12-01 12:08:00,2011-11-28 11:11:00,Repeat customer
13759,2,659.4100000000001,2011-09-29 15:40:00,2011-11-06 14:47:00,Repeat customer
13760,2,286.79,2011-03-28 12:52:00,2011-10-16 16:13:00,Repeat customer
13761,2,1070.65,2011-06-13 08:43:00,2011-10-20 14:01:00,Repeat customer
13762,1,306.72,2011-05-05 09:15:00,2011-05-05 09:15:00,One-time customer
13763,1,1714.96,2011-10-07 15:13:00,2011-10-07 15:13:00,One-time customer
13764,3,1521.76,2011-01-06 14:53:00,2011-09-30 12:03:00,Repeat customer
13767,37,17220.36,2010-12-01 10:47:00,2011-12-07 15:00:00,Repeat customer
13769,10,2796.51,2010-12-07 13:28:00,2011-12-07 15:08:00,Repeat customer
13771,4,2634.45,2011-04-06 15:47:00,2011-10-06 14:18:00,Repeat customer
13772,3,1132.13,2011-04-14 12:31:00,2011-11-06 11:43:00,Repeat customer
13774,1,345.0,2011-09-19 12:06:00,2011-09-19 12:06:00,One-time customer
13777,33,25977.16,2010-12-01 16:01:00,2011-12-09 12:25:00,Repeat customer
13778,1,178.7,2011-08-28 15:25:00,2011-08-28 15:25:00,One-time customer
13780,2,360.01,2011-06-22 11:43:00,2011-12-02 13:49:00,Repeat customer
13781,1,127.84,2011-04-03 12:08:00,2011-04-03 12:08:00,One-time customer
13782,6,912.0,2011-01-16 11:08:00,2011-11-27 11:54:00,Repeat customer
13784,11,2462.79,2011-01-11 14:38:00,2011-11-30 09:33:00,Repeat customer
13786,1,230.39999999999998,2010-12-07 13:53:00,2010-12-07 13:53:00,One-time customer
13787,2,309.04,2010-12-10 14:45:00,2011-09-25 12:06:00,Repeat customer
13790,1,348.8,2011-12-05 15:48:00,2011-12-05 15:48:00,One-time customer
13791,2,1516.0,2011-06-24 16:38:00,2011-08-04 11:44:00,Repeat customer
13792,2,195.55,2011-02-25 14:03:00,2011-10-04 14:31:00,Repeat customer
13798,57,37153.85,2010-12-02 17:24:00,2011-12-08 15:51:00,Repeat customer
13799,2,688.86,2011-02-18 14:18:00,2011-08-15 12:07:00,Repeat customer
13800,1,558.32,2011-02-03 12:27:00,2011-02-03 12:27:00,One-time customer
13801,1,324.8,2011-10-04 10:15:00,2011-10-04 10:15:00,One-time customer
13802,3,4599.42,2011-02-01 12:03:00,2011-07-24 10:54:00,Repeat customer
13803,1,277.07,2011-03-29 12:57:00,2011-03-29 12:57:00,One-time customer
13804,7,2635.79,2011-02-23 09:09:00,2011-11-09 12:32:00,Repeat customer
13805,2,924.6,2011-08-02 15:29:00,2011-10-18 14:50:00,Repeat customer
13806,1,256.38,2011-10-07 11:43:00,2011-10-07 11:43:00,One-time customer
13807,1,112.6,2010-12-07 15:48:00,2010-12-07 15:48:00,One-time customer
13808,5,1747.66,2011-09-04 12:07:00,2011-12-04 12:18:00,Repeat customer
13809,1,155.05,2011-02-07 13:15:00,2011-02-07 13:15:00,One-time customer
13810,3,1499.01,2011-10-14 12:57:00,2011-11-11 08:33:00,Repeat customer
13811,3,814.5,2011-04-14 18:40:00,2011-06-09 09:54:00,Repeat customer
13812,3,539.0,2011-08-26 12:54:00,2011-10-28 14:27:00,Repeat customer
13813,4,1366.8600000000001,2011-07-28 10:33:00,2011-10-31 10:38:00,Repeat customer
13814,2,1579.12,2011-07-25 13:54:00,2011-09-08 13:48:00,Repeat customer
13815,4,4027.36,2011-01-25 12:16:00,2011-11-17 14:19:00,Repeat customer
13816,2,571.6700000000001,2011-10-06 14:37:00,2011-11-16 08:38:00,Repeat customer
13817,2,382.98,2010-12-23 11:46:00,2011-11-10 17:49:00,Repeat customer
13819,3,1140.35,2011-01-24 10:38:00,2011-02-11 10:38:00,Repeat customer
13821,2,385.64,2011-03-23 11:30:00,2011-07-18 09:49:00,Repeat customer
13822,2,632.0,2011-10-30 15:55:00,2011-12-04 12:13:00,Repeat customer
13823,2,957.66,2011-09-09 10:42:00,2011-11-21 10:22:00,Repeat customer
13824,5,1698.94,2011-02-02 13:07:00,2011-11-07 12:41:00,Repeat customer
13826,1,189.5,2011-06-16 13:48:00,2011-06-16 13:48:00,One-time customer
13827,3,412.05,2011-07-19 15:38:00,2011-10-13 12:38:00,Repeat customer
13828,1,209.49,2011-11-17 16:02:00,2011-11-17 16:02:00,One-time customer
13831,6,2202.99,2010-12-05 12:13:00,2011-11-23 15:41:00,Repeat customer
13832,1,52.199999999999996,2011-11-20 15:36:00,2011-11-20 15:36:00,One-time customer
13833,1,384.8,2011-07-03 13:27:00,2011-07-03 13:27:00,One-time customer
13835,4,834.57,2011-05-08 15:22:00,2011-11-14 15:37:00,Repeat customer
13837,2,271.24,2011-01-26 12:15:00,2011-05-12 12:10:00,Repeat customer
13838,4,691.73,2010-12-05 10:45:00,2011-12-04 11:00:00,Repeat customer
13841,1,85.0,2011-04-01 12:10:00,2011-04-01 12:10:00,One-time customer
13842,9,3385.62,2010-12-08 10:39:00,2011-10-12 10:51:00,Repeat customer
13844,1,361.62,2011-11-28 13:21:00,2011-11-28 13:21:00,One-time customer
13845,1,312.98,2011-10-06 08:25:00,2011-10-06 08:25:00,One-time customer
13846,3,865.0600000000001,2010-12-14 16:07:00,2011-11-15 12:07:00,Repeat customer
13848,3,1255.0,2010-12-08 15:10:00,2011-09-08 12:58:00,Repeat customer
13849,2,1537.95,2011-06-22 10:11:00,2011-10-19 10:59:00,Repeat customer
13850,1,1595.48,2011-08-02 14:04:00,2011-08-02 14:04:00,One-time customer
13851,3,2651.46,2011-02-24 17:18:00,2011-09-05 12:36:00,Repeat customer
13853,1,1090.14,2011-10-13 14:18:00,2011-10-13 14:18:00,One-time customer
13854,25,8109.5199999999995,2010-12-09 10:48:00,2011-12-01 09:06:00,Repeat customer
13856,3,388.5,2011-05-20 13:13:00,2011-06-24 10:03:00,Repeat customer
13858,1,216.17,2011-10-13 16:17:00,2011-10-13 16:17:00,One-time customer
13859,1,201.16,2011-01-17 16:14:00,2011-01-17 16:14:00,One-time customer
13860,5,1245.9,2011-09-14 09:27:00,2011-12-08 12:57:00,Repeat customer
13862,8,2209.36,2011-01-11 15:13:00,2011-11-21 16:24:00,Repeat customer
13863,1,305.78,2011-04-06 10:20:00,2011-04-06 10:20:00,One-time customer
13865,4,501.56,2011-02-23 12:04:00,2011-10-12 13:31:00,Repeat customer
13866,1,145.67000000000002,2011-09-26 14:54:00,2011-09-26 14:54:00,One-time customer
13867,3,1015.29,2011-05-05 17:28:00,2011-11-08 15:48:00,Repeat customer
13868,2,3192.54,2011-11-01 12:45:00,2011-12-02 16:32:00,Repeat customer
13869,4,3104.95,2010-12-17 15:14:00,2011-08-08 13:53:00,Repeat customer
13870,8,2770.94,2011-02-25 09:09:00,2011-12-07 13:23:00,Repeat customer
13871,13,6403.25,2011-02-04 09:30:00,2011-11-17 10:49:00,Repeat customer
13873,3,389.6,2011-02-03 09:37:00,2011-08-12 10:08:00,Repeat customer
13874,1,540.45,2010-12-16 18:20:00,2010-12-16 18:20:00,One-time customer
13875,5,1786.79,2011-02-11 15:39:00,2011-10-17 09:36:00,Repeat customer
13876,1,122.7,2011-10-07 10:22:00,2011-10-07 10:22:00,One-time customer
13877,1,117.24,2011-09-14 15:49:00,2011-09-14 15:49:00,One-time customer
13878,1,1281.53,2011-10-16 12:19:00,2011-10-16 12:19:00,One-time customer
13880,13,3219.77,2010-12-07 14:00:00,2011-11-18 13:44:00,Repeat customer
13881,20,17159.52,2011-02-01 10:14:00,2011-12-06 12:50:00,Repeat customer
13882,5,1191.13,2011-10-06 15:28:00,2011-12-07 11:16:00,Repeat customer
13883,5,2674.48,2011-03-31 17:17:00,2011-11-29 10:45:00,Repeat customer
13884,5,787.6,2011-03-01 13:40:00,2011-12-02 16:30:00,Repeat customer
13885,2,506.8,2011-05-23 08:52:00,2011-06-03 15:07:00,Repeat customer
13886,1,243.56,2011-09-29 13:17:00,2011-09-29 13:17:00,One-time customer
13887,1,349.55,2011-05-19 17:22:00,2011-05-19 17:22:00,One-time customer
13888,2,605.63,2011-05-05 14:41:00,2011-08-12 10:13:00,Repeat customer
13889,1,416.90000000000003,2011-09-08 09:13:00,2011-09-08 09:13:00,One-time customer
13890,10,1883.8100000000002,2010-12-16 09:31:00,2011-12-08 15:36:00,Repeat customer
13892,4,632.97,2011-04-07 12:04:00,2011-11-13 11:50:00,Repeat customer
13893,1,821.1,2011-02-15 11:30:00,2011-02-15 11:30:00,One-time customer
13894,3,564.62,2011-02-02 12:54:00,2011-11-16 09:44:00,Repeat customer
13895,4,2593.07,2011-06-28 10:17:00,2011-11-11 16:57:00,Repeat customer
13897,1,311.16,2011-10-20 14:30:00,2011-10-20 14:30:00,One-time customer
13898,1,155.93,2011-01-18 10:28:00,2011-01-18 10:28:00,One-time customer
13899,2,388.52,2011-03-10 09:30:00,2011-11-23 13:40:00,Repeat customer
13900,3,740.95,2011-03-22 10:13:00,2011-06-09 19:26:00,Repeat customer
13901,5,2867.2,2011-01-25 09:01:00,2011-09-28 14:48:00,Repeat customer
13904,2,332.64,2011-02-18 11:18:00,2011-11-02 13:41:00,Repeat customer
13908,4,2369.55,2011-03-08 12:04:00,2011-09-21 11:49:00,Repeat customer
13911,9,2580.91,2011-02-04 14:46:00,2011-10-13 15:43:00,Repeat customer
13914,2,626.45,2011-11-03 16:28:00,2011-11-28 10:35:00,Repeat customer
13917,2,272.04,2011-06-01 12:46:00,2011-10-21 09:56:00,Repeat customer
13918,2,1212.8400000000001,2011-03-31 18:05:00,2011-10-21 12:25:00,Repeat customer
13919,2,384.81,2011-08-10 10:15:00,2011-10-11 14:24:00,Repeat customer
13922,1,172.25,2010-12-23 10:38:00,2010-12-23 10:38:00,One-time customer
13923,1,351.13,2011-10-17 12:33:00,2011-10-17 12:33:00,One-time customer
13924,6,1838.8500000000001,2011-09-28 15:07:00,2011-12-08 09:39:00,Repeat customer
13925,4,678.25,2011-07-28 12:09:00,2011-09-08 12:47:00,Repeat customer
13926,1,223.85000000000002,2011-11-16 13:16:00,2011-11-16 13:16:00,One-time customer
13927,1,348.99,2011-09-26 12:00:00,2011-09-26 12:00:00,One-time customer
13928,4,464.57,2011-07-29 15:59:00,2011-11-29 10:33:00,Repeat customer
13929,2,842.65,2011-01-17 15:11:00,2011-06-23 15:26:00,Repeat customer
13930,2,337.34,2011-07-26 11:00:00,2011-10-13 09:45:00,Repeat customer
13931,2,1237.53,2011-03-04 08:43:00,2011-09-05 10:12:00,Repeat customer
13932,1,307.4,2011-02-18 12:02:00,2011-02-18 12:02:00,One-time customer
13933,2,608.7900000000001,2011-07-14 13:35:00,2011-08-22 14:03:00,Repeat customer
13934,1,922.1,2011-03-21 08:39:00,2011-03-21 08:39:00,One-time customer
13936,1,376.58,2011-06-13 08:47:00,2011-06-13 08:47:00,One-time customer
13937,1,158.85,2011-06-23 16:35:00,2011-06-23 16:35:00,One-time customer
13938,1,71.66,2011-11-04 14:37:00,2011-11-04 14:37:00,One-time customer
13939,3,568.55,2011-02-01 11:30:00,2011-11-16 13:33:00,Repeat customer
13940,4,839.14,2011-07-18 16:05:00,2011-11-22 15:15:00,Repeat customer
13941,5,5112.96,2010-12-02 10:17:00,2011-11-18 09:43:00,Repeat customer
13946,3,561.5699999999999,2011-03-17 10:02:00,2011-09-21 13:33:00,Repeat customer
13947,1,90.6,2011-10-05 14:42:00,2011-10-05 14:42:00,One-time customer
13948,1,102.0,2010-12-14 10:18:00,2010-12-14 10:18:00,One-time customer
13949,6,2427.32,2011-09-06 11:55:00,2011-12-07 09:35:00,Repeat customer
13950,4,745.06,2011-04-07 11:29:00,2011-11-28 14:44:00,Repeat customer
13951,3,674.45,2011-02-18 15:21:00,2011-06-16 16:43:00,Repeat customer
13952,2,3251.071,2011-04-15 09:27:00,2011-05-06 09:00:00,Repeat customer
13953,7,3515.68,2010-12-22 10:29:00,2011-12-02 16:04:00,Repeat customer
13954,2,439.92,2011-09-30 10:52:00,2011-12-08 12:50:00,Repeat customer
13955,2,322.96,2011-02-07 12:24:00,2011-07-08 17:19:00,Repeat customer
13956,5,1026.42,2011-03-13 12:51:00,2011-12-04 13:20:00,Repeat customer
13959,3,598.2,2010-12-12 13:56:00,2011-09-21 15:06:00,Repeat customer
13960,2,230.22,2011-09-29 12:39:00,2011-11-18 15:27:00,Repeat customer
13962,2,169.55,2011-04-08 11:21:00,2011-11-18 08:47:00,Repeat customer
13963,4,664.54,2010-12-07 09:21:00,2011-02-04 14:43:00,Repeat customer
13967,1,80.7,2011-07-17 12:02:00,2011-07-17 12:02:00,One-time customer
13969,18,9053.94,2010-12-09 19:32:00,2011-12-02 15:11:00,Repeat customer
13971,8,2758.26,2011-02-27 12:27:00,2011-11-21 12:06:00,Repeat customer
13972,2,190.25,2011-05-22 11:34:00,2011-09-30 11:54:00,Repeat customer
13973,1,264.7,2011-02-25 15:21:00,2011-02-25 15:21:00,One-time customer
13974,1,413.59000000000003,2011-10-21 14:41:00,2011-10-21 14:41:00,One-time customer
13975,6,2526.28,2011-03-08 12:19:00,2011-11-08 13:19:00,Repeat customer
13976,1,357.98,2011-05-17 09:13:00,2011-05-17 09:13:00,One-time customer
13978,2,196.79000000000002,2011-10-25 15:04:00,2011-11-25 11:36:00,Repeat customer
13979,1,869.87,2011-09-27 13:32:00,2011-09-27 13:32:00,One-time customer
13980,1,200.14,2011-10-10 13:34:00,2011-10-10 13:34:00,One-time customer
13982,4,1871.81,2010-12-09 13:57:00,2011-10-31 16:24:00,Repeat customer
13983,12,2603.43,2010-12-08 10:38:00,2011-11-10 11:06:00,Repeat customer
13984,5,920.51,2010-12-08 15:58:00,2011-11-13 12:38:00,Repeat customer
13985,15,7060.13,2011-03-20 13:48:00,2011-12-05 17:06:00,Repeat customer
13986,1,320.46,2011-11-22 15:00:00,2011-11-22 15:00:00,One-time customer
13988,6,4147.96,2011-03-30 11:48:00,2011-11-20 10:15:00,Repeat customer
13989,2,1266.08,2011-04-14 15:39:00,2011-10-05 09:47:00,Repeat customer
13990,1,311.3,2011-05-10 15:19:00,2011-05-10 15:19:00,One-time customer
13991,6,855.97,2011-07-19 12:58:00,2011-11-27 16:18:00,Repeat customer
13992,1,76.8,2011-11-09 15:23:00,2011-11-09 15:23:00,One-time customer
13993,9,3466.36,2011-01-13 10:43:00,2011-10-28 09:06:00,Repeat customer
13994,6,2313.14,2011-07-14 18:28:00,2011-12-06 11:05:00,Repeat customer
13995,5,1393.69,2011-04-08 08:20:00,2011-11-24 14:22:00,Repeat customer
13999,12,3901.81,2010-12-13 11:23:00,2011-11-29 13:40:00,Repeat customer
14000,1,635.66,2011-05-12 16:50:00,2011-05-12 16:50:00,One-time customer
14001,3,2043.0800000000002,2010-12-01 12:58:00,2011-10-25 10:31:00,Repeat customer
14002,2,529.73,2011-07-06 14:59:00,2011-07-28 15:55:00,Repeat customer
14004,7,4582.64,2011-02-24 09:28:00,2011-10-27 14:40:00,Repeat customer
14005,5,2874.72,2011-05-08 10:33:00,2011-11-30 12:41:00,Repeat customer
14006,3,962.19,2011-01-31 15:11:00,2011-08-16 09:39:00,Repeat customer
14009,2,695.61,2011-05-18 13:00:00,2011-05-25 15:47:00,Repeat customer
14012,1,328.8,2011-03-07 12:26:00,2011-03-07 12:26:00,One-time customer
14013,3,473.02,2011-03-09 08:59:00,2011-08-21 15:01:00,Repeat customer
14014,1,505.18,2011-09-23 13:18:00,2011-09-23 13:18:00,One-time customer
14015,1,917.34,2011-10-18 10:02:00,2011-10-18 10:02:00,One-time customer
14016,4,4341.21,2010-12-17 14:21:00,2011-07-01 11:29:00,Repeat customer
14019,3,1421.61,2011-07-24 15:39:00,2011-10-24 10:13:00,Repeat customer
14020,2,642.8,2011-09-12 15:32:00,2011-11-23 09:22:00,Repeat customer
14021,3,631.9,2011-03-28 15:10:00,2011-07-07 15:46:00,Repeat customer
14022,1,440.0,2011-04-28 14:39:00,2011-04-28 14:39:00,One-time customer
14023,2,584.07,2011-04-03 15:50:00,2011-12-02 13:58:00,Repeat customer
14024,2,327.7,2011-08-07 13:31:00,2011-08-10 11:30:00,Repeat customer
14027,1,104.82,2011-10-10 09:01:00,2011-10-10 09:01:00,One-time customer
14029,2,467.66,2011-07-18 16:57:00,2011-10-07 14:46:00,Repeat customer
14030,8,2360.09,2010-12-08 16:11:00,2011-11-21 16:48:00,Repeat customer
14031,19,17286.86,2010-12-02 16:34:00,2011-12-02 17:13:00,Repeat customer
14032,11,2975.59,2010-12-08 10:53:00,2011-12-07 15:23:00,Repeat customer
14034,3,651.8199999999999,2011-07-05 13:06:00,2011-11-17 14:02:00,Repeat customer
14035,5,1428.02,2011-02-15 12:48:00,2011-11-11 10:03:00,Repeat customer
14036,1,626.65,2011-02-28 09:26:00,2011-02-28 09:26:00,One-time customer
14037,2,147.20000000000002,2010-12-10 11:39:00,2011-06-16 13:57:00,Repeat customer
14038,3,1560.38,2011-05-16 14:05:00,2011-09-22 13:37:00,Repeat customer
14039,1,152.2,2011-11-06 13:48:00,2011-11-06 13:48:00,One-time customer
14040,12,3614.92,2011-01-12 14:57:00,2011-10-30 12:42:00,Repeat customer
14041,1,141.41,2011-03-18 13:25:00,2011-03-18 13:25:00,One-time customer
14044,4,652.82,2011-02-03 11:39:00,2011-11-13 12:05:00,Repeat customer
14045,4,1659.75,2010-12-01 11:32:00,2011-08-22 15:27:00,Repeat customer
14046,1,154.99,2011-02-28 14:48:00,2011-02-28 14:48:00,One-time customer
14047,5,1308.6100000000001,2010-12-02 10:09:00,2011-12-01 11:43:00,Repeat customer
14048,1,409.93,2011-02-07 14:53:00,2011-02-07 14:53:00,One-time customer
14049,4,5681.72,2011-01-26 11:27:00,2011-11-23 12:20:00,Repeat customer
14050,2,746.36,2011-08-25 13:46:00,2011-11-08 10:00:00,Repeat customer
14051,23,15610.390000000001,2010-12-08 12:49:00,2011-12-09 10:20:00,Repeat customer
14052,1,225.36,2011-11-20 12:30:00,2011-11-20 12:30:00,One-time customer
14053,2,260.25,2011-07-03 12:21:00,2011-08-07 14:27:00,Repeat customer
14054,1,92.46,2011-10-05 15:49:00,2011-10-05 15:49:00,One-time customer
14055,1,725.6400000000001,2011-08-25 15:04:00,2011-08-25 15:04:00,One-time customer
14056,23,8214.65,2011-02-28 15:19:00,2011-12-08 13:36:00,Repeat customer
14057,17,6217.96,2010-12-14 12:11:00,2011-11-16 10:32:00,Repeat customer
14059,1,183.6,2011-03-18 10:06:00,2011-03-18 10:06:00,One-time customer
14060,19,6140.42,2010-12-02 12:11:00,2011-12-05 12:29:00,Repeat customer
14062,12,10464.85,2010-12-10 15:56:00,2011-11-30 10:04:00,Repeat customer
14064,5,1353.74,2011-03-10 12:59:00,2011-11-10 13:14:00,Repeat customer
14066,1,152.55,2011-03-18 12:21:00,2011-03-18 12:21:00,One-time customer
14067,2,374.7,2011-09-04 12:00:00,2011-10-07 10:21:00,Repeat customer
14068,1,265.85,2011-01-23 16:02:00,2011-01-23 16:02:00,One-time customer
14071,8,1438.82,2011-03-20 11:33:00,2011-12-06 12:27:00,Repeat customer
14073,1,151.04,2011-11-07 15:49:00,2011-11-07 15:49:00,One-time customer
14075,3,942.26,2011-03-23 16:35:00,2011-12-05 08:38:00,Repeat customer
14076,1,122.47,2011-08-02 15:19:00,2011-08-02 15:19:00,One-time customer
14077,5,499.41999999999996,2011-03-10 15:52:00,2011-10-30 12:35:00,Repeat customer
14078,6,1049.37,2010-12-01 12:54:00,2011-08-30 12:16:00,Repeat customer
14079,1,375.1,2011-08-07 12:10:00,2011-08-07 12:10:00,One-time customer
14080,1,45.599999999999994,2011-11-07 11:09:00,2011-11-07 11:09:00,One-time customer
14081,2,934.52,2010-12-05 15:47:00,2011-02-10 16:17:00,Repeat customer
14082,1,182.25,2010-12-10 11:02:00,2010-12-10 11:02:00,One-time customer
14083,9,1018.43,2010-12-03 12:24:00,2011-12-05 13:14:00,Repeat customer
14085,18,4448.54,2010-12-06 12:39:00,2011-12-07 13:46:00,Repeat customer
14087,1,194.42,2011-12-07 12:41:00,2011-12-07 12:41:00,One-time customer
14088,13,50491.81,2011-01-21 13:07:00,2011-11-29 16:16:00,Repeat customer
14089,1,161.0,2011-10-14 10:38:00,2011-10-14 10:38:00,One-time customer
14090,1,76.32000000000001,2011-01-19 10:51:00,2011-01-19 10:51:00,One-time customer
14092,14,4076.91,2010-12-16 15:47:00,2011-12-02 12:13:00,Repeat customer
14093,1,442.85,2011-11-27 16:27:00,2011-11-27 16:27:00,One-time customer
14096,17,65164.79,2011-08-30 10:49:00,2011-12-05 17:17:00,Repeat customer
14098,1,147.35,2011-11-03 10:13:00,2011-11-03 10:13:00,One-time customer
14099,11,3104.17,2010-12-20 11:14:00,2011-11-23 13:53:00,Repeat customer
14100,1,194.9,2011-07-25 11:01:00,2011-07-25 11:01:00,One-time customer
14101,6,5976.79,2011-01-17 13:09:00,2011-09-27 12:28:00,Repeat customer
14102,5,1360.28,2011-10-26 12:46:00,2011-12-04 15:38:00,Repeat customer
14104,2,216.20999999999998,2011-06-27 12:49:00,2011-07-08 12:50:00,Repeat customer
14105,1,1266.23,2011-04-14 17:58:00,2011-04-14 17:58:00,One-time customer
14107,7,2703.23,2010-12-10 13:29:00,2011-10-19 12:12:00,Repeat customer
14108,2,597.91,2011-08-30 11:32:00,2011-11-09 10:41:00,Repeat customer
14109,1,144.2,2011-09-28 10:18:00,2011-09-28 10:18:00,One-time customer
14110,12,5683.15,2011-03-18 09:59:00,2011-12-06 12:26:00,Repeat customer
14111,4,692.85,2011-04-12 11:36:00,2011-11-25 13:44:00,Repeat customer
14112,7,2915.15,2011-03-09 11:28:00,2011-11-17 12:30:00,Repeat customer
14113,4,1840.42,2010-12-20 12:14:00,2011-12-06 12:18:00,Repeat customer
14114,2,386.53,2011-01-13 11:05:00,2011-03-11 09:42:00,Repeat customer
14116,5,1382.74,2011-08-10 12:44:00,2011-11-20 10:29:00,Repeat customer
14117,1,90.0,2011-07-19 09:49:00,2011-07-19 09:49:00,One-time customer
14121,4,2780.15,2011-10-11 10:39:00,2011-12-06 12:19:00,Repeat customer
14124,1,419.58000000000004,2011-09-16 13:32:00,2011-09-16 13:32:00,One-time customer
14125,3,2740.43,2011-09-22 15:40:00,2011-11-29 12:47:00,Repeat customer
14126,3,706.1300000000001,2011-11-29 12:21:00,2011-12-02 11:45:00,Repeat customer
14127,3,709.71,2011-02-02 12:26:00,2011-08-09 10:49:00,Repeat customer
14128,2,637.5,2011-03-29 10:49:00,2011-10-10 12:00:00,Repeat customer
14129,5,1123.8600000000001,2011-03-24 08:44:00,2011-12-08 11:02:00,Repeat customer
14130,1,483.86,2011-01-24 16:05:00,2011-01-24 16:05:00,One-time customer
14132,11,3586.0299999999997,2011-06-09 12:04:00,2011-12-07 13:35:00,Repeat customer
14133,3,605.64,2011-01-28 11:27:00,2011-08-02 11:34:00,Repeat customer
14135,15,4690.31,2010-12-02 10:27:00,2011-12-08 11:38:00,Repeat customer
14138,2,982.3800000000001,2011-10-07 09:38:00,2011-12-08 12:44:00,Repeat customer
14139,1,415.82,2011-10-24 13:34:00,2011-10-24 13:34:00,One-time customer
14140,2,935.05,2011-11-08 11:20:00,2011-12-06 09:05:00,Repeat customer
14141,4,915.13,2011-08-26 14:40:00,2011-12-07 09:53:00,Repeat customer
14142,1,311.81,2010-12-01 16:33:00,2010-12-01 16:33:00,One-time customer
14143,1,115.8,2011-07-29 09:48:00,2011-07-29 09:48:00,One-time customer
14145,4,3742.2,2011-05-06 13:01:00,2011-10-24 12:10:00,Repeat customer
14146,5,4191.0,2010-12-17 15:52:00,2011-12-01 10:18:00,Repeat customer
14147,2,483.4,2011-02-27 11:42:00,2011-09-22 18:10:00,Repeat customer
14148,1,157.2,2011-04-20 12:02:00,2011-04-20 12:02:00,One-time customer
14149,1,446.62,2011-05-03 09:44:00,2011-05-03 09:44:00,One-time customer
14150,2,658.64,2010-12-15 10:04:00,2011-11-04 10:05:00,Repeat customer
14152,2,621.29,2011-04-19 15:46:00,2011-09-25 12:54:00,Repeat customer
14154,2,1345.62,2011-04-14 15:58:00,2011-04-14 16:26:00,Repeat customer
14155,1,118.75,2011-03-18 14:13:00,2011-03-18 14:13:00,One-time customer
14156,55,117379.63,2010-12-03 11:48:00,2011-11-30 10:54:00,Repeat customer
14157,2,432.88,2011-02-27 13:04:00,2011-11-20 11:32:00,Repeat customer
14158,1,507.66,2011-10-30 15:08:00,2011-10-30 15:08:00,One-time customer
14159,11,4693.01,2010-12-12 11:17:00,2011-11-20 12:36:00,Repeat customer
14161,3,1110.52,2010-12-05 13:18:00,2011-05-08 11:41:00,Repeat customer
14162,2,289.36,2011-02-20 12:32:00,2011-06-19 11:36:00,Repeat customer
14163,4,2445.91,2011-04-14 17:33:00,2011-09-13 15:18:00,Repeat customer
14164,2,1631.77,2011-09-20 12:18:00,2011-09-30 12:24:00,Repeat customer
14165,1,122.53999999999999,2011-03-09 12:39:00,2011-03-09 12:39:00,One-time customer
14167,4,574.84,2011-01-12 15:44:00,2011-10-31 14:29:00,Repeat customer
14171,1,363.79,2011-09-02 16:43:00,2011-09-02 16:43:00,One-time customer
14173,4,450.84,2011-05-04 14:03:00,2011-11-29 11:54:00,Repeat customer
14174,1,134.46,2011-11-06 13:17:00,2011-11-06 13:17:00,One-time customer
14175,3,3222.3,2011-01-14 12:22:00,2011-10-11 11:55:00,Repeat customer
14176,4,576.9000000000001,2010-12-07 11:45:00,2011-02-15 13:12:00,Repeat customer
14177,4,559.41,2011-06-13 11:10:00,2011-09-14 15:11:00,Repeat customer
14178,7,1620.93,2011-06-10 12:51:00,2011-12-01 12:01:00,Repeat customer
14179,2,719.78,2011-10-18 14:00:00,2011-10-30 12:07:00,Repeat customer
14180,25,4748.52,2010-12-02 13:08:00,2011-11-29 10:56:00,Repeat customer
14184,1,452.89,2011-10-04 12:43:00,2011-10-04 12:43:00,One-time customer
14185,1,197.65,2011-01-12 13:52:00,2011-01-12 13:52:00,One-time customer
14188,6,2054.36,2011-02-02 13:46:00,2011-11-09 12:45:00,Repeat customer
14189,15,4654.08,2010-12-06 11:42:00,2011-12-07 15:55:00,Repeat customer
14191,13,4684.76,2011-05-03 10:30:00,2011-12-08 09:23:00,Repeat customer
14193,2,853.39,2011-03-15 11:38:00,2011-10-03 09:34:00,Repeat customer
14194,21,11349.52,2011-02-04 14:51:00,2011-12-05 10:38:00,Repeat customer
14195,2,1012.0,2011-04-01 16:50:00,2011-05-22 10:29:00,Repeat customer
14196,1,335.52,2011-08-25 10:25:00,2011-08-25 10:25:00,One-time customer
14198,4,701.4,2011-04-14 14:54:00,2011-11-21 16:35:00,Repeat customer
14199,1,185.39999999999998,2011-05-05 13:44:00,2011-05-05 13:44:00,One-time customer
14201,7,747.44,2010-12-15 13:25:00,2011-10-10 13:27:00,Repeat customer
14204,1,161.03,2011-12-07 13:38:00,2011-12-07 13:38:00,One-time customer
14205,2,466.7,2011-03-20 15:07:00,2011-11-23 10:55:00,Repeat customer
14206,1,328.15999999999997,2011-04-14 16:38:00,2011-04-14 16:38:00,One-time customer
14208,1,151.74,2011-09-06 12:48:00,2011-09-06 12:48:00,One-time customer
14209,6,2073.43,2011-01-11 12:56:00,2011-11-29 10:18:00,Repeat customer
14210,6,1905.8400000000001,2010-12-03 12:43:00,2011-08-26 12:36:00,Repeat customer
14211,9,2241.1,2011-02-17 15:50:00,2011-10-17 13:23:00,Repeat customer
14212,1,1070.48,2011-09-11 12:45:00,2011-09-11 12:45:00,One-time customer
14214,5,1004.38,2011-03-07 12:26:00,2011-11-09 10:31:00,Repeat customer
14215,6,1789.72,2010-12-06 15:34:00,2011-11-28 12:19:00,Repeat customer
14216,4,1839.3,2011-11-02 10:51:00,2011-12-06 14:56:00,Repeat customer
14217,17,2004.98,2010-12-08 13:28:00,2011-12-08 11:53:00,Repeat customer
14218,1,169.48000000000002,2011-10-28 10:00:00,2011-10-28 10:00:00,One-time customer
14219,1,89.94,2011-12-05 16:23:00,2011-12-05 16:23:00,One-time customer
14220,2,632.4,2010-12-16 18:18:00,2011-04-06 13:23:00,Repeat customer
14221,9,3432.8,2011-01-04 15:33:00,2011-10-28 13:42:00,Repeat customer
14222,1,683.17,2011-06-15 16:42:00,2011-06-15 16:42:00,One-time customer
14223,3,991.13,2011-03-20 16:02:00,2011-09-08 13:38:00,Repeat customer
14224,4,1050.12,2011-01-23 13:58:00,2011-08-21 13:24:00,Repeat customer
14226,5,2232.19,2011-03-15 15:36:00,2011-11-11 11:34:00,Repeat customer
14227,10,3350.96,2011-02-28 12:27:00,2011-11-13 15:48:00,Repeat customer
14229,3,1547.2,2011-01-10 12:03:00,2011-10-19 10:04:00,Repeat customer
14231,3,925.71,2011-02-24 11:55:00,2011-06-09 11:05:00,Repeat customer
14232,5,2048.07,2011-03-20 12:44:00,2011-10-28 11:09:00,Repeat customer
14233,4,1462.72,2011-01-26 12:43:00,2011-10-21 15:54:00,Repeat customer
14234,4,775.46,2011-10-13 13:58:00,2011-11-17 17:53:00,Repeat customer
14235,5,3144.86,2011-03-24 13:23:00,2011-09-25 14:37:00,Repeat customer
14236,2,490.86,2010-12-02 18:49:00,2011-09-20 09:13:00,Repeat customer
14237,1,161.0,2010-12-01 13:20:00,2010-12-01 13:20:00,One-time customer
14238,1,146.85,2011-01-17 14:40:00,2011-01-17 14:40:00,One-time customer
14239,11,2380.85,2011-01-27 14:45:00,2011-10-27 14:40:00,Repeat customer
14240,2,890.34,2011-04-28 11:40:00,2011-11-09 13:45:00,Repeat customer
14241,1,213.70000000000002,2011-06-09 11:46:00,2011-06-09 11:46:00,One-time customer
14242,2,280.55,2011-01-18 08:53:00,2011-04-19 11:46:00,Repeat customer
14243,10,2588.77,2010-12-09 08:34:00,2011-12-01 11:12:00,Repeat customer
14245,2,1693.45,2011-03-21 10:41:00,2011-05-04 08:40:00,Repeat customer
14246,3,1474.06,2011-04-08 08:25:00,2011-08-21 11:50:00,Repeat customer
14247,1,136.76999999999998,2011-03-06 15:21:00,2011-03-06 15:21:00,One-time customer
14248,1,302.58,2011-01-25 14:45:00,2011-01-25 14:45:00,One-time customer
14250,3,1904.05,2011-09-11 13:44:00,2011-12-02 14:30:00,Repeat customer
14251,5,2879.7000000000003,2011-10-13 12:46:00,2011-12-08 08:32:00,Repeat customer
14256,2,969.0600000000001,2010-12-10 11:44:00,2011-03-24 13:17:00,Repeat customer
14257,5,3099.7200000000003,2011-01-25 10:49:00,2011-10-06 16:54:00,Repeat customer
14258,9,12669.98,2011-01-06 12:18:00,2011-11-30 15:27:00,Repeat customer
14259,1,120.0,2011-07-21 10:44:00,2011-07-21 10:44:00,One-time customer
14261,2,1163.45,2011-09-22 10:47:00,2011-10-20 10:04:00,Repeat customer
14262,8,2618.23,2011-04-13 12:23:00,2011-12-01 14:17:00,Repeat customer
14264,2,333.97,2011-04-08 12:20:00,2011-07-08 10:20:00,Repeat customer
14265,2,530.18,2011-07-14 09:10:00,2011-08-22 13:32:00,Repeat customer
14267,3,1516.24,2011-03-24 11:38:00,2011-06-30 10:09:00,Repeat customer
14270,1,492.65000000000003,2011-01-12 09:33:00,2011-01-12 09:33:00,One-time customer
14271,1,112.32,2011-04-28 12:47:00,2011-04-28 12:47:00,One-time customer
14272,2,437.96,2011-03-30 13:57:00,2011-09-27 10:08:00,Repeat customer
14273,4,559.97,2011-04-11 13:24:00,2011-10-19 13:20:00,Repeat customer
14276,3,1119.74,2011-02-23 09:38:00,2011-09-02 09:45:00,Repeat customer
14277,3,4216.2,2011-05-11 13:20:00,2011-11-24 15:01:00,Repeat customer
14280,1,134.04,2011-05-27 10:37:00,2011-05-27 10:37:00,One-time customer
14282,15,3729.34,2010-12-07 12:21:00,2011-12-06 17:04:00,Repeat customer
14284,2,595.25,2011-09-14 13:04:00,2011-11-09 08:11:00,Repeat customer
14285,4,1910.01,2011-06-16 12:36:00,2011-11-18 14:50:00,Repeat customer
14286,3,4628.75,2011-04-11 08:16:00,2011-11-16 10:34:00,Repeat customer
14287,3,176.63,2011-05-25 11:41:00,2011-12-01 13:25:00,Repeat customer
14288,1,426.6,2011-05-10 13:22:00,2011-05-10 13:22:00,One-time customer
14289,6,911.26,2011-02-23 12:33:00,2011-12-01 11:44:00,Repeat customer
14290,5,2314.65,2010-12-13 10:24:00,2011-11-28 14:02:00,Repeat customer
14291,11,3883.25,2011-03-09 15:20:00,2011-12-08 10:26:00,Repeat customer
14292,9,4871.93,2011-03-02 08:26:00,2011-12-02 11:50:00,Repeat customer
14293,4,1046.56,2010-12-06 10:18:00,2011-12-06 15:17:00,Repeat customer
14295,1,166.20000000000002,2011-10-30 15:50:00,2011-10-30 15:50:00,One-time customer
14297,4,1305.33,2011-03-10 08:31:00,2011-11-22 09:06:00,Repeat customer
14298,44,51527.3,2010-12-14 12:59:00,2011-12-01 13:12:00,Repeat customer
14299,9,3965.62,2010-12-09 10:30:00,2011-12-01 16:05:00,Repeat customer
14300,1,43.2,2011-11-21 08:57:00,2011-11-21 08:57:00,One-time customer
14301,1,640.14,2011-08-14 15:33:00,2011-08-14 15:33:00,One-time customer
14304,1,383.45,2011-05-01 11:50:00,2011-05-01 11:50:00,One-time customer
14305,3,1858.96,2011-07-27 14:14:00,2011-09-29 15:29:00,Repeat customer
14306,2,2093.32,2011-09-15 10:31:00,2011-10-19 13:23:00,Repeat customer
14307,6,2995.72,2010-12-01 11:41:00,2011-09-12 09:38:00,Repeat customer
14309,9,2352.53,2010-12-16 13:05:00,2011-12-01 13:33:00,Repeat customer
14311,1,310.26,2011-04-11 10:14:00,2011-04-11 10:14:00,One-time customer
14312,6,1611.59,2011-01-06 16:35:00,2011-10-24 09:46:00,Repeat customer
14314,1,120.0,2011-08-25 10:39:00,2011-08-25 10:39:00,One-time customer
14315,6,2481.13,2011-03-18 12:59:00,2011-10-26 12:06:00,Repeat customer
14317,1,508.58000000000004,2011-10-06 10:44:00,2011-10-06 10:44:00,One-time customer
14320,2,477.79,2011-01-11 09:12:00,2011-05-17 09:24:00,Repeat customer
14321,5,1530.75,2011-01-10 11:35:00,2011-11-29 09:47:00,Repeat customer
14323,2,605.0600000000001,2011-04-15 11:44:00,2011-08-17 11:37:00,Repeat customer
14326,1,183.85,2011-04-11 15:04:00,2011-04-11 15:04:00,One-time customer
14327,1,311.65,2011-06-29 13:58:00,2011-06-29 13:58:00,One-time customer
14329,7,5014.84,2011-01-14 13:42:00,2011-11-22 15:50:00,Repeat customer
14331,2,462.65999999999997,2011-07-27 15:14:00,2011-08-07 13:17:00,Repeat customer
14332,3,866.31,2011-07-15 10:33:00,2011-11-17 11:54:00,Repeat customer
14333,1,415.2,2011-10-03 10:38:00,2011-10-03 10:38:00,One-time customer
14334,8,2552.21,2010-12-16 17:37:00,2011-11-23 10:01:00,Repeat customer
14335,2,468.26,2011-09-04 13:07:00,2011-11-23 13:41:00,Repeat customer
14336,4,1614.91,2011-03-08 16:48:00,2011-11-23 11:40:00,Repeat customer
14338,2,588.22,2011-05-27 13:30:00,2011-07-01 14:08:00,Repeat customer
14339,1,309.52,2011-04-11 11:06:00,2011-04-11 11:06:00,One-time customer
14340,1,134.7,2011-05-05 09:44:00,2011-05-05 09:44:00,One-time customer
14341,8,2182.28,2011-01-25 13:55:00,2011-10-25 15:48:00,Repeat customer
14342,4,668.5600000000001,2011-05-13 13:50:00,2011-11-18 13:21:00,Repeat customer
14344,8,889.9300000000001,2010-12-06 11:58:00,2011-08-04 13:51:00,Repeat customer
14345,1,108.97999999999999,2011-11-01 09:51:00,2011-11-01 09:51:00,One-time customer
14346,2,1021.58,2011-02-15 13:52:00,2011-08-11 09:47:00,Repeat customer
14348,1,409.57,2011-03-24 16:23:00,2011-03-24 16:23:00,One-time customer
14349,1,133.5,2011-11-29 15:39:00,2011-11-29 15:39:00,One-time customer
14350,1,282.93,2011-03-10 14:14:00,2011-03-10 14:14:00,One-time customer
14351,1,51.0,2011-06-28 11:56:00,2011-06-28 11:56:00,One-time customer
14352,4,1078.96,2011-03-11 14:58:00,2011-07-05 15:41:00,Repeat customer
14353,1,90.6,2011-05-08 16:06:00,2011-05-08 16:06:00,One-time customer
14354,2,163.62,2011-11-09 15:36:00,2011-12-04 11:32:00,Repeat customer
14355,1,174.4,2010-12-09 12:16:00,2010-12-09 12:16:00,One-time customer
14356,2,701.23,2011-09-19 14:43:00,2011-09-21 09:18:00,Repeat customer
14357,1,225.77,2011-10-27 16:23:00,2011-10-27 16:23:00,One-time customer
14359,3,912.18,2011-09-13 09:03:00,2011-11-20 13:17:00,Repeat customer
14360,4,2128.23,2011-09-06 11:58:00,2011-11-08 09:12:00,Repeat customer
14362,1,161.2,2011-11-17 15:08:00,2011-11-17 15:08:00,One-time customer
14364,8,3717.35,2011-05-12 12:56:00,2011-08-23 11:01:00,Repeat customer
14367,16,9261.52,2011-03-08 14:12:00,2011-12-01 13:19:00,Repeat customer
14368,1,155.0,2011-01-24 09:52:00,2011-01-24 09:52:00,One-time customer
14371,1,100.5,2011-02-17 16:35:00,2011-02-17 16:35:00,One-time customer
14373,1,76.55,2010-12-16 15:40:00,2010-12-16 15:40:00,One-time customer
14375,1,257.68,2011-06-07 13:44:00,2011-06-07 13:44:00,One-time customer
14377,2,617.05,2011-03-22 13:38:00,2011-06-01 13:32:00,Repeat customer
14379,2,348.1,2011-02-17 15:03:00,2011-10-26 16:43:00,Repeat customer
14381,1,202.68,2011-10-18 17:10:00,2011-10-18 17:10:00,One-time customer
14382,1,626.0699999999999,2011-11-13 16:18:00,2011-11-13 16:18:00,One-time customer
14383,3,1247.69,2011-06-29 10:18:00,2011-11-01 15:53:00,Repeat customer
14385,3,202.11,2011-11-16 11:55:00,2011-11-30 15:36:00,Repeat customer
14386,1,142.4,2011-02-16 09:45:00,2011-02-16 09:45:00,One-time customer
14387,3,1770.56,2011-08-22 14:13:00,2011-11-07 12:29:00,Repeat customer
14388,8,3212.84,2010-12-02 11:02:00,2011-11-29 13:32:00,Repeat customer
14389,2,1043.46,2011-06-02 12:04:00,2011-10-05 15:17:00,Repeat customer
14390,9,4652.82,2010-12-02 11:57:00,2011-11-29 13:49:00,Repeat customer
14393,1,67.95,2011-05-05 18:16:00,2011-05-05 18:16:00,One-time customer
14395,9,3507.71,2010-12-02 18:15:00,2011-12-07 14:34:00,Repeat customer
14396,2,487.99,2010-12-03 15:19:00,2011-10-05 16:09:00,Repeat customer
14397,19,2612.96,2011-05-10 12:25:00,2011-12-07 09:22:00,Repeat customer
14400,1,574.7,2011-07-13 15:50:00,2011-07-13 15:50:00,One-time customer
14401,13,4051.48,2010-12-15 09:07:00,2011-12-05 13:30:00,Repeat customer
14403,4,1475.81,2011-04-06 14:23:00,2011-08-01 12:57:00,Repeat customer
14404,6,1474.32,2010-12-05 16:00:00,2011-11-06 12:30:00,Repeat customer
14406,1,156.75,2011-08-12 16:54:00,2011-08-12 16:54:00,One-time customer
14407,6,2157.73,2011-03-08 11:59:00,2011-08-24 14:02:00,Repeat customer
14408,7,2606.53,2011-03-20 14:41:00,2011-11-29 11:41:00,Repeat customer
14409,6,2059.4500000000003,2010-12-06 15:03:00,2011-09-29 18:18:00,Repeat customer
14410,9,1105.07,2011-02-07 09:36:00,2011-09-08 15:08:00,Repeat customer
14411,1,1063.0,2011-02-02 10:56:00,2011-02-02 10:56:00,One-time customer
14412,2,770.03,2011-09-28 08:48:00,2011-10-28 10:45:00,Repeat customer
14413,1,122.7,2010-12-12 13:37:00,2010-12-12 13:37:00,One-time customer
14414,7,1496.98,2010-12-16 11:11:00,2011-09-09 12:09:00,Repeat customer
14415,13,5900.28,2010-12-14 13:31:00,2011-12-08 14:38:00,Repeat customer
14416,2,490.22,2011-10-28 15:10:00,2011-11-17 15:22:00,Repeat customer
14418,3,1937.25,2011-08-23 17:18:00,2011-12-06 11:39:00,Repeat customer
14419,6,1058.06,2010-12-10 10:56:00,2011-11-29 11:22:00,Repeat customer
14420,1,387.52,2011-09-01 18:07:00,2011-09-01 18:07:00,One-time customer
14421,2,813.11,2011-05-12 10:49:00,2011-10-13 13:24:00,Repeat customer
14422,6,4263.64,2011-03-17 17:26:00,2011-12-09 11:26:00,Repeat customer
14423,1,265.2,2011-05-05 15:12:00,2011-05-05 15:12:00,One-time customer
14424,1,322.08,2011-11-22 11:48:00,2011-11-22 11:48:00,One-time customer
14426,10,4481.67,2011-01-31 09:51:00,2011-11-16 12:25:00,Repeat customer
14427,2,363.34000000000003,2011-10-07 09:10:00,2011-10-20 14:23:00,Repeat customer
14428,5,1244.83,2011-01-18 16:39:00,2011-12-02 13:17:00,Repeat customer
14431,1,470.36,2011-02-10 10:40:00,2011-02-10 10:40:00,One-time customer
14432,6,2255.51,2011-09-11 14:09:00,2011-11-30 08:04:00,Repeat customer
14434,6,1372.8,2011-09-28 15:31:00,2011-11-18 08:56:00,Repeat customer
14436,1,89.06,2011-09-02 10:13:00,2011-09-02 10:13:00,One-time customer
14437,1,63.0,2010-12-09 09:27:00,2010-12-09 09:27:00,One-time customer
14438,1,131.9,2011-02-06 14:56:00,2011-02-06 14:56:00,One-time customer
14439,1,2661.24,2011-01-24 11:39:00,2011-01-24 11:39:00,One-time customer
14440,5,2357.6800000000003,2010-12-09 12:49:00,2011-12-01 15:42:00,Repeat customer
14441,4,1712.89,2011-03-29 12:01:00,2011-12-09 09:07:00,Repeat customer
14442,2,1589.82,2011-01-27 09:33:00,2011-05-19 11:36:00,Repeat customer
14443,4,1420.2,2010-12-06 11:03:00,2011-10-17 10:10:00,Repeat customer
14446,4,1039.58,2011-04-07 12:10:00,2011-12-09 11:34:00,Repeat customer
14447,5,1163.23,2011-03-04 10:49:00,2011-11-21 08:28:00,Repeat customer
14448,2,375.35,2010-12-10 17:26:00,2011-11-30 13:50:00,Repeat customer
14449,4,907.1,2010-12-02 14:09:00,2011-11-21 12:06:00,Repeat customer
14450,3,483.25,2011-01-23 11:53:00,2011-06-12 10:46:00,Repeat customer
14451,2,662.59,2011-05-29 12:35:00,2011-10-10 13:38:00,Repeat customer
14452,2,264.44,2011-09-07 11:32:00,2011-11-29 12:06:00,Repeat customer
14453,1,119.93,2011-06-02 14:15:00,2011-06-02 14:15:00,One-time customer
14456,9,3062.4,2011-07-20 13:06:00,2011-12-04 13:59:00,Repeat customer
14457,1,113.64,2011-02-02 09:39:00,2011-02-02 09:39:00,One-time customer
14459,1,1837.92,2011-07-07 13:35:00,2011-07-07 13:35:00,One-time customer
14460,3,434.34,2011-02-02 11:55:00,2011-08-21 14:19:00,Repeat customer
14461,3,2103.06,2011-03-23 12:15:00,2011-07-14 17:11:00,Repeat customer
14462,11,2004.02,2011-01-04 12:45:00,2011-10-04 15:55:00,Repeat customer
14463,3,529.62,2011-05-18 14:42:00,2011-09-02 15:20:00,Repeat customer
14465,3,1058.6200000000001,2011-02-10 12:13:00,2011-04-07 12:38:00,Repeat customer
14466,7,2272.4,2010-12-02 13:36:00,2011-11-10 14:07:00,Repeat customer
14467,4,598.76,2011-01-31 12:35:00,2011-11-22 12:48:00,Repeat customer
14470,2,461.19,2011-02-25 11:56:00,2011-11-28 10:31:00,Repeat customer
14472,8,1936.84,2010-12-19 14:03:00,2011-08-28 11:01:00,Repeat customer
14473,2,234.34000000000003,2011-03-02 13:56:00,2011-09-26 15:10:00,Repeat customer
14474,1,547.66,2011-10-24 13:26:00,2011-10-24 13:26:00,One-time customer
14475,3,925.85,2011-02-08 10:12:00,2011-09-29 10:46:00,Repeat customer
14476,1,215.7,2011-03-27 15:39:00,2011-03-27 15:39:00,One-time customer
14477,4,1309.6,2011-02-15 15:44:00,2011-11-20 11:11:00,Repeat customer
14479,2,316.25,2010-12-09 12:59:00,2011-03-31 09:07:00,Repeat customer
14480,1,279.05,2011-11-28 16:35:00,2011-11-28 16:35:00,One-time customer
14481,2,636.51,2011-02-25 13:53:00,2011-06-28 10:38:00,Repeat customer
14482,6,2068.15,2011-04-14 16:41:00,2011-11-21 13:14:00,Repeat customer
14483,1,137.1,2011-03-03 10:26:00,2011-03-03 10:26:00,One-time customer
14484,1,321.92,2011-10-20 14:11:00,2011-10-20 14:11:00,One-time customer
14485,1,165.75,2011-11-01 12:25:00,2011-11-01 12:25:00,One-time customer
14487,6,1196.33,2010-12-06 13:22:00,2011-11-13 12:17:00,Repeat customer
14488,1,1064.28,2011-10-03 09:30:00,2011-10-03 09:30:00,One-time customer
14489,1,463.38,2011-05-16 14:51:00,2011-05-16 14:51:00,One-time customer
14491,2,340.93,2010-12-02 12:10:00,2011-06-17 15:22:00,Repeat customer
14493,5,2383.2400000000002,2011-07-07 16:59:00,2011-12-02 16:14:00,Repeat customer
14494,1,139.56,2011-11-14 09:21:00,2011-11-14 09:21:00,One-time customer
14495,2,123.8,2011-08-10 14:13:00,2011-10-20 12:28:00,Repeat customer
14496,2,538.8100000000001,2010-12-01 15:35:00,2011-02-01 09:01:00,Repeat customer
14497,1,475.37,2011-02-03 17:01:00,2011-02-03 17:01:00,One-time customer
14498,5,1957.32,2010-12-13 11:29:00,2011-10-28 12:09:00,Repeat customer
14499,3,815.32,2011-03-06 11:55:00,2011-11-13 13:01:00,Repeat customer
14500,3,356.85,2011-06-03 10:08:00,2011-09-12 16:45:00,Repeat customer
14501,2,251.21,2011-01-24 10:43:00,2011-06-09 12:02:00,Repeat customer
14502,11,2470.67,2011-01-30 15:52:00,2011-11-20 11:50:00,Repeat customer
14503,6,3543.26,2011-06-14 10:00:00,2011-12-06 13:30:00,Repeat customer
14504,4,673.26,2011-03-06 14:38:00,2011-10-23 16:00:00,Repeat customer
14505,8,5905.64,2010-12-12 16:14:00,2011-11-22 15:45:00,Repeat customer
14506,5,2012.17,2010-12-05 14:25:00,2011-11-22 13:02:00,Repeat customer
14507,6,1383.18,2011-03-08 17:23:00,2011-11-16 12:21:00,Repeat customer
14508,2,276.42,2011-09-11 11:29:00,2011-11-17 19:48:00,Repeat customer
14511,5,1314.81,2011-07-29 12:13:00,2011-11-28 17:05:00,Repeat customer
14512,2,275.28,2011-04-21 19:05:00,2011-06-05 12:39:00,Repeat customer
14513,3,455.59000000000003,2011-02-24 09:36:00,2011-08-31 11:25:00,Repeat customer
14514,3,1055.35,2011-01-12 15:22:00,2011-10-09 16:05:00,Repeat customer
14515,6,2102.09,2011-05-05 12:13:00,2011-11-22 11:37:00,Repeat customer
14517,2,330.45,2011-07-21 11:42:00,2011-11-06 14:20:00,Repeat customer
14518,1,174.37,2011-10-06 14:43:00,2011-10-06 14:43:00,One-time customer
14520,2,270.6,2011-02-22 09:15:00,2011-12-08 09:46:00,Repeat customer
14522,4,974.54,2011-05-25 16:01:00,2011-11-15 13:24:00,Repeat customer
14523,1,241.09,2011-08-23 13:13:00,2011-08-23 13:13:00,One-time customer
14524,9,1867.68,2010-12-14 11:01:00,2011-11-08 12:29:00,Repeat customer
14525,9,4332.2,2010-12-13 17:40:00,2011-11-20 11:37:00,Repeat customer
14527,55,8508.82,2010-12-05 13:17:00,2011-12-07 12:19:00,Repeat customer
14528,1,364.21999999999997,2011-11-02 17:09:00,2011-11-02 17:09:00,One-time customer
14529,3,620.04,2011-08-21 14:10:00,2011-10-10 15:27:00,Repeat customer
14530,6,2925.91,2011-02-16 10:47:00,2011-11-14 10:38:00,Repeat customer
14532,4,932.85,2010-12-22 13:48:00,2011-04-17 13:05:00,Repeat customer
14533,7,1949.72,2010-12-22 11:07:00,2011-11-15 12:05:00,Repeat customer
14534,18,4447.05,2011-01-25 12:33:00,2011-12-07 12:19:00,Repeat customer
14535,3,2864.19,2011-04-05 12:50:00,2011-10-10 15:39:00,Repeat customer
14536,1,171.8,2011-03-25 12:21:00,2011-03-25 12:21:00,One-time customer
14537,1,355.56,2011-10-13 10:54:00,2011-10-13 10:54:00,One-time customer
14538,2,388.25,2011-03-28 14:57:00,2011-10-06 10:31:00,Repeat customer
14539,2,537.48,2011-10-26 12:03:00,2011-11-24 09:50:00,Repeat customer
14540,3,996.26,2011-02-03 15:02:00,2011-11-30 10:15:00,Repeat customer
14541,8,1461.65,2011-01-24 14:16:00,2011-10-12 10:08:00,Repeat customer
14542,1,103.25,2011-06-07 08:19:00,2011-06-07 08:19:00,One-time customer
14543,16,3630.33,2010-12-10 11:51:00,2011-11-11 12:45:00,Repeat customer
14544,2,2024.45,2010-12-13 12:50:00,2011-11-15 15:06:00,Repeat customer
14546,5,2578.09,2011-04-05 12:37:00,2011-12-04 13:00:00,Repeat customer
14547,8,4007.54,2011-10-16 14:35:00,2011-12-06 11:06:00,Repeat customer
14548,2,652.8,2011-01-26 08:38:00,2011-07-12 12:19:00,Repeat customer
14549,1,289.24,2011-02-01 13:47:00,2011-02-01 13:47:00,One-time customer
14550,2,765.62,2011-10-26 12:14:00,2011-11-29 12:12:00,Repeat customer
14551,2,186.23,2011-05-19 18:21:00,2011-11-21 13:36:00,Repeat customer
14552,1,165.07,2011-07-11 12:49:00,2011-07-11 12:49:00,One-time customer
14553,5,859.27,2011-01-04 15:40:00,2011-11-20 13:20:00,Repeat customer
14554,4,2381.04,2011-10-18 13:04:00,2011-11-29 16:44:00,Repeat customer
14555,2,324.14,2011-02-10 17:19:00,2011-10-13 16:24:00,Repeat customer
14557,1,788.38,2011-09-15 15:48:00,2011-09-15 15:48:00,One-time customer
14560,22,2237.77,2010-12-17 09:22:00,2011-12-02 15:22:00,Repeat customer
14561,3,1080.76,2011-06-08 13:26:00,2011-09-25 12:39:00,Repeat customer
14562,18,5074.77,2011-02-08 14:45:00,2011-12-06 11:05:00,Repeat customer
14565,4,3099.12,2010-12-13 13:25:00,2011-09-05 09:07:00,Repeat customer
14566,1,1432.0,2011-08-21 11:05:00,2011-08-21 11:05:00,One-time customer
14567,2,1530.3600000000001,2011-08-01 13:48:00,2011-10-14 10:21:00,Repeat customer
14569,1,227.39,2011-12-08 14:58:00,2011-12-08 14:58:00,One-time customer
14570,2,218.06,2011-03-04 10:39:00,2011-03-04 10:58:00,Repeat customer
14572,7,2832.84,2011-01-19 17:23:00,2011-12-06 14:40:00,Repeat customer
14573,9,1653.42,2010-12-02 19:59:00,2011-06-13 11:15:00,Repeat customer
14576,1,35.400000000000006,2010-12-02 17:51:00,2010-12-02 17:51:00,One-time customer
14577,4,859.71,2010-12-12 11:26:00,2011-11-27 12:47:00,Repeat customer
14578,1,168.63,2011-12-06 17:18:00,2011-12-06 17:18:00,One-time customer
14581,1,138.6,2011-11-23 12:39:00,2011-11-23 12:39:00,One-time customer
14582,1,114.11,2011-10-30 11:56:00,2011-10-30 11:56:00,One-time customer
14583,5,1052.55,2011-05-18 11:28:00,2011-12-04 12:32:00,Repeat customer
14584,4,1042.26,2011-05-25 17:31:00,2011-06-23 18:33:00,Repeat customer
14585,1,157.05,2011-10-20 14:33:00,2011-10-20 14:33:00,One-time customer
14586,1,237.36,2011-03-08 10:04:00,2011-03-08 10:04:00,One-time customer
14587,9,1601.14,2011-01-12 13:16:00,2011-11-21 11:34:00,Repeat customer
14589,1,39.75,2010-12-03 11:42:00,2010-12-03 11:42:00,One-time customer
14591,4,1447.14,2011-05-10 14:09:00,2011-11-24 13:57:00,Repeat customer
14592,3,570.46,2011-10-06 18:08:00,2011-11-04 16:35:00,Repeat customer
14593,3,617.99,2011-05-25 11:14:00,2011-11-18 12:48:00,Repeat customer
14594,2,379.83,2010-12-01 13:54:00,2011-12-02 13:28:00,Repeat customer
14595,6,1740.6,2011-01-30 13:36:00,2011-11-20 12:12:00,Repeat customer
14597,2,883.15,2011-06-01 12:33:00,2011-11-28 13:13:00,Repeat customer
14598,1,221.97,2011-10-26 13:19:00,2011-10-26 13:19:00,One-time customer
14600,1,393.33000000000004,2011-02-07 09:48:00,2011-02-07 09:48:00,One-time customer
14601,1,213.96,2011-11-29 09:48:00,2011-11-29 09:48:00,One-time customer
14603,1,660.0,2011-03-10 10:27:00,2011-03-10 10:27:00,One-time customer
14606,93,12156.65,2010-12-01 16:57:00,2011-12-08 19:28:00,Repeat customer
14607,14,16569.5,2011-03-23 15:22:00,2011-11-24 10:35:00,Repeat customer
14608,4,1785.15,2010-12-12 14:49:00,2011-12-05 16:52:00,Repeat customer
14609,4,601.56,2011-02-16 12:10:00,2011-09-28 12:54:00,Repeat customer
14616,3,406.08000000000004,2011-01-26 12:42:00,2011-04-11 09:54:00,Repeat customer
14618,3,553.44,2011-01-06 11:59:00,2011-11-30 13:45:00,Repeat customer
14619,1,394.44,2011-04-08 07:37:00,2011-04-08 07:37:00,One-time customer
14620,2,412.78000000000003,2011-03-01 08:30:00,2011-05-18 11:58:00,Repeat customer
14621,5,1788.3600000000001,2010-12-16 13:00:00,2011-12-08 16:22:00,Repeat customer
14622,1,320.58000000000004,2011-06-08 12:42:00,2011-06-08 12:42:00,One-time customer
14623,5,889.25,2011-04-18 13:54:00,2011-11-07 13:56:00,Repeat customer
14624,2,225.85,2011-10-11 14:39:00,2011-10-13 13:44:00,Repeat customer
14625,2,899.63,2010-12-13 15:36:00,2011-05-27 15:32:00,Repeat customer
14626,4,2791.27,2011-04-20 13:18:00,2011-11-16 10:37:00,Repeat customer
14628,2,671.96,2011-04-11 14:43:00,2011-09-09 14:58:00,Repeat customer
14629,2,959.01,2011-10-23 16:13:00,2011-12-05 16:55:00,Repeat customer
14631,3,1006.98,2011-02-14 09:31:00,2011-10-20 11:17:00,Repeat customer
14632,1,114.56,2011-03-22 08:49:00,2011-03-22 08:49:00,One-time customer
14633,1,344.90000000000003,2011-03-18 17:07:00,2011-03-18 17:07:00,One-time customer
14636,2,609.85,2011-03-16 09:52:00,2011-11-03 16:12:00,Repeat customer
14638,1,443.6,2011-10-20 10:10:00,2011-10-20 10:10:00,One-time customer
14639,6,2984.49,2010-12-13 13:50:00,2011-10-18 15:06:00,Repeat customer
14640,6,2125.08,2011-04-26 12:31:00,2011-11-15 13:07:00,Repeat customer
14641,1,110.46,2011-11-18 10:42:00,2011-11-18 10:42:00,One-time customer
14642,1,96.12,2011-10-12 11:08:00,2011-10-12 11:08:00,One-time customer
14643,2,693.8100000000001,2010-12-16 17:53:00,2011-06-22 14:41:00,Repeat customer
14644,2,830.76,2011-02-14 14:14:00,2011-10-03 08:30:00,Repeat customer
14645,2,597.09,2011-03-09 09:52:00,2011-07-06 09:15:00,Repeat customer
14646,73,280206.02,2010-12-20 10:09:00,2011-12-08 12:12:00,Repeat customer
14647,1,243.22,2011-05-22 13:40:00,2011-05-22 13:40:00,One-time customer
14649,4,1417.29,2011-05-11 14:37:00,2011-12-05 12:30:00,Repeat customer
14651,2,654.6,2011-05-12 16:29:00,2011-10-03 15:52:00,Repeat customer
14652,1,114.18,2011-09-23 14:21:00,2011-09-23 14:21:00,One-time customer
14653,7,1947.55,2011-01-05 13:40:00,2011-12-08 13:45:00,Repeat customer
14655,4,1932.23,2011-05-01 14:59:00,2011-12-01 16:28:00,Repeat customer
14656,2,291.05,2011-03-01 13:19:00,2011-06-23 13:51:00,Repeat customer
14657,4,848.22,2011-01-17 15:19:00,2011-11-22 12:47:00,Repeat customer
14658,2,247.15,2011-08-14 15:42:00,2011-12-04 15:35:00,Repeat customer
14659,9,2529.93,2011-01-28 12:43:00,2011-12-01 12:17:00,Repeat customer
14660,2,285.74,2011-08-31 10:40:00,2011-09-14 11:34:00,Repeat customer
14661,1,107.95,2011-11-13 11:51:00,2011-11-13 11:51:00,One-time customer
14662,4,771.17,2011-01-27 17:41:00,2011-11-11 12:13:00,Repeat customer
14664,2,637.89,2011-11-06 14:56:00,2011-11-20 10:59:00,Repeat customer
14665,5,1835.7,2011-02-02 09:08:00,2011-10-10 09:14:00,Repeat customer
14666,1,195.25,2011-11-15 12:57:00,2011-11-15 12:57:00,One-time customer
14667,25,9241.2,2010-12-06 13:13:00,2011-11-29 11:30:00,Repeat customer
14669,3,1269.99,2011-01-11 12:30:00,2011-04-12 11:43:00,Repeat customer
14670,2,411.53,2011-03-04 13:58:00,2011-03-04 14:13:00,Repeat customer
14672,2,765.55,2011-01-07 15:48:00,2011-04-19 10:19:00,Repeat customer
14673,5,1736.4,2010-12-07 12:49:00,2011-12-06 14:31:00,Repeat customer
14675,1,604.75,2011-11-23 12:58:00,2011-11-23 12:58:00,One-time customer
14676,6,2548.2400000000002,2011-03-01 14:26:00,2011-11-08 13:29:00,Repeat customer
14680,16,28754.11,2010-12-03 12:05:00,2011-11-14 16:59:00,Repeat customer
14681,3,498.95,2011-05-12 10:45:00,2011-09-29 15:52:00,Repeat customer
14682,2,52.0,2011-05-22 12:51:00,2011-06-05 12:12:00,Repeat customer
14684,5,1236.28,2010-12-12 12:44:00,2011-11-14 11:33:00,Repeat customer
14687,1,628.38,2011-08-25 11:59:00,2011-08-25 11:59:00,One-time customer
14688,21,5630.87,2010-12-01 09:37:00,2011-12-02 12:26:00,Repeat customer
14689,1,112.8,2011-05-15 11:22:00,2011-05-15 11:22:00,One-time customer
14690,2,371.7,2011-07-11 11:58:00,2011-10-26 15:39:00,Repeat customer
14691,5,2114.33,2011-05-11 09:55:00,2011-11-09 12:30:00,Repeat customer
14692,4,591.55,2011-01-21 13:47:00,2011-07-25 15:08:00,Repeat customer
14693,1,172.9,2011-03-20 12:50:00,2011-03-20 12:50:00,One-time customer
14696,7,2078.95,2010-12-01 15:37:00,2011-12-05 13:43:00,Repeat customer
14697,2,188.60999999999999,2011-05-05 15:29:00,2011-05-05 15:39:00,Repeat customer
14698,5,1250.76,2011-10-19 12:54:00,2011-12-08 12:26:00,Repeat customer
14699,1,109.13000000000001,2011-05-09 14:54:00,2011-05-09 14:54:00,One-time customer
14700,3,2235.3,2011-04-15 13:16:00,2011-11-07 14:40:00,Repeat customer
14701,9,2549.37,2011-01-27 12:40:00,2011-11-29 12:38:00,Repeat customer
14702,17,3292.14,2010-12-09 19:23:00,2011-12-08 19:29:00,Repeat customer
14703,1,318.17,2011-11-25 09:23:00,2011-11-25 09:23:00,One-time customer
14704,9,1546.91,2011-06-12 13:59:00,2011-11-28 12:51:00,Repeat customer
14705,1,179.0,2011-05-25 12:39:00,2011-05-25 12:39:00,One-time customer
14708,3,1126.37,2010-12-06 12:23:00,2011-12-07 08:21:00,Repeat customer
14709,13,4921.04,2010-12-16 13:43:00,2011-11-24 15:41:00,Repeat customer
14710,4,606.13,2011-10-11 13:49:00,2011-11-25 14:53:00,Repeat customer
14711,11,2868.8,2011-03-22 13:32:00,2011-11-29 14:58:00,Repeat customer
14712,3,917.07,2011-08-19 13:33:00,2011-11-10 12:59:00,Repeat customer
14713,11,2666.36,2010-12-09 18:58:00,2011-11-30 16:26:00,Repeat customer
14714,1,160.19,2011-11-15 13:07:00,2011-11-15 13:07:00,One-time customer
14715,4,867.38,2011-01-12 13:27:00,2011-11-15 12:10:00,Repeat customer
14716,2,329.68,2011-07-14 12:42:00,2011-10-27 17:29:00,Repeat customer
14719,5,1602.13,2011-04-04 14:17:00,2011-12-08 12:43:00,Repeat customer
14720,3,663.81,2011-08-05 12:06:00,2011-12-04 12:02:00,Repeat customer
14722,1,187.92000000000002,2011-07-15 14:58:00,2011-07-15 14:58:00,One-time customer
14723,6,1158.3,2010-12-03 14:18:00,2011-11-29 15:23:00,Repeat customer
14725,1,718.08,2011-11-15 12:42:00,2011-11-15 12:42:00,One-time customer
14727,1,268.58,2011-03-10 14:45:00,2011-03-10 14:45:00,One-time customer
14729,1,313.49,2010-12-01 12:43:00,2010-12-01 12:43:00,One-time customer
14730,8,2005.06,2011-03-08 12:49:00,2011-12-08 14:39:00,Repeat customer
14731,3,380.02,2011-05-11 13:06:00,2011-10-23 15:54:00,Repeat customer
14732,8,2702.4900000000002,2011-01-04 14:40:00,2011-12-01 14:34:00,Repeat customer
14733,12,9585.91,2010-12-07 11:30:00,2011-11-23 15:39:00,Repeat customer
14735,32,6065.69,2010-12-16 16:05:00,2011-12-06 12:09:00,Repeat customer
14737,3,1164.55,2010-12-21 13:49:00,2011-12-06 10:16:00,Repeat customer
14738,7,1314.45,2011-01-27 14:10:00,2011-10-28 08:56:00,Repeat customer
14739,7,3902.28,2010-12-07 14:58:00,2011-12-05 16:54:00,Repeat customer
14740,3,1448.21,2011-03-01 08:35:00,2011-05-26 18:17:00,Repeat customer
14741,6,1400.34,2010-12-02 08:43:00,2011-11-28 08:48:00,Repeat customer
14744,7,1099.98,2010-12-08 10:21:00,2011-11-23 12:51:00,Repeat customer
14745,5,1220.26,2011-02-27 15:25:00,2011-08-19 10:05:00,Repeat customer
14747,1,328.2,2011-04-04 14:09:00,2011-04-04 14:09:00,One-time customer
14748,5,1415.75,2010-12-06 10:19:00,2011-11-10 18:33:00,Repeat customer
14752,1,389.64,2011-10-27 11:55:00,2011-10-27 11:55:00,One-time customer
14753,1,563.15,2011-09-13 14:50:00,2011-09-13 14:50:00,One-time customer
14754,2,638.05,2011-02-17 12:21:00,2011-10-26 12:01:00,Repeat customer
14755,11,5010.28,2011-01-09 14:02:00,2011-11-30 11:24:00,Repeat customer
14756,1,738.96,2011-11-24 18:13:00,2011-11-24 18:13:00,One-time customer
14757,1,420.5,2011-09-25 14:36:00,2011-09-25 14:36:00,One-time customer
14758,4,1484.06,2011-03-25 12:10:00,2011-07-18 08:21:00,Repeat customer
14759,3,1625.97,2011-04-21 10:55:00,2011-12-05 12:03:00,Repeat customer
14760,1,89.2,2011-02-15 16:27:00,2011-02-15 16:27:00,One-time customer
14761,2,255.9,2011-01-09 12:03:00,2011-10-12 12:10:00,Repeat customer
14762,1,300.52,2011-03-21 08:20:00,2011-03-21 08:20:00,One-time customer
14764,1,278.3,2011-10-24 11:54:00,2011-10-24 11:54:00,One-time customer
14765,3,254.11,2011-06-16 19:49:00,2011-11-10 19:53:00,Repeat customer
14766,6,2473.37,2010-12-08 15:33:00,2011-12-01 16:05:00,Repeat customer
14768,2,192.60000000000002,2011-08-04 13:25:00,2011-11-22 12:54:00,Repeat customer
14769,8,10674.75,2010-12-17 11:40:00,2011-12-07 10:24:00,Repeat customer
14770,2,876.42,2011-01-20 15:00:00,2011-04-21 14:21:00,Repeat customer
14772,1,139.26,2011-08-19 15:04:00,2011-08-19 15:04:00,One-time customer
14775,3,1011.9,2010-12-02 16:38:00,2011-10-12 15:27:00,Repeat customer
14776,11,2538.3,2011-01-31 13:17:00,2011-10-19 15:34:00,Repeat customer
14778,2,730.86,2011-02-04 11:43:00,2011-08-04 15:23:00,Repeat customer
14779,3,386.15,2011-01-20 12:04:00,2011-03-04 12:42:00,Repeat customer
14780,2,447.68,2011-09-21 15:15:00,2011-10-16 12:46:00,Repeat customer
14782,1,200.10000000000002,2011-01-24 11:12:00,2011-01-24 11:12:00,One-time customer
14784,2,289.99,2011-01-20 09:25:00,2011-11-13 13:30:00,Repeat customer
14785,2,77.4,2011-11-24 13:40:00,2011-11-29 13:21:00,Repeat customer
14788,2,679.4399999999999,2011-11-13 15:52:00,2011-12-02 17:06:00,Repeat customer
14789,1,197.64,2011-11-11 08:59:00,2011-11-11 08:59:00,One-time customer
14790,4,745.06,2011-03-31 11:49:00,2011-11-23 09:28:00,Repeat customer
14792,1,6.2,2011-10-07 09:19:00,2011-10-07 09:19:00,One-time customer
14793,1,228.99,2011-11-18 14:50:00,2011-11-18 14:50:00,One-time customer
14794,7,1319.91,2011-01-09 16:11:00,2011-12-07 10:11:00,Repeat customer
14795,1,131.45000000000002,2011-06-26 13:04:00,2011-06-26 13:04:00,One-time customer
14796,17,8022.49,2010-12-08 10:40:00,2011-12-08 15:31:00,Repeat customer
14798,3,173.74,2011-02-02 15:26:00,2011-10-18 10:58:00,Repeat customer
14799,1,157.7,2011-10-19 16:16:00,2011-10-19 16:16:00,One-time customer
14800,12,4339.74,2010-12-05 11:10:00,2011-10-23 12:46:00,Repeat customer
14801,1,193.14,2011-10-09 15:24:00,2011-10-09 15:24:00,One-time customer
14803,3,845.55,2011-02-20 13:21:00,2011-06-30 13:58:00,Repeat customer
14804,1,353.27,2011-12-01 11:20:00,2011-12-01 11:20:00,One-time customer
14805,4,554.65,2011-01-30 10:43:00,2011-11-24 16:20:00,Repeat customer
14806,1,193.39000000000001,2011-09-25 15:32:00,2011-09-25 15:32:00,One-time customer
14808,8,2741.17,2011-06-20 12:53:00,2011-10-31 12:21:00,Repeat customer
14810,11,2087.88,2010-12-05 12:08:00,2011-10-30 11:19:00,Repeat customer
14813,2,155.43,2010-12-05 11:54:00,2010-12-05 11:57:00,Repeat customer
14815,2,778.5,2011-10-03 11:36:00,2011-11-03 11:36:00,Repeat customer
14816,1,271.85,2011-05-26 13:16:00,2011-05-26 13:16:00,One-time customer
14817,2,1110.34,2011-03-07 13:51:00,2011-05-23 13:35:00,Repeat customer
14818,3,657.8,2011-03-31 12:28:00,2011-09-27 11:01:00,Repeat customer
14819,2,272.07,2011-05-31 13:50:00,2011-10-06 13:41:00,Repeat customer
14820,4,507.29,2011-06-19 14:56:00,2011-11-18 15:41:00,Repeat customer
14821,1,48.800000000000004,2010-12-08 08:43:00,2010-12-08 08:43:00,One-time customer
14823,3,321.43,2011-05-29 12:48:00,2011-06-12 13:12:00,Repeat customer
14824,4,1127.71,2011-09-09 14:12:00,2011-11-29 14:20:00,Repeat customer
14825,12,2226.91,2010-12-06 12:30:00,2011-12-06 11:38:00,Repeat customer
14828,3,2139.76,2011-01-07 09:50:00,2011-05-27 10:16:00,Repeat customer
14829,4,697.55,2010-12-02 16:12:00,2011-11-10 16:16:00,Repeat customer
14830,1,197.13,2011-10-17 14:29:00,2011-10-17 14:29:00,One-time customer
14834,6,1720.3,2011-04-13 15:00:00,2011-11-22 10:30:00,Repeat customer
14836,3,102.44999999999999,2011-11-09 13:26:00,2011-11-29 16:45:00,Repeat customer
14837,4,1649.5,2011-05-22 12:49:00,2011-09-11 10:58:00,Repeat customer
14840,1,62.85,2011-03-17 12:00:00,2011-03-17 12:00:00,One-time customer
14841,6,3295.76,2010-12-16 10:28:00,2011-10-17 15:03:00,Repeat customer
14842,4,2824.69,2011-02-04 15:32:00,2011-10-27 12:37:00,Repeat customer
14844,4,3189.81,2011-04-12 13:10:00,2011-10-07 10:41:00,Repeat customer
14847,1,309.4,2011-07-14 10:52:00,2011-07-14 10:52:00,One-time customer
14849,25,7930.54,2010-12-01 12:22:00,2011-11-18 10:58:00,Repeat customer
14850,1,325.75,2011-02-01 11:21:00,2011-02-01 11:21:00,One-time customer
14851,2,511.35,2011-03-28 14:59:00,2011-11-16 14:20:00,Repeat customer
14852,6,2836.69,2011-04-01 13:22:00,2011-10-12 13:20:00,Repeat customer
14853,2,475.8,2011-05-12 15:17:00,2011-11-15 16:56:00,Repeat customer
14854,7,2759.83,2011-03-10 12:22:00,2011-09-22 17:00:00,Repeat customer
14855,2,645.65,2011-07-28 12:06:00,2011-08-12 14:02:00,Repeat customer
14856,3,1311.3799999999999,2011-10-14 09:35:00,2011-11-03 14:53:00,Repeat customer
14857,2,1173.12,2011-07-14 15:03:00,2011-10-11 09:23:00,Repeat customer
14859,4,1353.74,2011-05-19 14:42:00,2011-11-27 11:18:00,Repeat customer
14860,1,170.32,2011-11-20 14:17:00,2011-11-20 14:17:00,One-time customer
14861,1,125.79,2011-10-18 12:54:00,2011-10-18 12:54:00,One-time customer
14862,2,841.1999999999999,2011-07-14 11:20:00,2011-11-14 10:01:00,Repeat customer
14863,1,266.76,2011-11-10 15:04:00,2011-11-10 15:04:00,One-time customer
14865,2,52.2,2010-12-02 18:23:00,2011-12-02 16:25:00,Repeat customer
14866,12,14389.9,2010-12-08 14:58:00,2011-11-29 11:45:00,Repeat customer
14867,3,710.28,2011-01-07 16:34:00,2011-06-07 11:39:00,Repeat customer
14868,8,2953.59,2011-04-20 13:36:00,2011-12-06 14:49:00,Repeat customer
14869,2,725.7,2011-08-28 16:09:00,2011-12-01 12:36:00,Repeat customer
14870,1,327.25,2011-03-23 10:51:00,2011-03-23 10:51:00,One-time customer
14871,4,522.38,2010-12-14 12:18:00,2011-12-06 13:42:00,Repeat customer
14873,1,519.68,2011-05-13 13:52:00,2011-05-13 13:52:00,One-time customer
14875,2,1465.3200000000002,2011-03-22 11:53:00,2011-08-24 12:20:00,Repeat customer
14878,9,1485.54,2010-12-16 12:11:00,2011-11-27 11:15:00,Repeat customer
14880,3,706.19,2011-02-24 12:27:00,2011-09-23 13:42:00,Repeat customer
14881,1,255.4,2011-11-20 11:06:00,2011-11-20 11:06:00,One-time customer
14882,2,589.7,2011-11-06 10:15:00,2011-11-13 12:47:00,Repeat customer
14883,6,761.59,2011-05-12 09:49:00,2011-11-21 10:23:00,Repeat customer
14885,1,765.3199999999999,2011-07-31 12:05:00,2011-07-31 12:05:00,One-time customer
14886,1,364.8,2011-04-01 08:56:00,2011-04-01 08:56:00,One-time customer
14887,1,1862.0,2011-09-21 15:32:00,2011-09-21 15:32:00,One-time customer
14888,1,369.2,2011-05-16 14:58:00,2011-05-16 14:58:00,One-time customer
14889,1,135.9,2011-01-07 15:19:00,2011-01-07 15:19:00,One-time customer
14890,1,125.65,2011-03-31 11:57:00,2011-03-31 11:57:00,One-time customer
14891,2,554.38,2011-06-05 10:58:00,2011-07-14 18:08:00,Repeat customer
14893,2,1237.8500000000001,2011-11-28 10:49:00,2011-11-30 12:31:00,Repeat customer
14894,1,655.75,2011-09-15 13:51:00,2011-09-15 13:51:00,One-time customer
14895,20,11138.710000000001,2011-02-22 13:08:00,2011-12-02 09:23:00,Repeat customer
14896,2,468.77000000000004,2010-12-09 12:24:00,2011-05-19 10:20:00,Repeat customer
14897,4,1366.38,2011-02-16 08:37:00,2011-12-02 10:32:00,Repeat customer
14898,6,1303.52,2010-12-03 15:25:00,2011-11-16 14:54:00,Repeat customer
14901,9,1421.29,2010-12-02 11:20:00,2011-11-28 17:09:00,Repeat customer
14902,1,332.66,2011-11-14 10:34:00,2011-11-14 10:34:00,One-time customer
14903,5,2810.63,2011-03-06 11:50:00,2011-11-18 16:07:00,Repeat customer
14904,2,1025.44,2011-11-14 09:13:00,2011-12-07 12:55:00,Repeat customer
14905,2,616.15,2011-04-20 10:48:00,2011-07-05 12:41:00,Repeat customer
14907,7,3501.1,2010-12-07 10:14:00,2011-12-06 14:14:00,Repeat customer
14908,1,277.8,2011-09-26 12:56:00,2011-09-26 12:56:00,One-time customer
14910,4,434.35,2011-10-16 11:06:00,2011-12-07 10:06:00,Repeat customer
14911,201,143825.06,2010-12-01 14:05:00,2011-12-08 15:54:00,Repeat customer
14912,2,867.85,2011-04-07 11:06:00,2011-11-23 09:20:00,Repeat customer
14913,4,1227.43,2010-12-15 14:35:00,2011-11-04 08:29:00,Repeat customer
14915,2,307.48,2011-03-07 09:39:00,2011-09-09 13:34:00,Repeat customer
14916,4,1268.98,2011-01-19 15:30:00,2011-09-30 09:20:00,Repeat customer
14918,2,1610.15,2011-07-08 12:50:00,2011-08-16 11:50:00,Repeat customer
14920,2,977.77,2011-05-11 10:31:00,2011-05-11 10:32:00,Repeat customer
14921,2,1316.07,2011-05-22 12:51:00,2011-11-09 13:17:00,Repeat customer
14923,1,749.1,2011-10-20 11:51:00,2011-10-20 11:51:00,One-time customer
14924,1,310.05,2011-04-08 09:25:00,2011-04-08 09:25:00,One-time customer
14929,1,223.88,2011-11-07 17:21:00,2011-11-07 17:21:00,One-time customer
14930,3,2372.86,2011-03-10 14:42:00,2011-08-23 10:31:00,Repeat customer
14931,5,1257.68,2011-04-13 09:32:00,2011-12-05 10:19:00,Repeat customer
14932,1,363.53,2010-12-09 11:48:00,2010-12-09 11:48:00,One-time customer
14934,2,1890.94,2011-03-02 11:48:00,2011-09-19 10:10:00,Repeat customer
14935,1,1784.71,2011-02-15 14:44:00,2011-02-15 14:44:00,One-time customer
14936,8,8137.02,2011-03-09 11:53:00,2011-11-06 10:30:00,Repeat customer
14937,3,1621.88,2011-08-01 14:16:00,2011-10-14 12:29:00,Repeat customer
14944,12,5900.25,2011-02-16 12:47:00,2011-11-10 09:10:00,Repeat customer
14946,1,100.9,2011-11-25 13:33:00,2011-11-25 13:33:00,One-time customer
14947,2,290.82,2011-08-01 09:31:00,2011-09-28 15:48:00,Repeat customer
14948,6,1101.97,2011-05-04 14:52:00,2011-11-16 17:16:00,Repeat customer
14950,1,371.2,2011-11-20 13:48:00,2011-11-20 13:48:00,One-time customer
14951,1,311.69,2011-09-21 15:15:00,2011-09-21 15:15:00,One-time customer
14952,11,8099.49,2010-12-10 12:48:00,2011-10-11 10:33:00,Repeat customer
14953,1,289.82,2011-11-14 14:59:00,2011-11-14 14:59:00,One-time customer
14954,1,336.17,2011-11-27 14:30:00,2011-11-27 14:30:00,One-time customer
14957,1,58.49,2011-03-31 17:59:00,2011-03-31 17:59:00,One-time customer
14958,3,499.68,2011-04-08 11:28:00,2011-07-15 14:20:00,Repeat customer
14959,4,695.42,2011-02-16 13:00:00,2011-10-06 18:23:00,Repeat customer
14960,2,221.27,2011-06-21 13:38:00,2011-12-01 12:54:00,Repeat customer
14961,9,7044.68,2010-12-14 11:38:00,2011-11-29 09:42:00,Repeat customer
14962,1,126.7,2011-03-14 09:42:00,2011-03-14 09:42:00,One-time customer
14963,5,1487.8,2011-06-09 12:30:00,2011-11-30 12:16:00,Repeat customer
14964,1,206.21,2011-04-06 14:13:00,2011-04-06 14:13:00,One-time customer
14965,2,599.0,2011-09-04 13:15:00,2011-09-04 13:20:00,Repeat customer
14966,1,191.32,2011-11-25 12:20:00,2011-11-25 12:20:00,One-time customer
14967,1,463.8,2011-10-21 11:06:00,2011-10-21 11:06:00,One-time customer
14968,1,147.59,2011-11-09 13:58:00,2011-11-09 13:58:00,One-time customer
14970,4,1592.06,2011-01-27 12:23:00,2011-10-02 13:44:00,Repeat customer
14971,3,1116.57,2011-10-27 13:33:00,2011-11-04 17:07:00,Repeat customer
14972,1,114.77,2011-08-03 14:54:00,2011-08-03 14:54:00,One-time customer
14973,3,1314.45,2011-04-28 12:22:00,2011-08-24 15:51:00,Repeat customer
14974,1,114.39,2011-11-02 13:01:00,2011-11-02 13:01:00,One-time customer
14975,1,279.94,2011-10-13 14:08:00,2011-10-13 14:08:00,One-time customer
14976,7,790.86,2011-01-17 11:09:00,2011-10-13 16:37:00,Repeat customer
14978,5,1931.42,2011-01-13 12:03:00,2011-09-28 13:07:00,Repeat customer
14981,1,102.12,2011-04-07 13:45:00,2011-04-07 13:45:00,One-time customer
14984,2,213.27,2011-06-12 11:04:00,2011-11-20 14:28:00,Repeat customer
14985,2,296.75,2010-12-16 19:51:00,2011-05-25 14:29:00,Repeat customer
14987,2,326.4,2010-12-09 12:13:00,2011-11-24 09:59:00,Repeat customer
14988,1,334.54,2011-05-12 12:05:00,2011-05-12 12:05:00,One-time customer
14995,2,233.23000000000002,2011-03-04 13:14:00,2011-11-01 11:39:00,Repeat customer
14997,3,546.1999999999999,2011-06-14 16:52:00,2011-10-24 13:28:00,Repeat customer
14998,2,429.87,2011-04-12 16:28:00,2011-06-22 17:30:00,Repeat customer
15000,1,490.52,2011-10-23 11:42:00,2011-10-23 11:42:00,One-time customer
15002,4,1641.76,2010-12-07 13:16:00,2011-08-16 10:44:00,Repeat customer
15004,1,1246.32,2011-07-15 14:05:00,2011-07-15 14:05:00,One-time customer
15005,28,6316.57,2010-12-08 14:36:00,2011-11-24 12:25:00,Repeat customer
15006,1,502.09,2011-10-19 15:08:00,2011-10-19 15:08:00,One-time customer
15007,1,156.91,2011-07-03 16:00:00,2011-07-03 16:00:00,One-time customer
15009,3,1261.78,2011-11-14 17:40:00,2011-11-27 13:35:00,Repeat customer
15010,1,308.94,2011-11-04 12:42:00,2011-11-04 12:42:00,One-time customer
15012,2,423.04,2010-12-01 12:49:00,2011-10-17 12:22:00,Repeat customer
15014,2,260.17,2011-06-16 19:40:00,2011-10-27 20:07:00,Repeat customer
15016,1,170.04,2011-06-20 12:06:00,2011-06-20 12:06:00,One-time customer
15017,1,125.58,2011-11-06 10:33:00,2011-11-06 10:33:00,One-time customer
15018,3,496.21000000000004,2010-12-07 10:47:00,2011-11-01 12:47:00,Repeat customer
15019,1,266.0,2011-03-18 12:35:00,2011-03-18 12:35:00,One-time customer
15021,9,1914.82,2010-12-08 12:17:00,2011-12-01 11:53:00,Repeat customer
15022,4,905.04,2011-10-23 15:47:00,2011-11-28 12:35:00,Repeat customer
15023,11,6802.76,2010-12-05 13:49:00,2011-12-06 17:23:00,Repeat customer
15024,10,1661.33,2010-12-07 13:20:00,2011-11-30 12:06:00,Repeat customer
15025,1,377.01,2011-11-06 15:20:00,2011-11-06 15:20:00,One-time customer
15026,3,469.0,2011-03-07 13:45:00,2011-09-20 13:52:00,Repeat customer
15027,4,1066.1499999999999,2011-04-15 14:14:00,2011-11-09 10:16:00,Repeat customer
15028,4,627.13,2010-12-06 12:47:00,2011-12-01 14:06:00,Repeat customer
15030,2,518.28,2011-03-16 15:34:00,2011-09-29 10:50:00,Repeat customer
15031,4,668.14,2011-03-02 14:46:00,2011-12-05 14:19:00,Repeat customer
15032,3,4959.1,2010-12-08 12:57:00,2011-03-28 15:03:00,Repeat customer
15033,10,2586.67,2011-01-14 13:28:00,2011-12-05 12:40:00,Repeat customer
15034,8,4308.61,2010-12-21 09:47:00,2011-11-24 12:11:00,Repeat customer
15035,1,252.73000000000002,2011-09-11 11:08:00,2011-09-11 11:08:00,One-time customer
15036,3,465.55,2011-06-13 12:19:00,2011-09-28 15:42:00,Repeat customer
15038,6,705.49,2010-12-05 10:54:00,2011-10-12 11:33:00,Repeat customer
15039,47,19914.44,2010-12-06 11:26:00,2011-11-30 11:31:00,Repeat customer
15041,1,180.35,2011-06-22 16:16:00,2011-06-22 16:16:00,One-time customer
15042,1,135.93,2011-05-24 16:25:00,2011-05-24 16:25:00,One-time customer
15043,1,537.0,2011-11-08 14:26:00,2011-11-08 14:26:00,One-time customer
15044,17,7700.2300000000005,2010-12-12 14:27:00,2011-11-20 13:20:00,Repeat customer
15045,2,735.66,2011-03-27 11:44:00,2011-07-11 11:33:00,Repeat customer
15046,15,5213.7699999999995,2011-01-05 15:30:00,2011-11-30 15:50:00,Repeat customer
15047,1,343.62,2011-03-15 10:49:00,2011-03-15 10:49:00,One-time customer
15048,4,384.05,2010-12-06 12:15:00,2011-10-05 14:55:00,Repeat customer
15049,1,121.17000000000002,2011-03-11 12:13:00,2011-03-11 12:13:00,One-time customer
15050,3,1782.09,2011-09-29 13:22:00,2011-11-14 16:17:00,Repeat customer
15051,3,1391.61,2011-07-12 15:29:00,2011-11-16 15:38:00,Repeat customer
15052,1,215.78,2011-01-24 15:52:00,2011-01-24 15:52:00,One-time customer
15053,3,697.79,2011-03-03 12:06:00,2011-12-05 12:08:00,Repeat customer
15054,2,302.1,2011-10-30 14:33:00,2011-11-27 15:02:00,Repeat customer
15057,2,1489.5,2011-01-28 09:09:00,2011-03-09 15:17:00,Repeat customer
15058,11,2124.9900000000002,2011-01-31 15:35:00,2011-11-14 14:57:00,Repeat customer
15059,9,1337.72,2011-01-09 11:54:00,2011-10-30 11:35:00,Repeat customer
15060,4,303.09,2011-11-30 14:03:00,2011-12-01 13:47:00,Repeat customer
15061,48,54534.14,2010-12-02 15:19:00,2011-12-06 12:06:00,Repeat customer
15062,4,987.86,2010-12-15 15:37:00,2011-09-29 16:51:00,Repeat customer
15063,1,370.79999999999995,2011-05-10 13:25:00,2011-05-10 13:25:00,One-time customer
15065,4,3158.13,2011-02-21 12:54:00,2011-11-02 09:45:00,Repeat customer
15066,1,893.59,2011-10-17 13:25:00,2011-10-17 13:25:00,One-time customer
15067,3,1744.76,2011-03-02 12:10:00,2011-09-22 13:20:00,Repeat customer
15068,2,553.36,2011-03-28 14:27:00,2011-10-24 14:47:00,Repeat customer
15069,1,1109.53,2011-06-13 14:16:00,2011-06-13 14:16:00,One-time customer
15070,1,106.2,2010-12-02 11:23:00,2010-12-02 11:23:00,One-time customer
15071,2,982.07,2011-03-09 10:19:00,2011-09-07 11:43:00,Repeat customer
15073,3,1043.41,2011-06-06 09:59:00,2011-11-30 10:44:00,Repeat customer
15074,1,748.87,2011-08-26 14:45:00,2011-08-26 14:45:00,One-time customer
15075,1,773.03,2011-09-23 12:27:00,2011-09-23 12:27:00,One-time customer
15076,1,880.85,2011-06-20 08:23:00,2011-06-20 08:23:00,One-time customer
15078,32,9743.11,2010-12-06 12:38:00,2011-12-02 15:41:00,Repeat customer
15079,4,895.61,2010-12-09 09:25:00,2011-05-11 12:45:00,Repeat customer
15081,5,504.8,2010-12-07 16:20:00,2011-11-17 17:08:00,Repeat customer
15083,1,88.2,2011-03-28 12:18:00,2011-03-28 12:18:00,One-time customer
15087,1,306.94,2011-03-03 10:34:00,2011-03-03 10:34:00,One-time customer
15088,2,1160.07,2011-10-03 14:05:00,2011-11-18 13:14:00,Repeat customer
15089,6,2420.84,2011-08-03 14:14:00,2011-11-29 16:31:00,Repeat customer
15090,1,381.32,2011-02-04 14:03:00,2011-02-04 14:03:00,One-time customer
15091,1,480.71,2011-10-03 12:47:00,2011-10-03 12:47:00,One-time customer
15092,2,457.81,2011-03-01 12:24:00,2011-05-08 14:10:00,Repeat customer
15093,6,4597.02,2010-12-02 18:25:00,2011-11-21 13:09:00,Repeat customer
15095,4,1370.6,2011-05-20 14:27:00,2011-08-28 12:01:00,Repeat customer
15096,1,219.39000000000001,2011-10-28 10:27:00,2011-10-28 10:27:00,One-time customer
15097,1,248.08,2011-12-05 14:03:00,2011-12-05 14:03:00,One-time customer
15098,3,39916.5,2011-06-10 15:22:00,2011-06-10 15:33:00,Repeat customer
15099,1,410.48,2011-09-16 13:13:00,2011-09-16 13:13:00,One-time customer
15100,3,876.0,2010-12-01 09:09:00,2011-01-10 10:35:00,Repeat customer
15101,2,317.53,2010-12-15 12:54:00,2011-12-01 10:18:00,Repeat customer
15103,2,703.36,2011-09-14 13:54:00,2011-11-08 14:53:00,Repeat customer
15104,2,1027.44,2011-03-02 14:16:00,2011-05-27 12:29:00,Repeat customer
15105,7,2298.93,2011-07-28 10:09:00,2011-11-21 16:54:00,Repeat customer
15106,5,1422.52,2011-03-15 12:52:00,2011-11-22 09:16:00,Repeat customer
15107,6,319.5,2010-12-02 13:45:00,2011-02-01 14:46:00,Repeat customer
15108,4,1300.25,2011-04-26 10:54:00,2011-07-21 10:24:00,Repeat customer
15109,1,484.95,2011-04-08 09:58:00,2011-04-08 09:58:00,One-time customer
15110,4,996.1,2011-01-25 11:41:00,2011-11-16 11:16:00,Repeat customer
15111,3,1567.48,2010-12-02 11:45:00,2011-11-10 16:58:00,Repeat customer
15113,3,3609.33,2011-10-16 15:27:00,2011-11-30 08:23:00,Repeat customer
15114,10,2760.56,2011-02-11 08:45:00,2011-11-09 15:05:00,Repeat customer
15115,1,340.11,2011-11-21 14:59:00,2011-11-21 14:59:00,One-time customer
15116,4,1352.75,2011-05-19 08:50:00,2011-11-22 12:25:00,Repeat customer
15117,5,1551.78,2011-05-08 12:38:00,2011-11-25 08:12:00,Repeat customer
15118,1,244.8,2011-07-28 14:54:00,2011-07-28 14:54:00,One-time customer
15119,1,266.4,2011-04-08 09:08:00,2011-04-08 09:08:00,One-time customer
15120,1,358.82,2011-07-29 09:48:00,2011-07-29 09:48:00,One-time customer
15121,2,457.72,2011-02-24 12:41:00,2011-10-20 14:51:00,Repeat customer
15122,3,1633.78,2011-02-15 09:59:00,2011-08-17 16:48:00,Repeat customer
15123,2,2199.31,2011-05-17 14:57:00,2011-12-02 13:12:00,Repeat customer
15124,2,184.19,2011-06-01 09:06:00,2011-11-17 10:09:00,Repeat customer
15125,15,11528.48,2011-03-14 09:59:00,2011-11-14 13:57:00,Repeat customer
15127,1,406.53,2011-10-05 10:30:00,2011-10-05 10:30:00,One-time customer
15128,4,1471.0,2011-05-04 12:32:00,2011-10-10 13:54:00,Repeat customer
15129,11,3447.4,2011-02-21 09:09:00,2011-10-20 14:40:00,Repeat customer
15130,1,330.11,2011-06-23 10:15:00,2011-06-23 10:15:00,One-time customer
15132,5,977.9300000000001,2011-03-22 12:02:00,2011-11-21 17:10:00,Repeat customer
15133,3,982.42,2011-02-11 10:38:00,2011-08-04 10:44:00,Repeat customer
15134,8,1387.99,2011-04-13 11:05:00,2011-11-25 08:55:00,Repeat customer
15135,1,139.05,2011-04-14 19:16:00,2011-04-14 19:16:00,One-time customer
15136,4,1286.7,2011-09-04 16:05:00,2011-12-07 12:26:00,Repeat customer
15139,2,178.96,2011-01-07 12:44:00,2011-04-14 11:39:00,Repeat customer
15140,7,2354.25,2011-03-20 14:37:00,2011-10-18 14:07:00,Repeat customer
15142,1,498.74,2011-10-24 12:51:00,2011-10-24 12:51:00,One-time customer
15143,1,259.45,2011-04-28 12:03:00,2011-04-28 12:03:00,One-time customer
15144,17,6580.44,2011-01-31 13:17:00,2011-12-01 15:12:00,Repeat customer
15145,4,1194.73,2011-04-05 15:20:00,2011-12-05 17:21:00,Repeat customer
15146,2,1327.16,2011-02-21 13:07:00,2011-06-28 12:09:00,Repeat customer
15147,1,623.5,2011-04-13 15:57:00,2011-04-13 15:57:00,One-time customer
15148,1,301.29,2011-11-29 08:21:00,2011-11-29 08:21:00,One-time customer
15149,1,520.8000000000001,2011-07-29 10:58:00,2011-07-29 10:58:00,One-time customer
15150,10,5314.47,2011-03-15 14:21:00,2011-11-22 12:52:00,Repeat customer
15152,13,4745.69,2011-06-05 15:36:00,2011-11-30 12:32:00,Repeat customer
15153,1,329.25,2011-11-08 17:09:00,2011-11-08 17:09:00,One-time customer
15154,1,296.42,2011-09-25 16:05:00,2011-09-25 16:05:00,One-time customer
15156,3,961.49,2011-11-06 12:41:00,2011-12-08 18:22:00,Repeat customer
15157,3,1936.07,2010-12-16 13:44:00,2011-12-06 11:28:00,Repeat customer
15158,1,401.40000000000003,2011-10-25 13:53:00,2011-10-25 13:53:00,One-time customer
15159,30,18641.010000000002,2010-12-13 15:44:00,2011-12-08 12:05:00,Repeat customer
15160,1,158.16,2010-12-17 14:15:00,2010-12-17 14:15:00,One-time customer
15163,2,304.47,2011-05-31 15:22:00,2011-11-21 13:10:00,Repeat customer
15164,3,843.05,2011-01-04 14:21:00,2011-10-02 12:05:00,Repeat customer
15165,1,487.75,2010-12-01 14:03:00,2010-12-01 14:03:00,One-time customer
15167,1,163.0,2011-01-23 12:41:00,2011-01-23 12:41:00,One-time customer
15168,1,106.56,2011-11-14 11:26:00,2011-11-14 11:26:00,One-time customer
15171,1,1289.5,2011-01-12 15:36:00,2011-01-12 15:36:00,One-time customer
15172,5,1624.05,2011-04-17 11:56:00,2011-12-01 11:51:00,Repeat customer
15174,1,135.75,2011-01-21 09:06:00,2011-01-21 09:06:00,One-time customer
15175,1,224.14,2011-09-29 11:31:00,2011-09-29 11:31:00,One-time customer
15178,1,40.5,2011-03-24 15:12:00,2011-03-24 15:12:00,One-time customer
15179,5,2206.95,2011-01-24 13:48:00,2011-11-21 12:53:00,Repeat customer
15180,1,87.5,2010-12-07 14:57:00,2010-12-07 14:57:00,One-time customer
15181,3,689.4799999999999,2011-03-15 12:03:00,2011-10-04 13:58:00,Repeat customer
15182,2,622.85,2011-03-16 12:42:00,2011-07-08 13:37:00,Repeat customer
15184,2,406.76,2011-06-02 12:06:00,2011-11-10 13:41:00,Repeat customer
15185,1,310.62,2011-09-30 14:06:00,2011-09-30 14:06:00,One-time customer
15186,2,411.41,2011-06-24 14:54:00,2011-11-25 14:58:00,Repeat customer
15187,16,4777.18,2011-05-11 13:49:00,2011-12-08 11:56:00,Repeat customer
15189,41,16225.39,2011-01-11 12:29:00,2011-12-08 13:22:00,Repeat customer
15192,3,1044.32,2010-12-09 14:56:00,2011-08-12 11:41:00,Repeat customer
15193,1,499.32,2011-10-10 08:23:00,2011-10-10 08:23:00,One-time customer
15194,15,7616.53,2010-12-06 15:00:00,2011-12-06 15:10:00,Repeat customer
15195,1,3861.0,2011-12-07 12:20:00,2011-12-07 12:20:00,One-time customer
15197,3,1079.6100000000001,2010-12-16 18:01:00,2011-11-29 10:00:00,Repeat customer
15198,2,193.64,2011-08-07 15:16:00,2011-09-08 14:42:00,Repeat customer
15199,4,1268.7,2011-02-04 14:04:00,2011-10-11 15:12:00,Repeat customer
15201,5,1236.54,2011-04-06 14:02:00,2011-09-13 14:53:00,Repeat customer
15203,6,1827.8,2011-02-01 12:29:00,2011-11-14 08:16:00,Repeat customer
15204,1,316.58,2010-12-17 13:49:00,2010-12-17 13:49:00,One-time customer
15205,2,653.24,2011-08-04 16:07:00,2011-09-15 19:36:00,Repeat customer
15206,4,420.29999999999995,2011-03-09 08:59:00,2011-11-29 13:41:00,Repeat customer
15208,5,870.12,2010-12-21 13:03:00,2011-12-08 17:24:00,Repeat customer
15210,1,331.18,2011-04-28 16:11:00,2011-04-28 16:11:00,One-time customer
15211,2,894.4100000000001,2010-12-09 16:08:00,2011-10-10 13:31:00,Repeat customer
15212,1,101.8,2011-04-12 13:45:00,2011-04-12 13:45:00,One-time customer
15213,2,328.35,2011-01-14 11:05:00,2011-01-25 12:21:00,Repeat customer
15214,8,1661.44,2011-04-11 09:46:00,2011-12-08 12:07:00,Repeat customer
15215,3,734.94,2011-09-04 12:24:00,2011-10-24 11:41:00,Repeat customer
15216,1,96.6,2011-09-13 11:41:00,2011-09-13 11:41:00,One-time customer
15218,11,5756.89,2011-01-25 11:20:00,2011-11-29 11:48:00,Repeat customer
15219,1,305.75,2011-06-16 16:57:00,2011-06-16 16:57:00,One-time customer
15220,6,1778.96,2011-03-04 10:24:00,2011-10-19 12:39:00,Repeat customer
15221,1,403.25,2010-12-08 13:08:00,2010-12-08 13:08:00,One-time customer
15222,1,585.0,2011-01-25 08:03:00,2011-01-25 08:03:00,One-time customer
15223,2,755.75,2011-04-04 12:17:00,2011-04-28 11:31:00,Repeat customer
15224,2,322.08,2010-12-12 12:34:00,2010-12-16 15:02:00,Repeat customer
15225,1,409.40000000000003,2011-04-19 14:51:00,2011-04-19 14:51:00,One-time customer
15226,1,154.41,2011-02-02 11:41:00,2011-02-02 11:41:00,One-time customer
15227,5,1219.4,2011-01-26 15:31:00,2011-11-03 11:59:00,Repeat customer
15228,4,3386.71,2011-02-18 09:04:00,2011-10-04 13:56:00,Repeat customer
15230,2,429.6,2011-04-13 11:04:00,2011-04-14 14:39:00,Repeat customer
15232,2,612.06,2011-07-22 12:21:00,2011-08-18 16:27:00,Repeat customer
15234,1,197.0,2011-03-08 08:53:00,2011-03-08 08:53:00,One-time customer
15235,12,2247.51,2010-12-01 17:22:00,2011-05-06 09:44:00,Repeat customer
15236,1,321.05,2011-02-14 10:52:00,2011-02-14 10:52:00,One-time customer
15237,4,1412.32,2011-04-26 15:04:00,2011-12-08 09:46:00,Repeat customer
15238,3,1071.99,2011-06-08 16:00:00,2011-11-10 14:28:00,Repeat customer
15239,2,780.59,2011-09-22 09:53:00,2011-11-29 14:14:00,Repeat customer
15240,5,1706.57,2011-02-01 08:23:00,2011-10-26 09:50:00,Repeat customer
15241,8,1756.44,2011-03-01 11:02:00,2011-10-04 09:05:00,Repeat customer
15243,1,316.68,2011-09-26 14:12:00,2011-09-26 14:12:00,One-time customer
15244,2,631.57,2011-04-05 15:12:00,2011-10-05 13:19:00,Repeat customer
15245,3,2515.84,2011-03-23 13:42:00,2011-07-28 18:56:00,Repeat customer
15246,2,514.15,2010-12-16 09:46:00,2011-04-15 14:45:00,Repeat customer
15247,1,356.0,2011-08-09 12:52:00,2011-08-09 12:52:00,One-time customer
15249,13,6688.46,2011-03-28 12:49:00,2011-11-08 11:45:00,Repeat customer
15251,11,10484.99,2011-04-12 10:38:00,2011-11-30 15:02:00,Repeat customer
15252,2,740.78,2011-06-09 14:15:00,2011-11-03 13:30:00,Repeat customer
15253,5,918.1999999999999,2011-06-23 12:19:00,2011-11-23 16:22:00,Repeat customer
15254,1,300.36,2011-08-04 15:04:00,2011-08-04 15:04:00,One-time customer
15255,1,890.85,2011-10-04 12:43:00,2011-10-04 12:43:00,One-time customer
15256,1,98.45,2011-07-14 11:47:00,2011-07-14 11:47:00,One-time customer
15257,1,317.15,2011-03-01 12:58:00,2011-03-01 12:58:00,One-time customer
15258,2,623.16,2011-05-06 14:16:00,2011-06-24 12:30:00,Repeat customer
15260,7,1810.77,2010-12-02 12:09:00,2011-08-31 13:55:00,Repeat customer
15261,1,254.82,2011-07-27 15:20:00,2011-07-27 15:20:00,One-time customer
15262,1,178.95000000000002,2011-01-20 12:16:00,2011-01-20 12:16:00,One-time customer
15263,1,156.51,2011-08-25 10:26:00,2011-08-25 10:26:00,One-time customer
15264,1,393.74,2011-10-06 13:49:00,2011-10-06 13:49:00,One-time customer
15265,2,1506.1200000000001,2011-04-18 12:16:00,2011-07-11 14:46:00,Repeat customer
15266,1,119.3,2011-01-05 13:40:00,2011-01-05 13:40:00,One-time customer
15267,5,1717.36,2011-06-10 10:24:00,2011-11-17 15:59:00,Repeat customer
15269,1,408.8,2011-11-16 09:32:00,2011-11-16 09:32:00,One-time customer
15270,7,2379.49,2011-02-02 13:25:00,2011-11-24 09:24:00,Repeat customer
15271,15,2507.07,2010-12-09 13:47:00,2011-12-02 14:11:00,Repeat customer
15272,2,721.94,2011-09-14 16:36:00,2011-10-13 12:59:00,Repeat customer
15274,2,716.57,2011-11-21 14:17:00,2011-12-05 16:57:00,Repeat customer
15275,1,615.14,2011-11-02 11:20:00,2011-11-02 11:20:00,One-time customer
15276,1,135.31,2011-10-04 16:39:00,2011-10-04 16:39:00,One-time customer
15277,1,255.89999999999998,2011-10-24 10:08:00,2011-10-24 10:08:00,One-time customer
15279,1,290.51,2010-12-20 10:48:00,2010-12-20 10:48:00,One-time customer
15280,1,113.12,2011-06-20 17:14:00,2011-06-20 17:14:00,One-time customer
15281,9,2332.15,2011-01-10 15:51:00,2011-10-12 09:10:00,Repeat customer
15286,1,240.55,2011-10-21 11:08:00,2011-10-21 11:08:00,One-time customer
15287,2,486.69,2011-09-30 12:30:00,2011-11-17 15:34:00,Repeat customer
15288,5,2306.52,2010-12-09 13:59:00,2011-10-27 16:58:00,Repeat customer
15289,3,939.78,2011-04-04 12:44:00,2011-11-10 13:49:00,Repeat customer
15290,18,7943.22,2010-12-15 16:03:00,2011-12-05 11:39:00,Repeat customer
15291,15,4668.3,2010-12-01 09:32:00,2011-11-14 11:02:00,Repeat customer
15292,1,180.94,2011-05-22 15:00:00,2011-05-22 15:00:00,One-time customer
15296,6,3672.86,2011-01-17 11:57:00,2011-10-20 11:47:00,Repeat customer
15297,3,641.94,2011-10-07 09:42:00,2011-11-29 16:32:00,Repeat customer
15298,12,4799.9,2010-12-08 13:55:00,2011-12-07 17:17:00,Repeat customer
15299,7,4507.01,2010-12-02 16:48:00,2011-10-03 14:19:00,Repeat customer
15300,1,496.44,2011-10-06 17:08:00,2011-10-06 17:08:00,One-time customer
15301,12,5070.35,2010-12-06 12:21:00,2011-10-20 09:57:00,Repeat customer
15303,1,574.02,2011-02-22 13:59:00,2011-02-22 13:59:00,One-time customer
15304,8,694.4000000000001,2010-12-06 11:42:00,2011-10-10 10:23:00,Repeat customer
15306,3,1174.35,2011-07-14 15:22:00,2011-10-06 12:56:00,Repeat customer
15307,1,205.3,2011-09-05 11:38:00,2011-09-05 11:38:00,One-time customer
15308,1,310.47,2011-03-10 13:08:00,2011-03-10 13:08:00,One-time customer
15311,91,60767.9,2010-12-01 09:41:00,2011-12-09 12:00:00,Repeat customer
15312,4,924.85,2010-12-20 12:51:00,2011-09-25 13:10:00,Repeat customer
15313,1,52.0,2011-08-21 16:02:00,2011-08-21 16:02:00,One-time customer
15314,1,327.97,2011-05-24 14:39:00,2011-05-24 14:39:00,One-time customer
15315,2,570.5,2011-08-15 15:17:00,2011-10-06 12:51:00,Repeat customer
15316,1,165.0,2011-01-17 11:34:00,2011-01-17 11:34:00,One-time customer
15318,1,312.62,2011-12-06 11:30:00,2011-12-06 11:30:00,One-time customer
15319,1,204.5,2011-03-01 12:48:00,2011-03-01 12:48:00,One-time customer
15320,1,267.13,2011-10-26 13:27:00,2011-10-26 13:27:00,One-time customer
15321,3,2748.31,2011-02-21 11:10:00,2011-09-30 09:40:00,Repeat customer
15322,1,679.68,2011-09-15 09:34:00,2011-09-15 09:34:00,One-time customer
15325,1,162.29,2011-08-28 11:55:00,2011-08-28 11:55:00,One-time customer
15326,1,311.71,2011-01-10 11:38:00,2011-01-10 11:38:00,One-time customer
15327,1,208.75,2011-10-18 11:55:00,2011-10-18 11:55:00,One-time customer
15329,3,1049.7,2011-06-21 10:37:00,2011-10-31 15:36:00,Repeat customer
15330,2,714.96,2011-10-10 12:30:00,2011-11-07 17:50:00,Repeat customer
15332,4,1661.06,2010-12-05 12:00:00,2010-12-08 14:43:00,Repeat customer
15333,1,1028.56,2011-05-15 13:27:00,2011-05-15 13:27:00,One-time customer
15334,3,351.67,2011-06-19 13:51:00,2011-07-06 11:22:00,Repeat customer
15335,1,173.97,2011-10-17 12:50:00,2011-10-17 12:50:00,One-time customer
15339,2,574.07,2011-01-25 13:15:00,2011-10-04 12:51:00,Repeat customer
15341,1,2020.52,2011-09-20 09:40:00,2011-09-20 09:40:00,One-time customer
15342,1,406.09,2011-08-02 10:19:00,2011-08-02 10:19:00,One-time customer
15343,1,364.5,2011-09-13 13:55:00,2011-09-13 13:55:00,One-time customer
15344,3,563.94,2011-09-26 14:48:00,2011-12-09 10:45:00,Repeat customer
15345,1,393.54,2011-10-25 11:28:00,2011-10-25 11:28:00,One-time customer
15346,1,252.42000000000002,2011-01-11 11:18:00,2011-01-11 11:18:00,One-time customer
15347,1,201.60000000000002,2010-12-08 15:25:00,2010-12-08 15:25:00,One-time customer
15348,1,158.04,2011-09-28 13:17:00,2011-09-28 13:17:00,One-time customer
15349,2,473.81,2011-06-05 15:46:00,2011-07-04 16:06:00,Repeat customer
15350,1,115.65,2010-12-01 13:33:00,2010-12-01 13:33:00,One-time customer
15351,7,1960.1100000000001,2010-12-05 11:49:00,2011-11-27 12:52:00,Repeat customer
15353,2,777.02,2010-12-07 11:49:00,2011-03-30 12:15:00,Repeat customer
15355,2,277.05,2011-10-17 15:22:00,2011-11-10 13:44:00,Repeat customer
15356,10,2766.5,2010-12-06 14:05:00,2011-11-08 13:11:00,Repeat customer
15358,22,8347.2,2010-12-09 10:04:00,2011-12-05 09:04:00,Repeat customer
15360,1,427.93,2011-10-31 09:35:00,2011-10-31 09:35:00,One-time customer
15361,1,418.92,2010-12-13 09:52:00,2010-12-13 09:52:00,One-time customer
15363,1,326.0,2010-12-02 12:28:00,2010-12-02 12:28:00,One-time customer
15364,2,913.19,2011-03-30 13:39:00,2011-09-05 09:46:00,Repeat customer
15365,7,2314.32,2011-01-28 13:08:00,2011-11-14 08:29:00,Repeat customer
15366,2,602.51,2010-12-16 15:59:00,2011-09-25 15:01:00,Repeat customer
15367,4,1877.59,2011-03-09 13:53:00,2011-10-13 14:13:00,Repeat customer
15368,1,446.94000000000005,2011-11-18 14:42:00,2011-11-18 14:42:00,One-time customer
15370,7,2386.05,2011-01-11 11:32:00,2011-10-30 10:58:00,Repeat customer
15372,1,2007.3999999999999,2011-07-25 16:39:00,2011-07-25 16:39:00,One-time customer
15373,12,2415.91,2010-12-03 14:40:00,2011-12-01 15:05:00,Repeat customer
15374,1,168.0,2011-08-03 09:59:00,2011-08-03 09:59:00,One-time customer
15376,3,1233.3600000000001,2011-05-01 13:45:00,2011-10-30 15:04:00,Repeat customer
15379,7,3703.29,2010-12-16 13:02:00,2011-06-23 13:13:00,Repeat customer
15380,5,1690.2600000000002,2010-12-09 15:01:00,2011-12-01 12:13:00,Repeat customer
15381,2,596.85,2011-03-16 13:44:00,2011-05-10 11:55:00,Repeat customer
15382,6,5955.71,2011-02-17 12:01:00,2011-11-25 10:58:00,Repeat customer
15384,2,642.41,2010-12-15 11:34:00,2011-06-23 10:57:00,Repeat customer
15385,1,316.88,2011-10-30 15:11:00,2011-10-30 15:11:00,One-time customer
15386,1,394.14,2011-06-06 13:47:00,2011-06-06 13:47:00,One-time customer
15388,1,140.54,2011-03-14 13:53:00,2011-03-14 13:53:00,One-time customer
15389,1,500.0,2011-06-20 16:18:00,2011-06-20 16:18:00,One-time customer
15392,4,1535.53,2010-12-14 15:50:00,2011-12-05 11:01:00,Repeat customer
15393,2,231.86,2011-03-03 16:58:00,2011-11-23 16:48:00,Repeat customer
15394,4,2183.54,2010-12-16 12:46:00,2011-11-30 11:49:00,Repeat customer
15395,1,107.45,2011-01-18 12:40:00,2011-01-18 12:40:00,One-time customer
15396,1,288.18,2011-08-19 10:56:00,2011-08-19 10:56:00,One-time customer
15397,1,94.0,2011-02-23 09:25:00,2011-02-23 09:25:00,One-time customer
15398,2,1345.53,2011-09-22 14:56:00,2011-11-23 16:47:00,Repeat customer
15399,3,815.77,2011-09-21 15:57:00,2011-12-08 13:04:00,Repeat customer
15400,5,716.2,2011-03-06 11:27:00,2011-09-08 13:57:00,Repeat customer
15402,2,626.77,2011-05-27 13:32:00,2011-07-14 12:17:00,Repeat customer
15405,1,349.1,2011-06-03 14:44:00,2011-06-03 14:44:00,One-time customer
15406,2,510.71000000000004,2011-02-11 16:19:00,2011-11-08 13:22:00,Repeat customer
15407,4,1056.44,2011-02-07 13:18:00,2011-11-06 11:55:00,Repeat customer
15408,1,267.18,2011-03-20 15:02:00,2011-03-20 15:02:00,One-time customer
15410,8,3450.84,2011-03-23 10:15:00,2011-09-16 14:47:00,Repeat customer
15411,4,1358.88,2011-06-10 12:30:00,2011-11-13 15:19:00,Repeat customer
15412,1,190.53,2011-06-21 15:24:00,2011-06-21 15:24:00,One-time customer
15414,3,774.9000000000001,2011-04-11 13:45:00,2011-11-30 09:50:00,Repeat customer
15415,1,572.8100000000001,2011-01-30 14:13:00,2011-01-30 14:13:00,One-time customer
15416,4,3984.32,2011-03-02 08:41:00,2011-10-06 09:38:00,Repeat customer
15417,1,508.8,2011-09-15 15:26:00,2011-09-15 15:26:00,One-time customer
15419,1,135.86,2011-11-15 09:23:00,2011-11-15 09:23:00,One-time customer
15421,4,950.36,2011-02-02 14:36:00,2011-10-12 09:20:00,Repeat customer
15422,2,97.7,2011-01-20 14:17:00,2011-01-20 16:17:00,Repeat customer
15423,1,43.5,2011-11-01 14:01:00,2011-11-01 14:01:00,One-time customer
15424,2,383.34,2011-03-30 13:00:00,2011-03-30 13:02:00,Repeat customer
15426,5,1447.39,2010-12-05 13:55:00,2011-11-20 15:36:00,Repeat customer
15427,3,1483.14,2011-10-23 14:47:00,2011-11-06 14:29:00,Repeat customer
15428,1,93.78,2011-11-24 16:54:00,2011-11-24 16:54:00,One-time customer
15429,2,397.35,2011-09-25 13:42:00,2011-11-13 12:28:00,Repeat customer
15432,1,171.19,2011-11-16 16:30:00,2011-11-16 16:30:00,One-time customer
15433,2,533.3,2011-03-17 14:12:00,2011-05-10 10:45:00,Repeat customer
15434,5,1041.48,2011-05-23 14:18:00,2011-12-01 13:33:00,Repeat customer
15435,1,149.29,2011-11-17 16:39:00,2011-11-17 16:39:00,One-time customer
15436,3,1122.53,2011-04-19 16:52:00,2011-11-27 16:05:00,Repeat customer
15437,1,200.16,2011-03-22 13:11:00,2011-03-22 13:11:00,One-time customer
15438,1,156.57999999999998,2011-07-31 14:19:00,2011-07-31 14:19:00,One-time customer
15440,3,383.68,2011-05-15 11:30:00,2011-10-16 12:16:00,Repeat customer
15442,1,594.0,2011-04-05 12:24:00,2011-04-05 12:24:00,One-time customer
15443,7,3236.91,2011-01-23 13:25:00,2011-12-08 10:40:00,Repeat customer
15444,2,1418.26,2011-10-30 16:12:00,2011-11-30 17:37:00,Repeat customer
15445,1,113.5,2011-03-20 15:06:00,2011-03-20 15:06:00,One-time customer
15447,1,155.17,2011-01-13 11:26:00,2011-01-13 11:26:00,One-time customer
15448,1,494.64,2011-01-31 10:42:00,2011-01-31 10:42:00,One-time customer
15449,3,974.52,2011-03-23 10:43:00,2011-11-13 15:02:00,Repeat customer
15450,1,429.84,2011-11-09 17:11:00,2011-11-09 17:11:00,One-time customer
15452,3,538.73,2011-03-20 15:21:00,2011-11-10 12:13:00,Repeat customer
15453,7,1388.37,2011-06-05 12:37:00,2011-12-08 10:59:00,Repeat customer
15454,1,179.1,2010-12-12 14:21:00,2010-12-12 14:21:00,One-time customer
15456,3,447.22,2010-12-15 15:34:00,2011-03-01 13:51:00,Repeat customer
15457,1,237.07,2011-03-22 15:31:00,2011-03-22 15:31:00,One-time customer
15458,1,161.64,2011-11-14 13:08:00,2011-11-14 13:08:00,One-time customer
15460,1,216.76,2010-12-20 16:08:00,2010-12-20 16:08:00,One-time customer
15462,3,234.6,2011-06-05 15:36:00,2011-09-06 13:11:00,Repeat customer
15463,1,126.14,2011-11-10 12:57:00,2011-11-10 12:57:00,One-time customer
15464,1,1048.85,2011-01-05 15:56:00,2011-01-05 15:56:00,One-time customer
15465,18,7354.62,2010-12-05 10:12:00,2011-11-20 10:11:00,Repeat customer
15466,1,334.53,2011-09-15 14:08:00,2011-09-15 14:08:00,One-time customer
15467,3,524.88,2011-07-10 14:42:00,2011-11-30 14:17:00,Repeat customer
15468,2,467.51,2011-10-19 13:38:00,2011-10-19 13:49:00,Repeat customer
15469,2,538.55,2011-08-11 16:54:00,2011-10-20 16:21:00,Repeat customer
15471,1,469.48,2011-12-07 14:12:00,2011-12-07 14:12:00,One-time customer
15472,1,371.56,2011-08-18 15:17:00,2011-08-18 15:17:00,One-time customer
15473,7,1771.2,2011-10-10 11:12:00,2011-11-25 15:15:00,Repeat customer
15475,1,454.10999999999996,2011-09-23 15:20:00,2011-09-23 15:20:00,One-time customer
15478,2,1441.42,2011-10-14 11:09:00,2011-10-30 14:19:00,Repeat customer
15480,1,905.5,2011-08-15 14:32:00,2011-08-15 14:32:00,One-time customer
15482,12,11054.96,2010-12-16 10:08:00,2011-11-24 10:46:00,Repeat customer
15483,4,233.81,2011-03-18 12:26:00,2011-07-01 13:07:00,Repeat customer
15484,4,3594.31,2011-09-22 13:31:00,2011-12-08 15:03:00,Repeat customer
15485,3,2575.0,2010-12-01 13:23:00,2011-11-09 14:31:00,Repeat customer
15488,1,91.32000000000001,2011-09-08 10:11:00,2011-09-08 10:11:00,One-time customer
15489,3,1134.28,2011-05-12 12:54:00,2011-11-17 08:53:00,Repeat customer
15491,6,3100.09,2011-04-18 10:04:00,2011-09-05 15:56:00,Repeat customer
15492,2,659.4599999999999,2011-09-26 14:02:00,2011-11-11 14:53:00,Repeat customer
15493,5,2001.8,2011-03-14 11:44:00,2011-11-07 12:04:00,Repeat customer
15494,2,1299.23,2011-08-10 15:29:00,2011-11-18 14:51:00,Repeat customer
15497,2,1262.2,2011-01-24 10:01:00,2011-11-22 11:51:00,Repeat customer
15498,27,13316.4,2010-12-08 12:29:00,2011-12-07 12:48:00,Repeat customer
15500,4,1131.56,2011-09-19 13:47:00,2011-12-01 13:47:00,Repeat customer
15502,12,10384.93,2010-12-05 15:40:00,2011-11-24 12:48:00,Repeat customer
15503,1,147.09,2010-12-12 10:57:00,2010-12-12 10:57:00,One-time customer
15504,1,52.83,2011-09-19 13:45:00,2011-09-19 13:45:00,One-time customer
15505,5,3610.96,2011-07-07 13:33:00,2011-10-18 07:56:00,Repeat customer
15506,3,979.26,2011-07-24 11:45:00,2011-11-17 12:11:00,Repeat customer
15507,1,492.36,2011-06-21 11:19:00,2011-06-21 11:19:00,One-time customer
15508,6,1000.27,2011-04-18 15:31:00,2011-06-03 15:43:00,Repeat customer
15510,1,250.0,2011-01-13 12:10:00,2011-01-13 12:10:00,One-time customer
15511,5,909.23,2011-09-15 15:05:00,2011-11-28 09:43:00,Repeat customer
15512,2,121.0,2010-12-15 12:01:00,2011-07-07 10:20:00,Repeat customer
15513,19,14758.220000000001,2010-12-01 11:22:00,2011-11-06 14:36:00,Repeat customer
15514,11,4139.46,2010-12-10 13:50:00,2011-11-27 14:40:00,Repeat customer
15516,3,62.43,2011-10-24 11:33:00,2011-10-26 10:51:00,Repeat customer
15517,1,267.03,2011-04-20 14:02:00,2011-04-20 14:02:00,One-time customer
15518,8,1942.45,2011-01-11 12:55:00,2011-10-06 13:05:00,Repeat customer
15520,1,343.5,2011-12-08 10:58:00,2011-12-08 10:58:00,One-time customer
15521,8,3000.2,2011-03-30 09:15:00,2011-10-30 13:42:00,Repeat customer
15522,2,398.84,2011-09-13 12:26:00,2011-11-07 11:26:00,Repeat customer
15523,1,412.01000000000005,2011-09-16 16:29:00,2011-09-16 16:29:00,One-time customer
15524,1,440.0,2011-11-15 12:09:00,2011-11-15 12:09:00,One-time customer
15525,3,825.92,2010-12-01 13:17:00,2011-12-07 14:43:00,Repeat customer
15526,2,148.44,2011-11-06 15:01:00,2011-11-06 15:04:00,Repeat customer
15527,8,2429.78,2010-12-20 14:15:00,2011-11-21 12:17:00,Repeat customer
15528,1,229.33,2011-03-30 16:14:00,2011-03-30 16:14:00,One-time customer
15529,11,3995.23,2010-12-08 12:24:00,2011-11-17 11:29:00,Repeat customer
15530,4,1502.35,2011-04-07 11:16:00,2011-11-18 12:25:00,Repeat customer
15531,2,2007.44,2011-11-09 17:47:00,2011-12-01 18:43:00,Repeat customer
15532,4,1580.93,2010-12-16 16:45:00,2011-11-14 14:51:00,Repeat customer
15533,3,807.57,2011-09-11 15:41:00,2011-11-20 15:35:00,Repeat customer
15535,4,536.4,2011-01-16 12:35:00,2011-06-19 16:02:00,Repeat customer
15537,1,110.92,2011-06-29 13:10:00,2011-06-29 13:10:00,One-time customer
15539,1,538.46,2011-12-02 13:36:00,2011-12-02 13:36:00,One-time customer
15540,1,213.3,2011-11-28 13:51:00,2011-11-28 13:51:00,One-time customer
15541,1,85.13000000000001,2011-08-17 14:58:00,2011-08-17 14:58:00,One-time customer
15543,1,127.86,2011-02-24 15:26:00,2011-02-24 15:26:00,One-time customer
15544,9,3546.71,2010-12-02 12:47:00,2011-11-30 16:43:00,Repeat customer
15545,2,292.71999999999997,2010-12-03 17:28:00,2011-10-16 13:24:00,Repeat customer
15547,14,4954.84,2010-12-12 13:26:00,2011-12-02 12:52:00,Repeat customer
15549,3,1693.26,2011-01-27 15:38:00,2011-09-23 16:22:00,Repeat customer
15550,4,575.63,2011-02-11 12:49:00,2011-12-05 15:38:00,Repeat customer
15551,1,436.06,2011-11-03 12:37:00,2011-11-03 12:37:00,One-time customer
15552,1,90.12,2011-05-06 14:47:00,2011-05-06 14:47:00,One-time customer
15553,1,437.23,2011-10-10 14:02:00,2011-10-10 14:02:00,One-time customer
15554,1,217.2,2011-03-07 09:00:00,2011-03-07 09:00:00,One-time customer
15555,16,4805.17,2010-12-05 14:45:00,2011-11-27 16:19:00,Repeat customer
15556,1,279.77,2011-11-15 16:08:00,2011-11-15 16:08:00,One-time customer
15557,1,473.65000000000003,2011-11-11 12:46:00,2011-11-11 12:46:00,One-time customer
15561,4,800.59,2011-05-08 11:38:00,2011-11-28 11:07:00,Repeat customer
15562,1,134.55,2010-12-23 09:55:00,2010-12-23 09:55:00,One-time customer
15563,4,1400.44,2010-12-16 11:27:00,2011-11-17 14:50:00,Repeat customer
15565,2,173.16,2011-09-30 10:44:00,2011-10-20 14:33:00,Repeat customer
15567,1,186.01,2011-11-21 10:48:00,2011-11-21 10:48:00,One-time customer
15568,3,758.29,2011-09-27 14:37:00,2011-12-07 11:27:00,Repeat customer
15569,5,1375.71,2011-01-11 13:26:00,2011-08-28 10:15:00,Repeat customer
15570,12,4165.52,2010-12-05 12:57:00,2011-12-02 14:47:00,Repeat customer
15571,4,650.4300000000001,2011-09-22 13:15:00,2011-11-28 10:02:00,Repeat customer
15572,7,2552.86,2011-03-06 14:44:00,2011-12-05 10:09:00,Repeat customer
15573,2,607.45,2011-09-15 12:16:00,2011-11-08 11:38:00,Repeat customer
15574,4,702.25,2010-12-02 15:46:00,2011-06-15 12:01:00,Repeat customer
15576,1,940.6700000000001,2011-11-02 12:03:00,2011-11-02 12:03:00,One-time customer
15577,3,258.88,2011-02-07 13:32:00,2011-07-11 17:03:00,Repeat customer
15578,1,127.1,2011-06-30 13:03:00,2011-06-30 13:03:00,One-time customer
15579,2,348.6,2011-01-30 12:09:00,2011-10-02 12:45:00,Repeat customer
15581,13,3679.9700000000003,2010-12-08 14:38:00,2011-08-11 09:38:00,Repeat customer
15582,3,682.9100000000001,2011-05-03 13:36:00,2011-11-15 09:55:00,Repeat customer
15584,4,725.11,2011-06-30 16:39:00,2011-11-16 10:55:00,Repeat customer
15585,1,455.3,2011-06-16 08:38:00,2011-06-16 08:38:00,One-time customer
15587,4,913.6800000000001,2010-12-23 09:59:00,2011-10-20 13:37:00,Repeat customer
15589,3,478.53000000000003,2011-02-02 10:46:00,2011-03-29 09:54:00,Repeat customer
15592,1,388.58,2011-10-24 08:59:00,2011-10-24 08:59:00,One-time customer
15593,1,199.8,2011-09-30 11:46:00,2011-09-30 11:46:00,One-time customer
15594,5,1771.78,2011-04-19 10:08:00,2011-11-24 08:53:00,Repeat customer
15596,5,1406.59,2010-12-09 16:10:00,2011-08-31 10:55:00,Repeat customer
15597,1,324.57,2011-11-04 13:26:00,2011-11-04 13:26:00,One-time customer
15598,1,240.68,2011-10-17 16:04:00,2011-10-17 16:04:00,One-time customer
15599,2,761.74,2011-05-19 13:05:00,2011-11-13 11:44:00,Repeat customer
15601,14,6776.56,2010-12-02 10:39:00,2011-11-28 15:15:00,Repeat customer
15602,9,1297.8700000000001,2010-12-06 15:35:00,2011-12-01 14:14:00,Repeat customer
15603,1,48.480000000000004,2011-09-22 10:04:00,2011-09-22 10:04:00,One-time customer
15604,1,216.39,2011-10-18 14:47:00,2011-10-18 14:47:00,One-time customer
15605,5,1198.23,2010-12-01 13:38:00,2011-11-03 14:17:00,Repeat customer
15606,9,2920.16,2011-01-19 12:07:00,2011-10-09 15:47:00,Repeat customer
15607,1,104.76,2011-01-07 12:44:00,2011-01-07 12:44:00,One-time customer
15608,4,1093.68,2011-08-11 09:56:00,2011-11-11 13:20:00,Repeat customer
15609,1,298.48,2011-06-08 13:00:00,2011-06-08 13:00:00,One-time customer
15610,1,112.46000000000001,2011-10-19 10:36:00,2011-10-19 10:36:00,One-time customer
15611,13,1591.45,2011-01-09 11:32:00,2011-11-30 12:36:00,Repeat customer
15612,2,195.15,2011-10-09 12:49:00,2011-11-03 14:52:00,Repeat customer
15615,23,10399.74,2010-12-15 16:21:00,2011-11-29 14:42:00,Repeat customer
15618,4,776.851,2011-07-26 10:13:00,2011-11-07 08:34:00,Repeat customer
15619,1,336.40000000000003,2011-11-29 08:14:00,2011-11-29 08:14:00,One-time customer
15620,3,1553.18,2010-12-16 14:34:00,2011-10-14 12:41:00,Repeat customer
15621,4,1293.03,2011-11-18 11:49:00,2011-12-05 14:01:00,Repeat customer
15622,9,3709.56,2011-03-02 13:42:00,2011-10-27 16:44:00,Repeat customer
15623,1,301.03,2011-07-21 17:26:00,2011-07-21 17:26:00,One-time customer
15624,4,588.13,2011-03-28 13:32:00,2011-08-15 11:38:00,Repeat customer
15625,4,1534.26,2011-04-18 14:01:00,2011-08-28 10:21:00,Repeat customer
15626,2,675.8,2011-01-14 10:10:00,2011-09-26 10:03:00,Repeat customer
15628,9,2870.2400000000002,2010-12-08 09:51:00,2011-12-05 10:24:00,Repeat customer
15630,2,1186.35,2011-05-19 10:16:00,2011-10-25 15:36:00,Repeat customer
15632,8,3285.31,2011-03-10 08:29:00,2011-11-24 09:51:00,Repeat customer
15634,1,243.55,2011-11-22 16:28:00,2011-11-22 16:28:00,One-time customer
15636,2,724.76,2011-03-02 14:50:00,2011-09-11 11:17:00,Repeat customer
15637,1,223.36,2011-10-18 08:28:00,2011-10-18 08:28:00,One-time customer
15639,1,425.32,2011-07-28 14:30:00,2011-07-28 14:30:00,One-time customer
15640,15,12515.66,2010-12-02 15:40:00,2011-12-05 14:35:00,Repeat customer
15641,4,1887.2,2010-12-15 14:45:00,2011-08-26 14:04:00,Repeat customer
15643,3,664.0,2011-03-02 14:34:00,2011-06-01 07:38:00,Repeat customer
15644,4,813.0,2011-03-23 15:37:00,2011-06-26 14:54:00,Repeat customer
15645,1,612.01,2011-11-21 11:55:00,2011-11-21 11:55:00,One-time customer
15646,3,447.64000000000004,2010-12-02 16:59:00,2011-07-05 09:53:00,Repeat customer
15648,2,657.35,2011-03-17 18:59:00,2011-05-19 15:53:00,Repeat customer
15649,2,816.0,2010-12-07 10:06:00,2011-01-07 13:34:00,Repeat customer
15651,3,646.3,2011-03-24 08:56:00,2011-11-03 08:41:00,Repeat customer
15652,1,337.74,2011-09-09 14:22:00,2011-09-09 14:22:00,One-time customer
15653,2,877.4399999999999,2011-08-16 09:50:00,2011-09-08 10:49:00,Repeat customer
15654,2,922.53,2011-11-13 15:15:00,2011-11-30 13:08:00,Repeat customer
15655,1,560.67,2011-04-10 15:25:00,2011-04-10 15:25:00,One-time customer
15656,4,748.5,2011-02-28 15:32:00,2011-10-25 14:56:00,Repeat customer
15657,1,30.0,2011-11-17 12:19:00,2011-11-17 12:19:00,One-time customer
15658,5,1024.1000000000001,2010-12-02 10:53:00,2011-06-02 15:22:00,Repeat customer
15659,1,306.45,2011-10-27 09:23:00,2011-10-27 09:23:00,One-time customer
15660,9,1600.86,2010-12-09 09:49:00,2011-11-14 16:58:00,Repeat customer
15661,2,309.8,2011-01-05 12:32:00,2011-01-26 13:56:00,Repeat customer
15663,1,138.14,2011-08-25 15:50:00,2011-08-25 15:50:00,One-time customer
15664,1,386.43,2011-10-20 10:57:00,2011-10-20 10:57:00,One-time customer
15665,2,2242.01,2011-04-10 15:09:00,2011-06-24 14:57:00,Repeat customer
15667,1,301.32,2011-10-31 10:56:00,2011-10-31 10:56:00,One-time customer
15668,1,76.32000000000001,2011-05-06 10:39:00,2011-05-06 10:39:00,One-time customer
15669,4,684.34,2011-03-21 09:13:00,2011-10-30 16:03:00,Repeat customer
15670,1,173.05,2011-02-16 10:50:00,2011-02-16 10:50:00,One-time customer
15671,7,2657.13,2011-03-14 09:37:00,2011-11-21 12:43:00,Repeat customer
15673,4,2881.02,2011-01-16 16:25:00,2011-09-12 16:12:00,Repeat customer
15674,5,2446.6,2011-03-30 09:19:00,2011-09-27 15:17:00,Repeat customer
15675,3,323.69,2011-03-04 14:21:00,2011-09-19 13:48:00,Repeat customer
15676,3,3435.76,2011-03-01 10:19:00,2011-11-21 12:40:00,Repeat customer
15677,1,657.23,2011-10-21 15:36:00,2011-10-21 15:36:00,One-time customer
15678,1,352.7,2011-10-18 09:25:00,2011-10-18 09:25:00,One-time customer
15679,4,781.28,2011-06-10 08:24:00,2011-11-15 16:19:00,Repeat customer
15680,3,1333.68,2010-12-08 14:43:00,2011-11-30 13:46:00,Repeat customer
15681,5,1426.16,2011-03-04 13:46:00,2011-11-14 16:30:00,Repeat customer
15683,1,193.75,2011-08-14 12:56:00,2011-08-14 12:56:00,One-time customer
15687,9,2993.1,2011-01-13 15:13:00,2011-12-01 08:33:00,Repeat customer
15689,2,254.1,2010-12-13 09:57:00,2011-08-12 09:37:00,Repeat customer
15690,2,239.76,2011-08-31 11:40:00,2011-12-05 15:59:00,Repeat customer
15691,1,136.8,2011-04-01 15:13:00,2011-04-01 15:13:00,One-time customer
15692,1,191.04,2011-11-11 14:12:00,2011-11-11 14:12:00,One-time customer
15694,14,6479.4,2010-12-02 07:49:00,2011-12-09 09:44:00,Repeat customer
15695,2,409.98,2011-03-18 08:31:00,2011-03-18 08:32:00,Repeat customer
15696,8,2736.46,2011-01-17 11:24:00,2011-11-06 14:02:00,Repeat customer
15699,1,309.65,2011-11-22 08:26:00,2011-11-22 08:26:00,One-time customer
15700,2,696.68,2011-06-19 15:36:00,2011-06-20 16:53:00,Repeat customer
15701,4,1542.14,2011-08-21 12:36:00,2011-12-07 14:39:00,Repeat customer
15703,1,211.5,2011-03-20 10:51:00,2011-03-20 10:51:00,One-time customer
15704,4,2293.62,2011-05-08 12:42:00,2011-07-22 13:35:00,Repeat customer
15705,1,143.1,2011-05-22 15:37:00,2011-05-22 15:37:00,One-time customer
15706,4,1060.56,2011-08-15 14:32:00,2011-10-07 10:09:00,Repeat customer
15707,4,945.58,2011-09-14 14:19:00,2011-11-04 14:35:00,Repeat customer
15708,7,3364.2400000000002,2010-12-05 11:12:00,2011-10-30 10:54:00,Repeat customer
15709,1,133.25,2011-03-01 10:38:00,2011-03-01 10:38:00,One-time customer
15712,5,1072.3600000000001,2011-02-25 11:32:00,2011-11-30 14:09:00,Repeat customer
15713,2,356.7,2010-12-08 15:16:00,2011-07-19 13:34:00,Repeat customer
15714,2,330.88,2011-09-23 11:25:00,2011-11-28 11:26:00,Repeat customer
15716,4,1118.81,2010-12-05 12:26:00,2011-07-17 11:59:00,Repeat customer
15717,1,150.3,2011-04-19 13:21:00,2011-04-19 13:21:00,One-time customer
15719,13,5045.61,2011-01-06 12:31:00,2011-11-07 12:29:00,Repeat customer
15720,1,598.73,2011-11-15 14:48:00,2011-11-15 14:48:00,One-time customer
15721,1,507.08,2011-11-28 12:14:00,2011-11-28 12:14:00,One-time customer
15722,5,2222.56,2011-02-22 12:24:00,2011-11-04 11:43:00,Repeat customer
15723,1,203.1,2010-12-10 11:12:00,2010-12-10 11:12:00,One-time customer
15724,2,218.25,2011-02-28 10:40:00,2011-05-22 14:40:00,Repeat customer
15725,1,415.25,2011-11-24 14:51:00,2011-11-24 14:51:00,One-time customer
15727,7,5178.96,2010-12-15 15:47:00,2011-11-23 12:36:00,Repeat customer
15729,1,85.0,2011-05-11 12:36:00,2011-05-11 12:36:00,One-time customer
15730,3,1120.88,2011-05-17 12:43:00,2011-10-05 12:31:00,Repeat customer
15732,2,294.12,2010-12-02 15:00:00,2011-05-11 14:24:00,Repeat customer
15733,1,162.3,2011-03-02 09:05:00,2011-03-02 09:05:00,One-time customer
15734,2,1339.45,2011-05-23 14:59:00,2011-08-17 10:50:00,Repeat customer
15737,8,1205.1200000000001,2011-04-11 10:01:00,2011-11-25 11:21:00,Repeat customer
15738,16,4812.42,2010-12-02 12:50:00,2011-11-21 08:26:00,Repeat customer
15739,1,449.12,2011-10-04 13:42:00,2011-10-04 13:42:00,One-time customer
15740,1,154.88,2011-10-21 14:29:00,2011-10-21 14:29:00,One-time customer
15743,4,784.46,2011-06-08 10:14:00,2011-11-23 17:19:00,Repeat customer
15744,1,34.8,2011-09-23 09:52:00,2011-09-23 09:52:00,One-time customer
15745,4,1094.59,2011-04-17 13:04:00,2011-11-20 13:45:00,Repeat customer
15746,1,196.88,2011-07-28 15:21:00,2011-07-28 15:21:00,One-time customer
15747,3,974.04,2011-06-20 11:30:00,2011-11-27 12:26:00,Repeat customer
15748,1,149.31,2011-10-30 12:51:00,2011-10-30 12:51:00,One-time customer
15749,3,44534.3,2011-01-11 12:55:00,2011-04-18 13:20:00,Repeat customer
15750,8,2465.48,2010-12-08 10:36:00,2011-12-07 12:34:00,Repeat customer
15752,7,2637.38,2010-12-02 09:43:00,2011-10-31 11:37:00,Repeat customer
15753,1,79.2,2011-02-08 12:41:00,2011-02-08 12:41:00,One-time customer
15754,3,458.57,2011-04-07 12:24:00,2011-10-19 14:40:00,Repeat customer
15755,6,2364.25,2011-02-18 11:53:00,2011-11-29 14:57:00,Repeat customer
15756,4,532.96,2011-04-04 14:00:00,2011-10-09 13:30:00,Repeat customer
15757,2,714.42,2011-05-06 11:40:00,2011-10-05 12:14:00,Repeat customer
15758,1,205.25,2011-11-15 10:48:00,2011-11-15 10:48:00,One-time customer
15759,3,253.04,2010-12-16 15:29:00,2011-05-05 15:13:00,Repeat customer
15762,2,583.75,2011-09-23 15:17:00,2011-10-05 16:15:00,Repeat customer
15763,2,1086.92,2011-09-23 12:10:00,2011-11-08 09:44:00,Repeat customer
15764,6,3279.97,2011-03-08 09:23:00,2011-09-12 17:58:00,Repeat customer
15766,1,315.06,2011-10-06 17:03:00,2011-10-06 17:03:00,One-time customer
15768,3,621.8299999999999,2011-04-28 09:20:00,2011-08-16 10:48:00,Repeat customer
15769,26,56252.72,2010-12-03 15:16:00,2011-12-02 13:52:00,Repeat customer
15773,1,635.6800000000001,2011-12-04 12:48:00,2011-12-04 12:48:00,One-time customer
15774,1,270.8,2011-10-02 12:04:00,2011-10-02 12:04:00,One-time customer
15775,1,104.9,2011-04-08 12:56:00,2011-04-08 12:56:00,One-time customer
15776,1,241.62,2011-07-29 13:46:00,2011-07-29 13:46:00,One-time customer
15777,4,1047.11,2010-12-13 16:38:00,2011-04-12 16:43:00,Repeat customer
15780,3,475.28000000000003,2010-12-17 11:43:00,2011-06-09 12:01:00,Repeat customer
15781,3,345.46,2011-02-07 09:15:00,2011-11-14 14:57:00,Repeat customer
15782,3,2614.7400000000002,2011-09-11 14:29:00,2011-11-30 10:49:00,Repeat customer
15783,1,246.3,2011-11-29 09:50:00,2011-11-29 09:50:00,One-time customer
15785,5,2328.9700000000003,2011-02-17 14:17:00,2011-11-07 11:33:00,Repeat customer
15786,3,4932.2,2011-08-17 13:33:00,2011-10-24 14:13:00,Repeat customer
15787,3,948.05,2011-10-09 13:11:00,2011-11-13 14:55:00,Repeat customer
15789,1,351.3,2010-12-16 14:35:00,2010-12-16 14:35:00,One-time customer
15790,1,220.85,2011-11-29 14:53:00,2011-11-29 14:53:00,One-time customer
15791,2,1612.69,2011-05-19 15:15:00,2011-10-27 10:14:00,Repeat customer
15793,3,965.61,2011-03-16 10:45:00,2011-11-25 09:31:00,Repeat customer
15795,1,610.01,2011-07-13 10:43:00,2011-07-13 10:43:00,One-time customer
15796,8,2711.56,2011-02-10 15:40:00,2011-12-08 19:55:00,Repeat customer
15797,4,2207.4,2011-01-24 15:47:00,2011-08-18 17:04:00,Repeat customer
15799,3,884.14,2011-01-09 15:13:00,2011-09-25 12:46:00,Repeat customer
15800,2,699.08,2011-04-07 12:39:00,2011-08-24 14:23:00,Repeat customer
15801,3,1063.95,2011-08-22 09:53:00,2011-10-24 13:52:00,Repeat customer
15802,1,451.42,2011-07-20 11:38:00,2011-07-20 11:38:00,One-time customer
15803,1,415.82000000000005,2011-10-19 14:56:00,2011-10-19 14:56:00,One-time customer
15804,13,4206.39,2011-05-25 10:12:00,2011-12-09 12:31:00,Repeat customer
15805,17,5528.4800000000005,2010-12-10 09:33:00,2011-11-16 16:32:00,Repeat customer
15806,3,784.58,2011-03-08 09:24:00,2011-10-24 14:35:00,Repeat customer
15807,3,903.9,2011-09-23 14:43:00,2011-10-20 14:10:00,Repeat customer
15808,4,3734.9700000000003,2010-12-05 13:05:00,2011-02-06 14:33:00,Repeat customer
15809,5,515.77,2011-02-10 11:16:00,2011-11-03 16:40:00,Repeat customer
15810,4,1391.98,2011-02-16 09:11:00,2011-09-22 09:38:00,Repeat customer
15811,6,2218.62,2010-12-09 15:29:00,2011-11-17 15:31:00,Repeat customer
15812,5,1801.14,2011-01-26 12:12:00,2011-08-24 14:19:00,Repeat customer
15813,2,1303.9099999999999,2011-04-14 09:09:00,2011-05-16 08:13:00,Repeat customer
15814,4,1945.33,2011-10-20 09:04:00,2011-11-23 08:17:00,Repeat customer
15815,5,2100.6,2011-03-25 08:43:00,2011-10-07 12:42:00,Repeat customer
15819,4,1905.45,2011-03-08 09:45:00,2011-10-21 14:50:00,Repeat customer
15820,1,206.98,2011-01-24 12:00:00,2011-01-24 12:00:00,One-time customer
15821,2,570.96,2011-10-09 13:28:00,2011-10-26 15:48:00,Repeat customer
15822,2,885.47,2010-12-15 13:38:00,2011-12-06 14:50:00,Repeat customer
15823,1,15.0,2010-12-02 15:08:00,2010-12-02 15:08:00,One-time customer
15825,1,532.94,2011-06-20 13:27:00,2011-06-20 13:27:00,One-time customer
15826,3,1654.31,2011-05-13 10:44:00,2011-10-14 16:05:00,Repeat customer
15827,14,1836.0900000000001,2010-12-02 13:06:00,2011-09-27 15:35:00,Repeat customer
15829,2,636.14,2011-07-22 10:23:00,2011-09-01 16:45:00,Repeat customer
15830,1,576.0,2011-11-02 10:40:00,2011-11-02 10:40:00,One-time customer
15831,3,801.76,2011-01-19 14:52:00,2011-10-12 13:14:00,Repeat customer
15832,1,836.79,2011-03-30 15:29:00,2011-03-30 15:29:00,One-time customer
15834,4,2233.75,2011-03-07 17:52:00,2011-09-30 14:41:00,Repeat customer
15835,4,954.09,2011-01-13 10:35:00,2011-10-26 15:47:00,Repeat customer
15836,1,137.37,2011-10-20 17:13:00,2011-10-20 17:13:00,One-time customer
15837,1,391.98,2011-10-06 09:01:00,2011-10-06 09:01:00,One-time customer
15838,19,33643.08,2010-12-07 11:26:00,2011-11-28 14:00:00,Repeat customer
15839,3,1048.49,2011-07-14 16:35:00,2011-11-06 13:54:00,Repeat customer
15840,2,355.56,2011-06-20 11:42:00,2011-10-12 09:08:00,Repeat customer
15841,4,1224.06,2011-01-05 11:25:00,2011-09-28 12:15:00,Repeat customer
15843,1,118.95000000000002,2011-02-09 10:19:00,2011-02-09 10:19:00,One-time customer
15844,1,130.73999999999998,2011-10-24 15:19:00,2011-10-24 15:19:00,One-time customer
15845,8,3711.77,2011-01-06 17:19:00,2011-11-22 09:42:00,Repeat customer
15847,2,389.27,2011-02-24 16:46:00,2011-11-01 14:41:00,Repeat customer
15850,2,238.85,2011-06-24 14:16:00,2011-11-20 14:14:00,Repeat customer
15852,2,160.71,2011-05-26 13:26:00,2011-06-06 11:22:00,Repeat customer
15853,1,110.8,2011-10-19 10:38:00,2011-10-19 10:38:00,One-time customer
15854,12,2974.65,2010-12-13 11:47:00,2011-12-05 13:39:00,Repeat customer
15855,5,712.24,2011-03-21 12:32:00,2011-07-26 10:20:00,Repeat customer
15856,27,16387.57,2010-12-09 13:34:00,2011-12-05 17:09:00,Repeat customer
15857,1,297.0,2011-11-21 12:18:00,2011-11-21 12:18:00,One-time customer
15858,5,1438.85,2010-12-07 14:31:00,2011-11-24 12:48:00,Repeat customer
15860,8,977.21,2010-12-06 11:38:00,2011-10-30 11:25:00,Repeat customer
15861,8,3165.36,2011-03-17 20:12:00,2011-11-27 15:59:00,Repeat customer
15862,4,832.88,2010-12-01 11:21:00,2011-12-01 13:28:00,Repeat customer
15863,2,68.84,2011-05-31 11:36:00,2011-11-14 12:49:00,Repeat customer
15864,6,1936.3200000000002,2011-01-27 16:43:00,2011-11-17 13:32:00,Repeat customer
15865,3,895.13,2011-05-10 11:44:00,2011-10-30 12:43:00,Repeat customer
15866,1,230.53,2011-08-30 14:09:00,2011-08-30 14:09:00,One-time customer
15867,15,3812.64,2010-12-05 14:17:00,2011-12-04 13:32:00,Repeat customer
15869,2,149.64,2011-03-07 17:19:00,2011-03-07 17:23:00,Repeat customer
15870,1,354.09000000000003,2011-11-07 10:58:00,2011-11-07 10:58:00,One-time customer
15872,2,360.93,2011-11-25 11:54:00,2011-11-25 11:55:00,Repeat customer
15874,7,4405.88,2011-02-28 13:28:00,2011-10-07 12:31:00,Repeat customer
15877,2,493.28,2011-11-22 11:18:00,2011-12-08 11:53:00,Repeat customer
15880,1,343.28000000000003,2010-12-05 13:00:00,2010-12-05 13:00:00,One-time customer
15881,5,501.39000000000004,2010-12-10 13:32:00,2011-01-31 16:59:00,Repeat customer
15882,4,516.36,2010-12-06 13:01:00,2011-05-25 11:35:00,Repeat customer
15883,2,396.48,2011-11-06 14:50:00,2011-12-07 17:05:00,Repeat customer
15885,3,379.35,2011-02-03 15:28:00,2011-09-08 10:43:00,Repeat customer
15886,1,181.09,2011-10-10 14:25:00,2011-10-10 14:25:00,One-time customer
15888,1,168.31,2011-09-20 12:30:00,2011-09-20 12:30:00,One-time customer
15889,2,446.87,2010-12-05 15:12:00,2011-07-06 11:10:00,Repeat customer
15891,1,524.52,2011-04-27 12:35:00,2011-04-27 12:35:00,One-time customer
15894,2,263.55,2010-12-05 14:06:00,2011-03-31 13:50:00,Repeat customer
15895,1,179.17,2011-07-13 10:27:00,2011-07-13 10:27:00,One-time customer
15897,2,222.05,2011-05-29 13:32:00,2011-05-29 13:50:00,Repeat customer
15898,5,1388.88,2010-12-06 11:01:00,2011-12-08 15:23:00,Repeat customer
15899,1,56.25,2010-12-06 10:36:00,2010-12-06 10:36:00,One-time customer
15900,1,351.11,2011-11-16 12:19:00,2011-11-16 12:19:00,One-time customer
15901,3,363.88,2011-07-08 12:18:00,2011-11-23 12:43:00,Repeat customer
15903,7,5126.76,2011-02-17 14:04:00,2011-11-30 08:08:00,Repeat customer
15904,1,164.68,2011-12-01 14:50:00,2011-12-01 14:50:00,One-time customer
15906,7,1567.69,2011-03-29 13:28:00,2011-11-20 12:24:00,Repeat customer
15907,3,967.45,2011-05-13 13:01:00,2011-12-06 12:21:00,Repeat customer
15909,1,191.94,2011-06-19 10:38:00,2011-06-19 10:38:00,One-time customer
15910,8,1232.18,2011-01-27 11:55:00,2011-12-09 10:51:00,Repeat customer
15912,2,264.62,2011-04-20 17:10:00,2011-06-14 14:29:00,Repeat customer
15916,8,1528.09,2010-12-08 13:07:00,2011-11-23 13:46:00,Repeat customer
15917,1,123.1,2011-04-06 10:40:00,2011-04-06 10:40:00,One-time customer
15918,2,334.23,2011-03-13 15:55:00,2011-06-02 11:42:00,Repeat customer
15919,2,639.89,2010-12-06 11:26:00,2011-11-20 11:28:00,Repeat customer
15920,4,167.5,2011-07-08 15:16:00,2011-07-08 15:31:00,Repeat customer
15921,1,336.03000000000003,2011-06-20 11:03:00,2011-06-20 11:03:00,One-time customer
15922,1,369.5,2010-12-01 13:51:00,2010-12-01 13:51:00,One-time customer
15923,1,127.08,2010-12-02 12:16:00,2010-12-02 12:16:00,One-time customer
15925,1,207.15,2011-05-29 15:35:00,2011-05-29 15:35:00,One-time customer
15930,1,426.63,2011-10-03 14:52:00,2011-10-03 14:52:00,One-time customer
15932,8,2495.87,2011-02-23 14:50:00,2011-12-05 17:13:00,Repeat customer
15933,3,1107.46,2011-09-14 12:05:00,2011-11-18 13:14:00,Repeat customer
15935,2,416.86,2011-04-12 09:35:00,2011-04-14 13:27:00,Repeat customer
15937,1,145.35,2011-10-06 15:48:00,2011-10-06 15:48:00,One-time customer
15938,5,404.58,2011-01-20 10:11:00,2011-08-19 12:56:00,Repeat customer
15939,15,6115.01,2011-01-12 12:43:00,2011-09-11 11:30:00,Repeat customer
15940,1,35.8,2011-02-01 16:18:00,2011-02-01 16:18:00,One-time customer
15942,1,337.44,2011-07-29 09:01:00,2011-07-29 09:01:00,One-time customer
15944,1,325.1,2011-03-08 10:33:00,2011-03-08 10:33:00,One-time customer
15945,1,181.0,2010-12-09 13:14:00,2010-12-09 13:14:00,One-time customer
15947,1,1708.24,2011-09-18 10:46:00,2011-09-18 10:46:00,One-time customer
15948,2,955.24,2011-10-27 08:35:00,2011-12-01 15:32:00,Repeat customer
15949,2,364.72,2011-09-29 17:34:00,2011-11-23 09:09:00,Repeat customer
15950,4,1765.51,2010-12-15 11:56:00,2011-11-08 11:09:00,Repeat customer
15951,2,708.22,2011-02-27 11:57:00,2011-12-01 08:34:00,Repeat customer
15952,4,806.57,2011-04-28 12:55:00,2011-11-06 11:18:00,Repeat customer
15953,8,1659.3799999999999,2010-12-05 15:15:00,2011-11-24 15:32:00,Repeat customer
15955,14,4416.26,2010-12-02 11:22:00,2011-11-15 14:15:00,Repeat customer
15957,1,428.89,2011-11-08 12:14:00,2011-11-08 12:14:00,One-time customer
15958,1,104.35,2011-09-26 13:41:00,2011-09-26 13:41:00,One-time customer
15963,2,470.76,2011-10-25 13:05:00,2011-11-20 11:33:00,Repeat customer
15965,4,845.64,2010-12-07 13:18:00,2011-11-22 16:44:00,Repeat customer
15967,2,418.83,2011-01-25 11:57:00,2011-11-16 15:41:00,Repeat customer
15969,3,666.1,2011-06-07 12:19:00,2011-12-07 11:06:00,Repeat customer
15970,1,314.1,2011-02-09 12:08:00,2011-02-09 12:08:00,One-time customer
15971,12,4199.85,2011-02-01 16:47:00,2011-11-22 12:50:00,Repeat customer
15973,1,307.82000000000005,2010-12-08 11:42:00,2010-12-08 11:42:00,One-time customer
15974,7,3442.15,2011-02-24 10:10:00,2011-10-31 13:13:00,Repeat customer
15975,1,371.01,2011-09-16 13:33:00,2011-09-16 13:33:00,One-time customer
15976,2,430.94,2011-05-03 17:12:00,2011-06-27 13:00:00,Repeat customer
15977,2,1054.73,2011-10-31 16:24:00,2011-11-22 13:29:00,Repeat customer
15978,1,1098.78,2011-09-23 15:21:00,2011-09-23 15:21:00,One-time customer
15980,3,2398.86,2011-03-30 15:05:00,2011-09-12 09:41:00,Repeat customer
15981,8,3408.48,2011-02-01 13:50:00,2011-11-15 08:00:00,Repeat customer
15983,4,1475.02,2010-12-01 12:15:00,2011-11-17 17:34:00,Repeat customer
15984,10,2837.67,2010-12-06 13:21:00,2011-12-07 12:16:00,Repeat customer
15985,2,1142.42,2011-04-17 11:04:00,2011-08-08 16:31:00,Repeat customer
15986,1,168.12,2011-11-09 15:17:00,2011-11-09 15:17:00,One-time customer
15987,7,1451.28,2010-12-06 08:34:00,2011-11-27 15:38:00,Repeat customer
15988,1,158.03,2011-11-20 13:23:00,2011-11-20 13:23:00,One-time customer
15990,2,792.11,2011-02-25 15:35:00,2011-10-26 15:58:00,Repeat customer
15992,1,41.989999999999995,2011-12-06 11:00:00,2011-12-06 11:00:00,One-time customer
15993,7,2797.57,2011-10-26 16:21:00,2011-12-01 10:45:00,Repeat customer
15994,1,427.07,2011-10-16 12:28:00,2011-10-16 12:28:00,One-time customer
15996,6,1060.68,2010-12-08 15:59:00,2011-09-12 15:14:00,Repeat customer
15998,5,3089.97,2010-12-12 13:32:00,2011-11-03 12:45:00,Repeat customer
16000,3,12393.7,2011-12-07 12:14:00,2011-12-07 12:17:00,Repeat customer
16003,5,2735.37,2010-12-15 12:09:00,2011-11-10 09:57:00,Repeat customer
16005,4,615.39,2011-03-14 11:46:00,2011-11-27 13:47:00,Repeat customer
16006,1,101.4,2011-05-12 13:12:00,2011-05-12 13:12:00,One-time customer
16007,4,1701.94,2011-05-08 13:32:00,2011-10-23 11:05:00,Repeat customer
16008,3,478.78,2011-05-19 10:54:00,2011-11-16 10:32:00,Repeat customer
16009,4,992.71,2011-07-03 11:26:00,2011-11-17 16:51:00,Repeat customer
16010,3,407.5,2010-12-12 12:18:00,2011-04-08 10:14:00,Repeat customer
16011,16,3362.71,2010-12-08 16:34:00,2011-12-01 16:31:00,Repeat customer
16012,3,1415.29,2011-07-07 18:02:00,2011-11-04 13:25:00,Repeat customer
16013,47,37130.6,2010-12-03 13:09:00,2011-12-06 10:36:00,Repeat customer
16014,3,662.38,2011-02-21 17:42:00,2011-11-02 12:04:00,Repeat customer
16015,3,705.39,2011-10-21 12:56:00,2011-12-06 10:58:00,Repeat customer
16016,8,1508.76,2010-12-08 12:36:00,2011-12-06 14:35:00,Repeat customer
16017,1,211.88,2011-10-23 12:56:00,2011-10-23 12:56:00,One-time customer
16018,2,408.90000000000003,2011-06-12 13:52:00,2011-10-31 14:13:00,Repeat customer
16019,9,3786.2400000000002,2010-12-10 12:29:00,2011-10-24 11:51:00,Repeat customer
16020,3,851.01,2011-10-05 13:54:00,2011-11-23 11:18:00,Repeat customer
16022,1,628.28,2011-03-24 13:16:00,2011-03-24 13:16:00,One-time customer
16023,3,719.81,2011-03-18 13:32:00,2011-10-24 16:34:00,Repeat customer
16024,1,251.24,2011-11-27 13:26:00,2011-11-27 13:26:00,One-time customer
16025,1,439.65999999999997,2011-11-10 11:45:00,2011-11-10 11:45:00,One-time customer
16026,1,236.09,2011-10-27 13:53:00,2011-10-27 13:53:00,One-time customer
16027,6,934.62,2011-02-10 12:19:00,2011-09-09 10:47:00,Repeat customer
16029,63,81024.84,2010-12-01 09:57:00,2011-11-01 10:27:00,Repeat customer
16030,1,331.24,2011-02-03 11:28:00,2011-02-03 11:28:00,One-time customer
16031,2,548.94,2011-04-06 14:23:00,2011-09-08 13:07:00,Repeat customer
16033,20,8816.4,2010-12-05 10:36:00,2011-12-04 12:44:00,Repeat customer
16034,3,437.7,2011-01-11 11:54:00,2011-05-27 16:17:00,Repeat customer
16036,2,758.92,2011-03-21 13:01:00,2011-09-13 14:53:00,Repeat customer
16037,3,855.02,2010-12-16 10:18:00,2011-03-15 09:13:00,Repeat customer
16038,3,471.78000000000003,2011-05-22 11:29:00,2011-12-02 12:40:00,Repeat customer
16040,3,1313.55,2011-03-16 09:58:00,2011-10-05 13:47:00,Repeat customer
16041,3,3166.4,2011-07-21 16:27:00,2011-11-09 12:25:00,Repeat customer
16042,5,1197.27,2011-01-11 13:25:00,2011-11-17 17:50:00,Repeat customer
16043,4,773.99,2011-01-26 11:14:00,2011-11-02 12:50:00,Repeat customer
16045,4,1340.7,2011-02-22 14:55:00,2011-08-12 12:41:00,Repeat customer
16048,2,256.44,2010-12-01 15:27:00,2010-12-01 15:28:00,Repeat customer
16049,3,1111.79,2011-09-25 14:33:00,2011-10-30 13:19:00,Repeat customer
16050,1,137.9,2011-06-19 11:44:00,2011-06-19 11:44:00,One-time customer
16052,1,362.06,2011-10-16 15:13:00,2011-10-16 15:13:00,One-time customer
16053,2,1511.95,2011-08-09 14:57:00,2011-11-07 11:21:00,Repeat customer
16054,1,783.9,2011-07-17 13:08:00,2011-07-17 13:08:00,One-time customer
16055,1,134.8,2011-05-03 09:26:00,2011-05-03 09:26:00,One-time customer
16056,1,664.85,2011-10-25 15:19:00,2011-10-25 15:19:00,One-time customer
16057,7,2263.12,2011-02-28 10:35:00,2011-11-23 15:23:00,Repeat customer
16059,6,1459.8600000000001,2010-12-07 10:36:00,2011-10-05 09:56:00,Repeat customer
16062,4,1153.62,2010-12-10 12:00:00,2011-11-30 12:15:00,Repeat customer
16063,1,335.32,2011-03-24 14:55:00,2011-03-24 14:56:00,One-time customer
16065,1,372.09,2010-12-09 13:03:00,2010-12-09 13:03:00,One-time customer
16066,5,1521.87,2011-08-07 14:33:00,2011-11-23 11:54:00,Repeat customer
16070,2,852.15,2011-11-07 16:36:00,2011-11-17 15:50:00,Repeat customer
16071,1,326.24,2011-10-26 11:14:00,2011-10-26 11:14:00,One-time customer
16072,1,584.3199999999999,2011-02-24 14:32:00,2011-02-24 14:32:00,One-time customer
16073,1,122.39999999999999,2011-02-15 15:41:00,2011-02-15 15:41:00,One-time customer
16076,10,2234.73,2011-05-15 12:31:00,2011-12-06 14:59:00,Repeat customer
16078,1,79.2,2011-03-01 09:47:00,2011-03-01 09:47:00,One-time customer
16079,3,1352.0,2011-10-30 13:06:00,2011-11-23 12:48:00,Repeat customer
16080,2,217.16,2011-03-10 14:44:00,2011-09-19 10:42:00,Repeat customer
16081,5,2806.9,2010-12-08 11:16:00,2011-10-14 13:06:00,Repeat customer
16083,2,1317.62,2010-12-14 11:51:00,2011-08-31 10:47:00,Repeat customer
16084,1,436.18,2011-02-13 16:05:00,2011-02-13 16:05:00,One-time customer
16085,5,981.51,2011-01-23 12:07:00,2011-11-16 13:24:00,Repeat customer
16086,5,1121.39,2010-12-07 13:45:00,2011-10-11 13:09:00,Repeat customer
16091,2,315.06,2011-05-25 09:18:00,2011-07-08 08:45:00,Repeat customer
16092,3,817.86,2011-03-30 15:38:00,2011-08-17 10:46:00,Repeat customer
16093,1,17.0,2011-08-25 11:09:00,2011-08-25 11:09:00,One-time customer
16094,4,1078.23,2011-05-04 13:57:00,2011-11-28 12:45:00,Repeat customer
16096,1,320.62,2011-03-20 13:38:00,2011-03-20 13:38:00,One-time customer
16097,1,185.04999999999998,2011-04-13 13:47:00,2011-04-13 13:47:00,One-time customer
16098,7,2005.63,2010-12-01 09:45:00,2011-09-13 09:59:00,Repeat customer
16099,3,731.9,2011-04-28 08:34:00,2011-10-20 13:13:00,Repeat customer
16101,1,1290.7,2011-09-30 10:18:00,2011-09-30 10:18:00,One-time customer
16102,3,1842.14,2011-08-03 12:50:00,2011-10-28 13:19:00,Repeat customer
16103,6,1429.64,2011-04-20 12:28:00,2011-12-02 14:16:00,Repeat customer
16104,1,302.36,2011-10-09 10:23:00,2011-10-09 10:23:00,One-time customer
16105,1,336.96,2011-04-05 10:13:00,2011-04-05 10:13:00,One-time customer
16106,1,108.38,2011-10-05 10:37:00,2011-10-05 10:37:00,One-time customer
16107,7,3204.1600000000003,2011-06-09 18:42:00,2011-11-22 09:40:00,Repeat customer
16108,1,842.5,2011-09-16 11:48:00,2011-09-16 11:48:00,One-time customer
16109,2,611.88,2011-02-04 12:37:00,2011-05-05 09:17:00,Repeat customer
16110,3,1337.48,2011-02-01 14:01:00,2011-10-25 14:35:00,Repeat customer
16112,4,195.73999999999998,2011-01-05 11:47:00,2011-07-19 14:28:00,Repeat customer
16113,1,161.38,2011-06-09 16:16:00,2011-06-09 16:16:00,One-time customer
16114,1,135.75000000000003,2011-06-22 10:13:00,2011-06-22 10:13:00,One-time customer
16115,8,1667.97,2011-02-20 12:14:00,2011-11-30 11:32:00,Repeat customer
16116,1,612.78,2011-05-12 12:01:00,2011-05-12 12:01:00,One-time customer
16117,1,232.21,2011-06-03 11:42:00,2011-06-03 11:42:00,One-time customer
16119,2,423.36,2011-09-28 10:15:00,2011-12-01 15:11:00,Repeat customer
16120,4,1309.14,2011-10-11 14:10:00,2011-10-11 14:22:00,Repeat customer
16121,2,867.11,2011-05-08 11:52:00,2011-10-13 12:59:00,Repeat customer
16122,4,684.4200000000001,2010-12-08 11:41:00,2011-09-27 15:34:00,Repeat customer
16123,1,307.78,2011-10-19 09:18:00,2011-10-19 09:18:00,One-time customer
16124,1,249.0,2011-01-26 14:45:00,2011-01-26 14:45:00,One-time customer
16125,1,289.35,2010-12-07 15:48:00,2010-12-07 15:48:00,One-time customer
16126,4,6287.77,2011-02-16 11:18:00,2011-11-10 16:03:00,Repeat customer
16127,1,656.25,2011-10-31 13:58:00,2011-10-31 13:58:00,One-time customer
16128,5,1880.22,2011-03-02 12:21:00,2011-11-22 11:14:00,Repeat customer
16131,6,3506.54,2011-04-14 08:32:00,2011-10-19 11:53:00,Repeat customer
16133,33,14589.04,2011-01-25 15:55:00,2011-12-06 11:24:00,Repeat customer
16134,2,618.09,2010-12-15 14:00:00,2011-11-18 10:05:00,Repeat customer
16135,1,517.55,2011-03-22 12:30:00,2011-03-22 12:30:00,One-time customer
16136,3,709.38,2011-03-07 09:52:00,2011-10-11 09:10:00,Repeat customer
16139,3,635.41,2011-05-17 10:23:00,2011-11-21 08:37:00,Repeat customer
16140,2,725.18,2010-12-03 14:40:00,2011-10-05 12:15:00,Repeat customer
16141,1,620.4,2011-09-12 13:11:00,2011-09-12 13:11:00,One-time customer
16142,1,535.34,2011-04-04 10:16:00,2011-04-04 10:16:00,One-time customer
16143,6,2424.94,2010-12-05 15:18:00,2011-12-06 14:13:00,Repeat customer
16144,1,175.2,2011-04-07 10:09:00,2011-04-07 10:09:00,One-time customer
16145,11,3799.4900000000002,2010-12-15 09:09:00,2011-12-01 10:33:00,Repeat customer
16146,3,734.13,2011-04-21 15:25:00,2011-07-05 14:20:00,Repeat customer
16147,1,375.0,2011-07-29 09:57:00,2011-07-29 09:57:00,One-time customer
16148,1,76.32000000000001,2011-02-16 14:01:00,2011-02-16 14:01:00,One-time customer
16149,2,280.52,2011-07-20 14:54:00,2011-12-05 11:29:00,Repeat customer
16150,5,2053.02,2010-12-02 18:27:00,2011-10-28 12:39:00,Repeat customer
16152,1,1829.04,2011-03-16 09:47:00,2011-03-16 09:47:00,One-time customer
16153,5,1824.23,2010-12-20 09:22:00,2011-10-21 10:50:00,Repeat customer
16156,9,3122.04,2011-02-02 12:02:00,2011-12-01 12:42:00,Repeat customer
16157,3,656.69,2011-09-28 11:48:00,2011-11-24 11:41:00,Repeat customer
16159,1,348.2,2011-03-03 12:27:00,2011-03-03 12:27:00,One-time customer
16160,2,1025.44,2011-09-15 10:53:00,2011-10-05 14:19:00,Repeat customer
16161,19,5575.56,2010-12-06 10:03:00,2011-12-08 12:10:00,Repeat customer
16162,1,37.4,2011-04-01 15:03:00,2011-04-01 15:03:00,One-time customer
16163,2,856.6,2010-12-09 16:28:00,2011-04-21 15:15:00,Repeat customer
16164,3,822.48,2011-10-28 09:12:00,2011-11-22 15:04:00,Repeat customer
16168,27,3787.6,2010-12-05 11:38:00,2011-11-29 12:45:00,Repeat customer
16169,4,1822.97,2011-09-25 11:33:00,2011-12-01 15:28:00,Repeat customer
16170,6,1885.05,2011-04-05 13:42:00,2011-10-20 08:21:00,Repeat customer
16171,1,73.2,2011-10-11 14:51:00,2011-10-11 14:51:00,One-time customer
16172,5,1140.21,2011-04-12 12:02:00,2011-09-05 13:22:00,Repeat customer
16173,6,1418.32,2011-09-02 15:23:00,2011-11-24 10:53:00,Repeat customer
16174,3,1009.5500000000001,2011-07-11 09:23:00,2011-08-05 13:26:00,Repeat customer
16175,4,1037.59,2011-04-13 14:38:00,2011-09-06 14:32:00,Repeat customer
16177,1,331.95,2011-10-20 12:57:00,2011-10-20 12:57:00,One-time customer
16178,1,197.9,2011-07-24 16:05:00,2011-07-24 16:05:00,One-time customer
16179,1,215.83,2011-10-10 09:41:00,2011-10-10 09:41:00,One-time customer
16180,8,10254.18,2011-04-01 10:23:00,2011-08-31 16:28:00,Repeat customer
16181,1,305.54,2011-09-27 13:38:00,2011-09-27 13:38:00,One-time customer
16182,4,6617.65,2011-02-18 10:11:00,2011-09-28 13:23:00,Repeat customer
16183,1,338.71000000000004,2011-10-03 14:59:00,2011-10-03 14:59:00,One-time customer
16184,6,1158.79,2011-05-12 13:33:00,2011-10-06 17:43:00,Repeat customer
16185,2,529.41,2011-04-21 11:59:00,2011-11-23 09:41:00,Repeat customer
16186,12,4006.94,2010-12-02 14:40:00,2011-11-17 12:43:00,Repeat customer
16187,15,6911.4400000000005,2011-02-28 13:34:00,2011-11-08 09:50:00,Repeat customer
16188,4,981.86,2011-04-11 09:44:00,2011-10-26 12:19:00,Repeat customer
16189,2,215.48,2011-09-15 15:21:00,2011-11-24 11:47:00,Repeat customer
16190,1,215.08,2011-10-30 15:59:00,2011-10-30 15:59:00,One-time customer
16191,13,5180.52,2010-12-14 12:38:00,2011-12-07 11:26:00,Repeat customer
16193,1,314.45,2011-04-17 11:45:00,2011-04-17 11:45:00,One-time customer
16198,1,400.68100000000004,2011-09-25 14:58:00,2011-09-25 14:58:00,One-time customer
16200,2,1080.6200000000001,2011-06-28 15:47:00,2011-12-05 14:40:00,Repeat customer
16201,4,1863.47,2011-08-22 10:47:00,2011-12-06 16:02:00,Repeat customer
16202,1,365.27,2010-12-14 10:43:00,2010-12-14 10:43:00,One-time customer
16203,4,592.9,2010-12-02 15:39:00,2011-10-12 12:31:00,Repeat customer
16204,1,405.71,2011-11-16 13:40:00,2011-11-16 13:40:00,One-time customer
16205,4,761.38,2011-06-13 11:33:00,2011-11-09 09:32:00,Repeat customer
16206,4,537.0600000000001,2011-01-16 11:07:00,2011-10-16 10:41:00,Repeat customer
16207,1,394.38,2011-11-14 13:51:00,2011-11-14 13:51:00,One-time customer
16208,2,664.26,2011-02-23 13:37:00,2011-10-26 11:36:00,Repeat customer
16209,5,2262.62,2011-04-07 12:23:00,2011-09-12 11:58:00,Repeat customer
16210,18,21086.3,2010-12-01 12:27:00,2011-12-08 12:36:00,Repeat customer
16211,1,547.02,2011-09-12 12:11:00,2011-09-12 12:11:00,One-time customer
16212,2,690.34,2011-03-01 12:51:00,2011-11-20 13:00:00,Repeat customer
16213,1,159.0,2011-09-22 10:03:00,2011-09-22 10:03:00,One-time customer
16214,3,1062.75,2011-03-15 13:23:00,2011-06-22 11:30:00,Repeat customer
16215,1,242.35,2011-09-20 10:18:00,2011-09-20 10:18:00,One-time customer
16216,1,914.9300000000001,2011-03-17 15:34:00,2011-03-17 15:34:00,One-time customer
16217,2,304.25,2011-03-02 15:28:00,2011-04-18 13:31:00,Repeat customer
16218,7,3084.68,2010-12-01 11:29:00,2011-11-10 09:59:00,Repeat customer
16221,3,864.86,2010-12-07 13:13:00,2011-11-03 11:43:00,Repeat customer
16222,1,846.72,2011-01-25 13:38:00,2011-01-25 13:38:00,One-time customer
16224,4,1295.3,2011-04-04 12:00:00,2011-10-13 17:51:00,Repeat customer
16225,5,1096.32,2011-03-07 12:17:00,2011-10-26 08:30:00,Repeat customer
16226,3,255.12,2011-04-18 12:58:00,2011-05-20 14:41:00,Repeat customer
16227,1,314.22,2011-04-28 13:33:00,2011-04-28 13:33:00,One-time customer
16229,2,1010.6,2011-05-11 10:18:00,2011-09-13 17:16:00,Repeat customer
16230,2,542.03,2011-05-03 15:12:00,2011-06-03 10:06:00,Repeat customer
16232,4,990.88,2011-05-08 14:05:00,2011-10-27 12:16:00,Repeat customer
16233,3,536.6800000000001,2010-12-08 12:51:00,2011-09-29 17:27:00,Repeat customer
16235,5,867.31,2011-01-11 15:42:00,2011-10-30 10:56:00,Repeat customer
16236,1,432.2,2011-09-22 14:10:00,2011-09-22 14:10:00,One-time customer
16239,2,414.2,2011-06-03 09:30:00,2011-10-14 08:29:00,Repeat customer
16240,2,3718.8,2011-09-23 13:44:00,2011-11-15 14:30:00,Repeat customer
16241,13,2607.87,2010-12-05 11:04:00,2011-11-30 11:08:00,Repeat customer
16242,7,3603.21,2011-03-07 17:04:00,2011-12-01 15:12:00,Repeat customer
16243,2,409.1,2011-10-16 12:09:00,2011-11-06 12:32:00,Repeat customer
16244,2,1522.75,2010-12-02 11:41:00,2011-05-12 10:18:00,Repeat customer
16245,3,1413.66,2011-03-28 09:30:00,2011-11-16 10:14:00,Repeat customer
16247,1,114.56,2011-06-22 14:23:00,2011-06-22 14:23:00,One-time customer
16248,1,152.94,2011-10-09 11:32:00,2011-10-09 11:32:00,One-time customer
16249,5,1800.07,2011-04-14 13:50:00,2011-10-18 10:07:00,Repeat customer
16250,2,389.44,2010-12-01 09:59:00,2011-03-23 15:07:00,Repeat customer
16253,2,3683.86,2011-03-29 13:33:00,2011-10-04 09:09:00,Repeat customer
16255,8,2619.91,2010-12-09 14:25:00,2011-11-23 12:40:00,Repeat customer
16256,1,752.4300000000001,2011-03-18 12:18:00,2011-03-18 12:18:00,One-time customer
16257,1,46.95,2011-06-16 10:11:00,2011-06-16 10:11:00,One-time customer
16258,5,5203.51,2011-05-04 14:33:00,2011-10-25 13:30:00,Repeat customer
16260,1,1035.45,2011-10-20 09:40:00,2011-10-20 09:40:00,One-time customer
16261,4,746.83,2011-04-07 19:05:00,2011-11-22 17:23:00,Repeat customer
16265,9,5447.0,2010-12-10 10:21:00,2011-11-30 16:41:00,Repeat customer
16266,7,861.89,2011-05-17 14:50:00,2011-09-27 12:08:00,Repeat customer
16268,2,667.65,2011-09-29 18:30:00,2011-09-29 18:30:00,Repeat customer
16270,1,1141.24,2010-12-21 14:26:00,2010-12-21 14:26:00,One-time customer
16271,5,1429.24,2010-12-16 16:36:00,2011-12-07 12:45:00,Repeat customer
16272,1,411.7,2011-08-15 10:53:00,2011-08-15 10:54:00,One-time customer
16274,1,357.95,2010-12-01 15:35:00,2010-12-01 15:35:00,One-time customer
16275,1,559.87,2011-05-27 12:41:00,2011-05-27 12:41:00,One-time customer
16276,1,810.6000000000001,2011-06-16 09:34:00,2011-06-16 09:34:00,One-time customer
16278,1,566.38,2011-08-31 17:12:00,2011-08-31 17:12:00,One-time customer
16279,3,1509.58,2011-06-16 11:50:00,2011-11-18 15:00:00,Repeat customer
16281,1,2062.06,2011-09-28 14:57:00,2011-09-28 14:57:00,One-time customer
16282,1,168.3,2011-01-04 11:42:00,2011-01-04 11:42:00,One-time customer
16283,5,1570.81,2011-05-15 13:37:00,2011-12-04 12:08:00,Repeat customer
16284,2,823.97,2011-10-20 13:54:00,2011-11-08 16:12:00,Repeat customer
16287,1,142.5,2011-06-23 09:08:00,2011-06-23 09:08:00,One-time customer
16292,1,302.25,2011-08-10 12:24:00,2011-08-10 12:24:00,One-time customer
16293,10,2248.9900000000002,2010-12-07 15:02:00,2011-11-18 09:58:00,Repeat customer
16295,4,1328.55,2011-10-06 10:45:00,2011-11-30 08:17:00,Repeat customer
16297,1,301.9,2011-03-16 08:29:00,2011-03-16 08:29:00,One-time customer
16298,3,598.2,2011-06-06 10:06:00,2011-11-17 11:59:00,Repeat customer
16302,1,233.22,2011-08-05 09:44:00,2011-08-05 09:44:00,One-time customer
16303,3,5360.63,2011-01-10 14:16:00,2011-11-14 10:49:00,Repeat customer
16305,1,361.21999999999997,2011-07-24 12:18:00,2011-07-24 12:18:00,One-time customer
16306,6,632.27,2010-12-07 15:18:00,2011-05-10 12:12:00,Repeat customer
16308,4,2560.0,2011-03-23 14:46:00,2011-11-02 11:24:00,Repeat customer
16309,2,706.57,2011-04-13 11:46:00,2011-08-25 15:35:00,Repeat customer
16311,2,616.26,2011-10-21 13:13:00,2011-11-22 08:54:00,Repeat customer
16313,2,274.15000000000003,2011-10-21 09:04:00,2011-12-06 13:02:00,Repeat customer
16315,1,226.37,2011-01-13 11:57:00,2011-01-13 11:57:00,One-time customer
16316,8,2938.91,2010-12-16 14:26:00,2011-10-06 13:48:00,Repeat customer
16317,3,1341.65,2011-02-15 14:30:00,2011-08-12 12:46:00,Repeat customer
16318,1,328.15,2011-11-04 13:05:00,2011-11-04 13:05:00,One-time customer
16319,1,404.40000000000003,2011-05-06 11:27:00,2011-05-06 11:27:00,One-time customer
16320,2,1038.46,2011-05-10 15:31:00,2011-06-20 15:25:00,Repeat customer
16321,5,373.65000000000003,2011-01-20 12:11:00,2011-09-28 14:55:00,Repeat customer
16322,2,326.75,2011-11-03 14:33:00,2011-12-08 15:41:00,Repeat customer
16323,1,207.50000000000003,2011-05-27 14:48:00,2011-05-27 14:48:00,One-time customer
16324,3,428.68,2011-06-15 14:26:00,2011-08-03 12:58:00,Repeat customer
16325,3,594.24,2011-04-08 09:20:00,2011-10-24 08:48:00,Repeat customer
16326,14,3110.96,2011-01-09 12:01:00,2011-12-04 10:11:00,Repeat customer
16327,6,3844.22,2010-12-05 12:43:00,2011-11-25 13:23:00,Repeat customer
16330,3,251.91,2011-08-19 17:08:00,2011-11-22 12:24:00,Repeat customer
16332,7,1593.2,2011-02-07 14:16:00,2011-11-11 14:22:00,Repeat customer
16333,22,26626.8,2011-02-03 10:50:00,2011-12-02 12:19:00,Repeat customer
16337,1,151.05,2011-11-03 10:03:00,2011-11-03 10:03:00,One-time customer
16338,1,214.79999999999998,2011-07-05 13:56:00,2011-07-05 13:56:00,One-time customer
16339,1,109.95,2011-02-28 13:41:00,2011-02-28 13:41:00,One-time customer
16340,1,549.07,2011-08-24 14:53:00,2011-08-24 14:53:00,One-time customer
16341,4,1971.87,2011-05-22 13:20:00,2011-11-15 09:12:00,Repeat customer
16342,4,322.41,2011-06-13 10:10:00,2011-09-25 14:36:00,Repeat customer
16343,2,370.47999999999996,2011-11-23 17:43:00,2011-11-23 17:45:00,Repeat customer
16344,1,101.10000000000001,2011-07-04 15:50:00,2011-07-04 15:50:00,One-time customer
16345,1,575.41,2011-10-26 16:03:00,2011-10-26 16:03:00,One-time customer
16347,2,887.65,2011-11-03 13:01:00,2011-11-28 13:14:00,Repeat customer
16348,7,1469.45,2011-04-13 15:49:00,2011-11-07 15:44:00,Repeat customer
16349,1,53.5,2011-02-22 12:40:00,2011-02-22 12:40:00,One-time customer
16350,4,1116.47,2011-01-10 09:44:00,2011-11-18 15:53:00,Repeat customer
16351,1,153.9,2011-01-11 10:26:00,2011-01-11 10:26:00,One-time customer
16352,2,494.44,2011-11-02 08:44:00,2011-11-22 10:32:00,Repeat customer
16353,23,6675.71,2010-12-05 12:09:00,2011-12-06 12:23:00,Repeat customer
16354,2,395.8,2011-09-27 16:28:00,2011-10-07 14:28:00,Repeat customer
16356,3,211.77,2011-03-07 12:31:00,2011-05-26 11:51:00,Repeat customer
16357,3,658.88,2011-05-10 10:35:00,2011-11-06 16:04:00,Repeat customer
16358,4,2027.5,2011-06-08 15:05:00,2011-12-08 15:09:00,Repeat customer
16359,9,1750.92,2011-01-12 10:49:00,2011-12-02 17:04:00,Repeat customer
16360,6,3512.53,2011-09-12 13:50:00,2011-12-05 12:16:00,Repeat customer
16361,4,896.66,2011-09-29 13:13:00,2011-11-30 12:32:00,Repeat customer
16362,5,734.77,2011-09-09 14:47:00,2011-11-07 13:01:00,Repeat customer
16363,1,109.36000000000001,2011-10-17 14:14:00,2011-10-17 14:14:00,One-time customer
16364,2,707.04,2011-07-25 14:35:00,2011-11-28 11:27:00,Repeat customer
16365,9,1540.42,2010-12-07 17:19:00,2011-11-22 11:24:00,Repeat customer
16366,1,327.3,2011-11-21 08:19:00,2011-11-21 08:19:00,One-time customer
16367,2,804.49,2010-12-12 12:01:00,2011-11-02 13:13:00,Repeat customer
16368,2,497.43,2011-11-11 15:08:00,2011-12-07 13:12:00,Repeat customer
16369,3,1553.66,2011-05-27 09:39:00,2011-11-21 16:25:00,Repeat customer
16370,4,1320.56,2011-04-28 16:40:00,2011-09-18 15:55:00,Repeat customer
16372,2,367.93,2011-11-06 12:50:00,2011-11-06 13:08:00,Repeat customer
16374,2,473.03000000000003,2011-03-22 13:46:00,2011-10-04 15:21:00,Repeat customer
16376,2,987.01,2011-11-22 16:47:00,2011-12-01 11:38:00,Repeat customer
16377,1,676.2,2011-03-17 15:41:00,2011-03-17 15:41:00,One-time customer
16378,3,362.95,2011-02-02 12:42:00,2011-04-06 15:07:00,Repeat customer
16379,4,2157.4,2011-09-22 09:33:00,2011-12-05 15:38:00,Repeat customer
16380,1,1780.59,2011-10-09 15:40:00,2011-10-09 15:40:00,One-time customer
16383,2,668.36,2011-03-16 13:00:00,2011-09-26 12:45:00,Repeat customer
16384,2,584.5,2011-03-21 10:13:00,2011-09-11 11:19:00,Repeat customer
16385,3,555.89,2010-12-08 12:56:00,2011-10-10 13:12:00,Repeat customer
16386,2,317.2,2011-03-31 12:19:00,2011-11-11 12:28:00,Repeat customer
16387,1,94.36,2011-01-21 11:34:00,2011-01-21 11:34:00,One-time customer
16389,4,1382.07,2011-03-01 15:47:00,2011-10-17 14:41:00,Repeat customer
16392,1,221.19,2011-03-15 12:11:00,2011-03-15 12:11:00,One-time customer
16393,13,3046.21,2010-12-05 13:10:00,2011-12-07 12:51:00,Repeat customer
16394,5,1555.34,2011-02-23 10:58:00,2011-10-14 09:48:00,Repeat customer
16395,5,1486.9,2011-01-13 12:10:00,2011-10-10 12:50:00,Repeat customer
16398,2,1705.8,2011-03-31 09:38:00,2011-07-08 15:16:00,Repeat customer
16399,2,408.57,2011-04-18 13:46:00,2011-11-20 16:12:00,Repeat customer
16400,1,303.93,2011-09-06 12:27:00,2011-09-06 12:27:00,One-time customer
16401,12,4098.32,2011-01-16 10:56:00,2011-12-08 18:15:00,Repeat customer
16402,2,299.6,2010-12-05 13:42:00,2011-03-20 12:25:00,Repeat customer
16403,1,177.5,2011-01-31 13:39:00,2011-01-31 13:39:00,One-time customer
16404,1,443.05,2011-09-30 14:55:00,2011-09-30 14:55:00,One-time customer
16405,2,167.25,2011-02-02 17:08:00,2011-02-10 15:24:00,Repeat customer
16406,1,163.07,2011-11-21 11:57:00,2011-11-21 11:57:00,One-time customer
16407,10,2126.93,2011-01-31 14:02:00,2011-11-27 11:05:00,Repeat customer
16409,5,2028.88,2011-01-26 14:51:00,2011-11-03 16:45:00,Repeat customer
16411,2,214.65,2010-12-05 13:26:00,2011-11-20 13:23:00,Repeat customer
16412,1,151.83,2011-10-17 12:35:00,2011-10-17 12:35:00,One-time customer
16413,1,262.2,2011-10-14 12:08:00,2011-10-14 12:08:00,One-time customer
16414,2,126.25,2011-03-04 13:27:00,2011-11-18 09:42:00,Repeat customer
16415,1,210.35,2011-10-26 13:35:00,2011-10-26 13:35:00,One-time customer
16416,3,1051.4,2011-10-14 13:35:00,2011-11-13 12:50:00,Repeat customer
16418,3,675.27,2011-04-27 16:54:00,2011-10-26 12:39:00,Repeat customer
16419,6,972.23,2011-02-01 12:25:00,2011-08-19 12:33:00,Repeat customer
16422,51,34684.4,2010-12-05 15:35:00,2011-11-22 14:00:00,Repeat customer
16423,1,346.12,2011-11-15 09:21:00,2011-11-15 09:21:00,One-time customer
16424,1,133.56,2011-06-01 13:40:00,2011-06-01 13:40:00,One-time customer
16425,1,302.7,2011-02-10 14:30:00,2011-02-10 14:30:00,One-time customer
16426,10,1908.25,2011-03-08 15:45:00,2011-12-07 14:01:00,Repeat customer
16427,2,241.06,2011-02-28 15:18:00,2011-03-21 17:10:00,Repeat customer
16429,1,284.55,2011-08-25 13:54:00,2011-08-25 13:54:00,One-time customer
16430,1,300.85,2011-10-13 14:47:00,2011-10-13 14:47:00,One-time customer
16431,3,642.81,2011-02-15 14:02:00,2011-05-10 14:09:00,Repeat customer
16432,1,287.4,2011-10-06 13:59:00,2011-10-06 13:59:00,One-time customer
16433,1,184.26,2011-11-11 14:09:00,2011-11-11 14:09:00,One-time customer
16434,7,1522.25,2011-02-13 12:17:00,2011-11-10 14:28:00,Repeat customer
16438,5,798.35,2011-09-18 13:31:00,2011-12-04 10:51:00,Repeat customer
16440,5,3640.67,2011-05-09 12:25:00,2011-12-02 12:02:00,Repeat customer
16441,2,381.2,2011-02-21 17:35:00,2011-10-03 17:48:00,Repeat customer
16442,3,616.79,2010-12-14 10:46:00,2011-12-08 11:43:00,Repeat customer
16444,4,654.67,2011-03-20 12:14:00,2011-10-24 13:50:00,Repeat customer
16445,1,230.51,2011-11-06 12:32:00,2011-11-06 12:32:00,One-time customer
16446,2,168472.5,2011-05-18 09:52:00,2011-12-09 09:15:00,Repeat customer
16447,1,259.01,2011-07-27 12:45:00,2011-07-27 12:45:00,One-time customer
16448,1,188.89000000000001,2011-05-25 16:28:00,2011-05-25 16:28:00,One-time customer
16449,2,707.69,2011-03-04 12:15:00,2011-05-26 10:25:00,Repeat customer
16450,1,311.92,2011-07-13 11:47:00,2011-07-13 11:47:00,One-time customer
16451,1,266.97,2011-09-13 09:17:00,2011-09-13 09:17:00,One-time customer
16454,2,6.9,2011-10-06 16:57:00,2011-10-26 11:40:00,Repeat customer
16455,7,1841.18,2010-12-03 16:44:00,2011-10-07 12:17:00,Repeat customer
16456,5,2158.37,2010-12-01 14:11:00,2011-09-01 13:50:00,Repeat customer
16457,1,208.36,2011-05-05 13:19:00,2011-05-05 13:19:00,One-time customer
16458,18,3482.7400000000002,2010-12-14 11:51:00,2011-12-07 09:34:00,Repeat customer
16460,3,814.72,2011-09-19 10:15:00,2011-11-11 13:46:00,Repeat customer
16461,1,151.42,2011-06-15 12:07:00,2011-06-15 12:07:00,One-time customer
16462,3,136.0,2011-03-01 08:58:00,2011-09-27 10:24:00,Repeat customer
16463,4,1422.4,2011-05-19 14:45:00,2011-11-18 14:01:00,Repeat customer
16464,3,1314.68,2011-07-20 13:53:00,2011-11-20 12:11:00,Repeat customer
16466,7,1603.46,2011-02-20 11:39:00,2011-11-06 11:35:00,Repeat customer
16468,1,74.9,2011-09-26 14:13:00,2011-09-26 14:13:00,One-time customer
16469,4,650.43,2011-04-07 13:11:00,2011-11-16 12:25:00,Repeat customer
16470,4,762.39,2010-12-16 11:53:00,2011-10-19 12:11:00,Repeat customer
16471,1,223.95000000000002,2011-03-10 09:41:00,2011-03-10 09:41:00,One-time customer
16473,3,316.11,2011-01-07 10:55:00,2011-06-28 09:10:00,Repeat customer
16474,7,1871.5,2011-07-17 14:51:00,2011-12-02 13:02:00,Repeat customer
16475,4,544.3,2011-03-11 09:39:00,2011-09-12 14:37:00,Repeat customer
16477,7,2494.46,2010-12-03 12:48:00,2011-10-07 09:44:00,Repeat customer
16478,3,331.0,2011-10-05 12:02:00,2011-11-14 15:51:00,Repeat customer
16479,2,300.83,2011-11-29 13:04:00,2011-11-29 13:40:00,Repeat customer
16480,1,769.29,2011-09-25 11:40:00,2011-09-25 11:40:00,One-time customer
16482,1,220.62,2011-11-24 12:33:00,2011-11-24 12:33:00,One-time customer
16483,1,139.35,2011-05-31 13:08:00,2011-05-31 13:08:00,One-time customer
16484,2,404.3,2011-06-02 10:39:00,2011-06-19 12:06:00,Repeat customer
16485,1,363.65,2011-09-23 15:50:00,2011-09-23 15:50:00,One-time customer
16488,3,498.8,2011-07-14 11:46:00,2011-11-06 13:42:00,Repeat customer
16491,1,731.5,2011-10-24 10:18:00,2011-10-24 10:18:00,One-time customer
16493,4,1351.63,2011-01-14 08:16:00,2011-09-21 11:10:00,Repeat customer
16494,1,826.53,2011-02-16 12:49:00,2011-02-16 12:49:00,One-time customer
16495,3,684.41,2011-03-08 16:38:00,2011-12-06 13:20:00,Repeat customer
16496,3,1599.52,2011-01-27 09:42:00,2011-12-01 10:31:00,Repeat customer
16497,6,2965.69,2011-01-10 13:20:00,2011-10-21 10:55:00,Repeat customer
16498,2,100.97,2011-06-30 19:52:00,2011-07-01 15:07:00,Repeat customer
16499,2,365.45,2010-12-10 10:27:00,2010-12-14 13:31:00,Repeat customer
16500,6,400.86,2011-01-13 10:28:00,2011-12-05 12:04:00,Repeat customer
16503,4,1431.93,2010-12-14 13:50:00,2011-08-25 11:46:00,Repeat customer
16504,1,484.38,2011-11-14 15:18:00,2011-11-14 15:18:00,One-time customer
16505,1,777.6,2011-11-08 12:14:00,2011-11-08 12:14:00,One-time customer
16506,2,90.30000000000001,2011-10-30 15:50:00,2011-11-20 12:17:00,Repeat customer
16509,1,363.7,2011-02-16 09:25:00,2011-02-16 09:25:00,One-time customer
16510,1,248.1,2010-12-02 13:39:00,2010-12-02 13:39:00,One-time customer
16511,3,950.26,2011-03-18 11:24:00,2011-11-18 10:41:00,Repeat customer
16513,4,874.59,2011-10-27 14:56:00,2011-12-05 10:18:00,Repeat customer
16515,5,1627.13,2011-02-01 13:09:00,2011-10-18 13:10:00,Repeat customer
16516,1,101.69999999999999,2011-11-09 14:59:00,2011-11-09 14:59:00,One-time customer
16517,1,162.7,2011-03-07 13:50:00,2011-03-07 13:50:00,One-time customer
16518,2,484.32,2011-02-28 16:36:00,2011-10-09 15:04:00,Repeat customer
16519,2,215.07999999999998,2010-12-09 14:08:00,2011-11-14 15:41:00,Repeat customer
16520,3,1046.57,2010-12-09 13:08:00,2011-06-06 13:24:00,Repeat customer
16523,21,9418.470000000001,2011-01-28 12:06:00,2011-12-08 09:06:00,Repeat customer
16525,26,13027.45,2010-12-08 11:31:00,2011-12-07 15:07:00,Repeat customer
16526,1,290.36,2011-06-21 12:02:00,2011-06-21 12:02:00,One-time customer
16527,1,228.06,2011-09-19 16:21:00,2011-09-19 16:21:00,One-time customer
16528,1,244.41,2011-12-06 12:45:00,2011-12-06 12:45:00,One-time customer
16529,1,455.25,2011-06-02 17:23:00,2011-06-02 17:23:00,One-time customer
16531,7,1244.59,2010-12-14 13:19:00,2011-11-17 16:29:00,Repeat customer
16532,3,6748.8,2011-01-05 12:37:00,2011-11-22 11:08:00,Repeat customer
16533,3,1095.56,2011-10-02 15:07:00,2011-11-20 13:08:00,Repeat customer
16535,1,593.75,2011-12-04 15:18:00,2011-12-04 15:18:00,One-time customer
16536,1,548.97,2011-08-21 15:54:00,2011-08-21 15:54:00,One-time customer
16539,4,1388.81,2010-12-01 15:40:00,2011-12-07 08:41:00,Repeat customer
16542,1,119.62,2011-10-17 10:47:00,2011-10-17 10:47:00,One-time customer
16545,1,339.3,2011-06-28 10:37:00,2011-06-28 10:37:00,One-time customer
16546,2,787.15,2010-12-02 12:07:00,2011-02-22 11:20:00,Repeat customer
16549,10,4154.64,2011-01-09 14:03:00,2011-11-29 15:06:00,Repeat customer
16550,5,2298.97,2010-12-06 13:53:00,2011-08-23 11:12:00,Repeat customer
16551,3,922.12,2011-01-07 10:24:00,2011-09-05 09:38:00,Repeat customer
16552,2,379.73,2010-12-01 12:36:00,2011-04-11 10:04:00,Repeat customer
16553,12,5719.82,2010-12-14 13:58:00,2011-06-29 15:42:00,Repeat customer
16554,3,837.1,2011-01-12 12:41:00,2011-10-28 14:51:00,Repeat customer
16555,2,285.89,2011-08-22 12:32:00,2011-11-04 14:31:00,Repeat customer
16556,7,3313.79,2010-12-14 13:32:00,2011-10-04 11:36:00,Repeat customer
16557,2,281.85,2011-07-25 13:28:00,2011-11-15 14:04:00,Repeat customer
16558,20,8338.49,2010-12-08 12:01:00,2011-12-09 10:20:00,Repeat customer
16560,2,841.41,2010-12-16 14:36:00,2011-11-13 10:35:00,Repeat customer
16561,2,511.12,2011-10-11 09:53:00,2011-12-04 11:50:00,Repeat customer
16563,1,1077.74,2011-10-17 11:51:00,2011-10-17 11:51:00,One-time customer
16565,1,173.7,2010-12-10 15:21:00,2010-12-10 15:21:00,One-time customer
16566,5,614.66,2011-02-20 10:29:00,2011-11-24 16:34:00,Repeat customer
16567,2,865.6,2011-01-07 09:31:00,2011-05-29 13:57:00,Repeat customer
16569,1,124.2,2011-12-06 15:32:00,2011-12-06 15:32:00,One-time customer
16570,10,3738.4,2011-02-01 10:37:00,2011-11-24 17:02:00,Repeat customer
16571,3,1421.69,2011-03-03 09:41:00,2011-11-13 11:46:00,Repeat customer
16572,3,1009.6,2011-03-09 12:04:00,2011-08-04 16:34:00,Repeat customer
16573,2,663.61,2011-02-22 15:14:00,2011-09-16 09:13:00,Repeat customer
16574,1,451.44,2011-09-29 13:39:00,2011-09-29 13:39:00,One-time customer
16581,1,105.84,2011-06-10 10:05:00,2011-06-10 10:05:00,One-time customer
16582,1,313.62,2011-08-18 17:02:00,2011-08-18 17:02:00,One-time customer
16583,1,233.45,2010-12-01 12:03:00,2010-12-01 12:03:00,One-time customer
16584,2,936.08,2011-03-30 13:14:00,2011-09-20 13:45:00,Repeat customer
16586,1,463.95,2011-04-05 09:32:00,2011-04-05 09:32:00,One-time customer
16587,1,225.15,2011-04-21 15:51:00,2011-04-21 15:51:00,One-time customer
16589,3,459.24,2011-07-01 13:31:00,2011-09-29 14:50:00,Repeat customer
16591,1,213.5,2011-10-02 10:43:00,2011-10-02 10:43:00,One-time customer
16592,16,4113.68,2011-02-25 10:19:00,2011-12-05 13:49:00,Repeat customer
16593,3,330.03,2011-01-16 12:11:00,2011-10-20 12:41:00,Repeat customer
16594,1,181.09,2011-09-25 14:08:00,2011-09-25 14:08:00,One-time customer
16595,1,360.16,2011-10-09 13:15:00,2011-10-09 13:15:00,One-time customer
16596,2,250.15,2010-12-08 16:18:00,2011-11-24 10:02:00,Repeat customer
16597,1,90.04,2011-12-05 15:44:00,2011-12-05 15:44:00,One-time customer
16598,1,145.04999999999998,2011-02-27 11:42:00,2011-02-27 11:42:00,One-time customer
16600,6,813.52,2011-01-05 12:13:00,2011-12-05 16:00:00,Repeat customer
16601,1,244.79999999999998,2011-10-30 11:09:00,2011-10-30 11:09:00,One-time customer
16602,1,528.08,2011-11-03 15:54:00,2011-11-03 15:54:00,One-time customer
16603,2,482.47,2011-09-09 13:02:00,2011-09-26 10:06:00,Repeat customer
16607,14,3347.71,2010-12-16 08:41:00,2011-11-22 10:24:00,Repeat customer
16609,7,5493.46,2011-04-01 10:11:00,2011-11-24 13:32:00,Repeat customer
16610,1,75.66,2011-05-04 13:13:00,2011-05-04 13:13:00,One-time customer
16611,1,129.49,2011-06-06 15:46:00,2011-06-06 15:46:00,One-time customer
16612,4,1187.66,2011-02-01 10:38:00,2011-11-07 07:38:00,Repeat customer
16613,1,618.59,2011-09-30 15:52:00,2011-09-30 15:52:00,One-time customer
16614,1,506.19,2011-06-10 11:36:00,2011-06-10 11:36:00,One-time customer
16616,2,500.42,2011-07-05 13:38:00,2011-11-24 16:31:00,Repeat customer
16617,1,151.85,2011-04-18 10:35:00,2011-04-18 10:35:00,One-time customer
16618,5,2647.59,2011-01-21 11:55:00,2011-11-08 13:52:00,Repeat customer
16619,1,226.21,2011-03-21 08:18:00,2011-03-21 08:18:00,One-time customer
16620,2,178.96,2011-03-24 10:37:00,2011-12-06 12:19:00,Repeat customer
16621,4,813.48,2011-03-07 11:32:00,2011-10-19 11:38:00,Repeat customer
16623,1,129.45,2011-04-08 10:09:00,2011-04-08 10:09:00,One-time customer
16624,2,810.5699999999999,2011-05-26 14:20:00,2011-09-20 12:39:00,Repeat customer
16625,1,333.08,2011-03-10 12:50:00,2011-03-10 12:50:00,One-time customer
16626,17,4413.1,2011-03-18 12:27:00,2011-12-09 11:56:00,Repeat customer
16627,1,322.8,2011-09-21 14:38:00,2011-09-21 14:38:00,One-time customer
16628,5,2188.05,2011-04-19 08:55:00,2011-11-10 12:45:00,Repeat customer
16629,2,417.73,2011-09-04 16:12:00,2011-09-27 10:34:00,Repeat customer
16633,6,2883.1,2011-04-19 14:36:00,2011-11-22 13:41:00,Repeat customer
16634,2,217.9,2010-12-02 17:41:00,2011-05-01 12:09:00,Repeat customer
16637,4,1154.47,2011-04-28 10:20:00,2011-11-07 13:17:00,Repeat customer
16638,10,1680.72,2010-12-06 10:19:00,2011-11-17 11:09:00,Repeat customer
16639,3,1257.51,2011-04-18 09:31:00,2011-11-08 13:20:00,Repeat customer
16641,1,231.10000000000002,2011-08-26 12:49:00,2011-08-26 12:49:00,One-time customer
16642,2,688.33,2011-05-16 12:35:00,2011-12-05 11:31:00,Repeat customer
16643,1,487.51,2011-04-08 08:24:00,2011-04-08 08:24:00,One-time customer
16644,2,833.78,2011-05-11 12:53:00,2011-06-15 12:39:00,Repeat customer
16647,2,214.06,2011-05-19 09:31:00,2011-06-23 11:47:00,Repeat customer
16648,1,290.65999999999997,2011-10-28 08:58:00,2011-10-28 08:58:00,One-time customer
16650,1,518.42,2011-09-29 09:51:00,2011-09-29 09:51:00,One-time customer
16652,7,6773.97,2011-03-11 13:13:00,2011-10-12 09:38:00,Repeat customer
16653,2,1212.66,2011-09-29 13:38:00,2011-11-23 14:51:00,Repeat customer
16654,4,601.27,2010-12-06 15:09:00,2011-07-21 15:23:00,Repeat customer
16655,6,3794.52,2011-01-12 10:16:00,2011-11-22 11:25:00,Repeat customer
16656,15,8625.8,2010-12-10 11:23:00,2011-11-17 14:43:00,Repeat customer
16657,4,933.62,2011-03-30 12:02:00,2011-11-30 11:48:00,Repeat customer
16658,1,123.24,2010-12-06 13:47:00,2010-12-06 13:47:00,One-time customer
16659,1,39.12,2011-06-03 15:03:00,2011-06-03 15:03:00,One-time customer
16660,4,1267.6499999999999,2011-01-24 12:44:00,2011-11-23 14:53:00,Repeat customer
16665,1,135.39999999999998,2010-12-12 14:03:00,2010-12-12 14:03:00,One-time customer
16666,1,118.98,2011-11-20 14:01:00,2011-11-20 14:01:00,One-time customer
16667,2,570.13,2011-02-28 12:57:00,2011-10-02 15:26:00,Repeat customer
16668,6,306.71999999999997,2011-02-28 12:46:00,2011-11-24 17:43:00,Repeat customer
16669,3,1374.8700000000001,2011-09-22 14:13:00,2011-11-16 12:26:00,Repeat customer
16670,11,4095.9,2010-12-16 10:30:00,2011-11-23 09:34:00,Repeat customer
16671,3,1692.27,2011-06-28 11:20:00,2011-11-11 13:40:00,Repeat customer
16672,20,8134.9400000000005,2011-03-18 10:15:00,2011-12-07 16:29:00,Repeat customer
16674,2,319.61,2011-09-02 13:59:00,2011-10-16 11:31:00,Repeat customer
16676,4,1592.1200000000001,2011-01-06 13:00:00,2011-11-06 12:01:00,Repeat customer
16678,12,3109.99,2011-03-02 09:24:00,2011-12-07 12:17:00,Repeat customer
16679,1,129.75,2010-12-08 13:51:00,2010-12-08 13:51:00,One-time customer
16680,1,183.7,2011-10-27 17:35:00,2011-10-27 17:35:00,One-time customer
16681,6,1770.34,2011-03-31 13:46:00,2011-09-28 11:11:00,Repeat customer
16682,5,1028.0,2011-06-05 11:02:00,2011-12-05 12:13:00,Repeat customer
16684,28,66653.56,2010-12-16 17:34:00,2011-12-05 14:06:00,Repeat customer
16685,2,324.24,2011-10-09 13:44:00,2011-10-09 13:58:00,Repeat customer
16686,7,3062.83,2010-12-19 14:41:00,2011-10-23 13:49:00,Repeat customer
16688,4,1260.86,2011-10-10 12:23:00,2011-12-08 15:24:00,Repeat customer
16689,2,422.59999999999997,2011-09-18 13:29:00,2011-09-25 11:39:00,Repeat customer
16690,2,225.57999999999998,2011-05-22 10:53:00,2011-09-28 15:02:00,Repeat customer
16692,2,1276.0,2011-02-23 15:41:00,2011-03-28 14:46:00,Repeat customer
16693,2,482.01,2011-03-13 11:06:00,2011-10-02 11:10:00,Repeat customer
16696,4,657.9000000000001,2011-04-05 15:20:00,2011-07-27 14:23:00,Repeat customer
16697,1,112.75,2011-04-12 17:12:00,2011-04-12 17:12:00,One-time customer
16698,2,1998.0,2011-03-31 13:33:00,2011-04-27 10:52:00,Repeat customer
16700,13,5076.55,2010-12-08 16:34:00,2011-12-01 11:00:00,Repeat customer
16701,13,5398.3,2010-12-13 11:51:00,2011-12-01 11:10:00,Repeat customer
16705,20,14034.99,2010-12-16 10:51:00,2011-12-09 12:08:00,Repeat customer
16706,3,531.35,2011-08-17 15:53:00,2011-11-02 13:50:00,Repeat customer
16708,1,656.63,2011-10-25 12:20:00,2011-10-25 12:20:00,One-time customer
16709,5,3029.87,2011-03-03 10:55:00,2011-09-16 10:56:00,Repeat customer
16710,10,2483.04,2010-12-06 13:13:00,2011-11-20 14:50:00,Repeat customer
16711,5,1651.03,2010-12-17 12:43:00,2011-12-06 16:32:00,Repeat customer
16712,11,3645.43,2011-03-08 15:07:00,2011-11-30 13:48:00,Repeat customer
16713,15,6923.13,2010-12-08 13:01:00,2011-11-21 12:36:00,Repeat customer
16714,3,1161.53,2011-01-26 13:40:00,2011-05-05 11:09:00,Repeat customer
16715,1,301.71999999999997,2011-09-22 18:15:00,2011-09-22 18:15:00,One-time customer
16716,2,901.2,2011-02-01 15:35:00,2011-03-18 10:03:00,Repeat customer
16717,6,3858.38,2010-12-08 16:48:00,2011-11-16 12:16:00,Repeat customer
16718,1,623.75,2010-12-05 13:03:00,2010-12-05 13:03:00,One-time customer
16719,7,1790.42,2010-12-06 12:06:00,2011-11-25 09:27:00,Repeat customer
16720,1,155.24,2011-11-13 16:22:00,2011-11-13 16:22:00,One-time customer
16721,1,292.47,2011-03-22 16:08:00,2011-03-22 16:08:00,One-time customer
16722,13,4730.81,2010-12-06 12:59:00,2011-11-22 13:28:00,Repeat customer
16723,2,589.15,2011-08-24 11:31:00,2011-09-09 13:01:00,Repeat customer
16725,7,781.02,2010-12-03 16:02:00,2011-02-10 16:52:00,Repeat customer
16726,5,1382.02,2010-12-13 13:28:00,2011-11-13 14:53:00,Repeat customer
16727,1,272.82,2010-12-10 13:48:00,2010-12-10 13:48:00,One-time customer
16728,4,1054.67,2011-03-20 13:28:00,2011-10-24 14:36:00,Repeat customer
16729,21,7239.92,2011-04-12 14:22:00,2011-11-01 14:29:00,Repeat customer
16730,3,743.11,2011-01-24 14:01:00,2011-10-18 14:11:00,Repeat customer
16732,1,603.75,2011-11-08 09:54:00,2011-11-08 09:54:00,One-time customer
16734,3,650.51,2011-08-17 15:00:00,2011-10-18 13:44:00,Repeat customer
16735,5,2300.56,2011-01-09 12:53:00,2011-09-22 11:49:00,Repeat customer
16737,1,417.59999999999997,2011-10-17 13:03:00,2011-10-17 13:03:00,One-time customer
16738,1,3.75,2011-02-15 09:46:00,2011-02-15 09:46:00,One-time customer
16739,1,323.0,2011-06-16 09:17:00,2011-06-16 09:17:00,One-time customer
16742,1,464.9,2011-10-24 12:02:00,2011-10-24 12:02:00,One-time customer
16743,7,2238.09,2010-12-16 12:15:00,2011-11-10 13:13:00,Repeat customer
16744,7,1304.76,2011-06-19 15:13:00,2011-11-28 13:06:00,Repeat customer
16745,17,7194.3,2011-02-01 11:31:00,2011-09-14 11:58:00,Repeat customer
16746,18,6697.66,2010-12-16 11:43:00,2011-12-05 12:33:00,Repeat customer
16747,2,836.06,2011-10-03 10:18:00,2011-11-02 11:37:00,Repeat customer
16748,5,1515.9,2011-01-09 13:50:00,2011-11-22 10:17:00,Repeat customer
16750,5,623.93,2011-04-21 16:53:00,2011-10-26 12:48:00,Repeat customer
16751,1,1764.72,2011-11-09 10:48:00,2011-11-09 10:48:00,One-time customer
16752,1,207.5,2010-12-02 12:18:00,2010-12-02 12:18:00,One-time customer
16753,1,223.92000000000002,2011-10-12 13:14:00,2011-10-12 13:14:00,One-time customer
16754,1,2002.4,2010-12-02 17:38:00,2010-12-02 17:38:00,One-time customer
16755,3,1496.83,2011-01-28 10:47:00,2011-08-17 13:21:00,Repeat customer
16756,1,239.4,2011-05-09 09:33:00,2011-05-09 09:33:00,One-time customer
16757,1,106.83000000000001,2011-01-25 11:59:00,2011-01-25 11:59:00,One-time customer
16758,1,369.34000000000003,2011-10-05 14:47:00,2011-10-05 14:47:00,One-time customer
16759,3,789.79,2011-11-09 09:06:00,2011-12-02 12:42:00,Repeat customer
16761,1,316.62,2011-09-04 11:15:00,2011-09-04 11:15:00,One-time customer
16762,3,1501.38,2011-07-18 12:52:00,2011-11-20 11:43:00,Repeat customer
16763,1,611.85,2011-05-25 11:52:00,2011-05-25 11:52:00,One-time customer
16764,13,2799.25,2011-07-19 17:17:00,2011-12-06 11:41:00,Repeat customer
16765,1,34.0,2011-02-18 15:41:00,2011-02-18 15:41:00,One-time customer
16766,2,1145.6,2011-03-11 13:34:00,2011-03-11 15:22:00,Repeat customer
16767,11,5580.6,2011-01-27 13:38:00,2011-11-09 09:42:00,Repeat customer
16768,3,478.09000000000003,2011-03-13 10:25:00,2011-10-23 10:38:00,Repeat customer
16769,1,380.39,2011-03-24 13:41:00,2011-03-24 13:41:00,One-time customer
16770,5,770.1,2010-12-02 15:49:00,2011-10-13 12:21:00,Repeat customer
16771,5,2246.81,2011-01-05 13:57:00,2011-11-06 13:28:00,Repeat customer
16773,1,171.59,2011-10-13 14:37:00,2011-10-13 14:37:00,One-time customer
16774,4,661.52,2011-06-14 12:45:00,2011-10-03 12:41:00,Repeat customer
16775,11,1695.66,2010-12-07 15:15:00,2011-11-29 15:22:00,Repeat customer
16776,1,388.28,2011-10-10 13:04:00,2011-10-10 13:04:00,One-time customer
16777,2,226.35,2011-03-27 14:34:00,2011-09-20 13:41:00,Repeat customer
16778,2,245.94,2011-03-10 15:21:00,2011-09-26 13:48:00,Repeat customer
16779,22,10629.720000000001,2010-12-08 09:56:00,2011-12-07 14:54:00,Repeat customer
16780,2,425.19,2011-03-25 17:34:00,2011-08-31 16:09:00,Repeat customer
16781,1,311.25,2010-12-02 14:26:00,2010-12-02 14:26:00,One-time customer
16782,13,2279.9,2010-12-09 11:28:00,2011-11-29 13:20:00,Repeat customer
16784,1,107.6,2011-11-20 12:20:00,2011-11-20 12:20:00,One-time customer
16788,2,597.48,2011-03-30 13:05:00,2011-08-08 14:53:00,Repeat customer
16789,1,80.8,2011-12-01 15:12:00,2011-12-01 15:12:00,One-time customer
16790,6,1545.6200000000001,2011-11-02 11:23:00,2011-12-06 11:53:00,Repeat customer
16791,7,1721.78,2011-01-11 15:42:00,2011-11-10 19:12:00,Repeat customer
16792,2,110.38000000000001,2011-03-02 14:39:00,2011-03-02 14:41:00,Repeat customer
16793,1,243.84,2011-10-13 15:08:00,2011-10-13 15:08:00,One-time customer
16794,10,1222.71,2011-06-12 14:15:00,2011-12-08 17:54:00,Repeat customer
16795,1,414.88,2010-12-09 14:08:00,2010-12-09 14:08:00,One-time customer
16796,1,305.62,2011-09-11 14:01:00,2011-09-11 14:01:00,One-time customer
16800,1,1201.49,2011-11-28 14:06:00,2011-11-28 14:06:00,One-time customer
16801,4,1619.73,2011-03-11 13:56:00,2011-06-29 15:33:00,Repeat customer
16803,1,332.3,2011-10-05 14:28:00,2011-10-05 14:28:00,One-time customer
16804,3,536.99,2011-03-14 15:48:00,2011-11-16 16:43:00,Repeat customer
16805,2,460.59,2010-12-14 13:35:00,2011-06-19 11:23:00,Repeat customer
16806,4,801.49,2011-04-14 19:59:00,2011-08-28 15:27:00,Repeat customer
16807,3,1121.59,2011-03-14 09:46:00,2011-07-20 12:00:00,Repeat customer
16808,2,288.42,2011-03-10 19:05:00,2011-09-01 19:34:00,Repeat customer
16809,5,914.69,2011-03-22 15:20:00,2011-11-16 15:45:00,Repeat customer
16810,1,309.54,2011-05-31 15:32:00,2011-05-31 15:32:00,One-time customer
16811,2,547.07,2011-11-22 17:19:00,2011-12-05 11:39:00,Repeat customer
16812,1,479.35,2010-12-14 12:35:00,2010-12-14 12:35:00,One-time customer
16813,10,1692.98,2011-05-19 13:28:00,2011-12-01 14:03:00,Repeat customer
16814,21,6509.1,2010-12-05 11:45:00,2011-11-25 13:27:00,Repeat customer
16816,4,417.06,2010-12-16 17:01:00,2011-08-28 14:16:00,Repeat customer
16817,9,1604.75,2010-12-06 14:19:00,2011-12-07 11:03:00,Repeat customer
16818,11,3349.57,2011-05-18 11:42:00,2011-11-29 10:41:00,Repeat customer
16820,1,497.61,2011-09-05 12:06:00,2011-09-05 12:06:00,One-time customer
16823,1,358.38,2011-04-26 15:00:00,2011-04-26 15:00:00,One-time customer
16824,2,460.64,2011-06-28 13:36:00,2011-11-24 12:38:00,Repeat customer
16825,2,775.1800000000001,2011-06-07 09:44:00,2011-11-01 11:51:00,Repeat customer
16826,1,341.7,2011-10-19 14:05:00,2011-10-19 14:05:00,One-time customer
16828,2,128.5,2011-08-19 13:24:00,2011-09-07 15:10:00,Repeat customer
16829,1,197.22,2011-07-06 10:48:00,2011-07-06 10:48:00,One-time customer
16830,1,325.91,2011-11-01 11:35:00,2011-11-01 11:35:00,One-time customer
16832,3,199.15,2011-05-06 14:12:00,2011-06-08 15:36:00,Repeat customer
16833,4,1106.53,2011-01-09 13:02:00,2011-12-08 14:39:00,Repeat customer
16834,1,413.46,2011-04-26 09:37:00,2011-04-26 09:37:00,One-time customer
16835,2,180.85,2010-12-01 17:15:00,2011-08-03 13:50:00,Repeat customer
16836,2,251.87,2011-08-15 12:38:00,2011-10-31 10:05:00,Repeat customer
16837,11,3170.98,2011-04-08 08:48:00,2011-11-08 14:27:00,Repeat customer
16838,2,588.85,2011-02-24 15:01:00,2011-05-26 13:13:00,Repeat customer
16839,34,16594.35,2010-12-05 11:15:00,2011-12-01 09:03:00,Repeat customer
16841,6,1869.82,2011-02-25 12:40:00,2011-11-03 11:51:00,Repeat customer
16842,3,1264.19,2011-02-10 14:51:00,2011-08-31 10:42:00,Repeat customer
16843,16,10196.57,2011-01-16 16:10:00,2011-10-28 09:06:00,Repeat customer
16846,1,214.32,2011-10-20 13:55:00,2011-10-20 13:55:00,One-time customer
16847,1,193.44,2011-10-27 13:29:00,2011-10-27 13:29:00,One-time customer
16848,1,281.42,2011-10-18 08:42:00,2011-10-18 08:42:00,One-time customer
16849,1,124.57,2011-06-06 09:16:00,2011-06-06 09:16:00,One-time customer
16850,1,332.41,2011-01-10 11:09:00,2011-01-10 11:09:00,One-time customer
16851,3,342.45,2011-10-19 09:48:00,2011-12-05 13:32:00,Repeat customer
16852,2,144.91000000000003,2011-06-16 15:49:00,2011-11-29 13:22:00,Repeat customer
16855,2,328.4,2011-10-27 16:31:00,2011-11-16 12:03:00,Repeat customer
16856,1,35.400000000000006,2011-11-25 08:59:00,2011-11-25 08:59:00,One-time customer
16858,1,375.69000000000005,2010-12-06 09:52:00,2010-12-06 09:52:00,One-time customer
16859,2,747.81,2011-03-23 13:39:00,2011-07-18 12:19:00,Repeat customer
16861,2,173.76,2011-07-04 15:38:00,2011-10-11 09:05:00,Repeat customer
16863,2,502.8,2010-12-08 08:58:00,2011-11-08 15:26:00,Repeat customer
16866,3,207.73999999999998,2011-07-01 12:34:00,2011-07-22 10:06:00,Repeat customer
16869,4,825.42,2011-06-17 13:01:00,2011-11-17 12:02:00,Repeat customer
16871,6,2812.34,2011-03-14 10:31:00,2011-11-17 19:27:00,Repeat customer
16872,3,680.02,2011-06-08 14:32:00,2011-09-23 16:05:00,Repeat customer
16873,6,7123.62,2010-12-10 15:45:00,2011-12-05 12:05:00,Repeat customer
16875,5,2095.53,2011-01-04 10:37:00,2011-10-03 13:39:00,Repeat customer
16877,6,853.72,2011-05-15 16:13:00,2011-11-27 13:47:00,Repeat customer
16878,1,13.3,2011-09-16 17:39:00,2011-09-16 17:39:00,One-time customer
16880,7,1519.08,2011-06-03 16:45:00,2011-11-09 11:33:00,Repeat customer
16881,1,432.0,2011-10-04 10:33:00,2011-10-04 10:33:00,One-time customer
16882,3,705.12,2011-01-26 17:43:00,2011-10-04 10:42:00,Repeat customer
16883,2,276.73,2010-12-03 10:33:00,2011-06-05 12:51:00,Repeat customer
16884,2,429.84000000000003,2011-11-02 10:16:00,2011-11-02 11:52:00,Repeat customer
16885,3,471.51,2010-12-17 17:23:00,2011-11-24 13:40:00,Repeat customer
16887,1,194.88,2011-11-04 14:07:00,2011-11-04 14:07:00,One-time customer
16889,3,1578.67,2011-01-07 10:47:00,2011-05-29 11:05:00,Repeat customer
16891,5,809.7,2010-12-03 11:35:00,2011-12-08 11:15:00,Repeat customer
16892,5,525.54,2011-06-09 11:35:00,2011-12-08 13:18:00,Repeat customer
16893,1,145.93,2010-12-08 12:06:00,2010-12-08 12:06:00,One-time customer
16895,1,219.14,2011-10-06 12:15:00,2011-10-06 12:15:00,One-time customer
16897,2,289.78,2011-01-30 11:52:00,2011-02-13 15:02:00,Repeat customer
16898,3,508.81,2010-12-06 12:23:00,2011-11-13 15:44:00,Repeat customer
16899,6,1281.56,2010-12-14 13:11:00,2011-12-02 12:03:00,Repeat customer
16900,3,887.11,2011-10-07 13:17:00,2011-11-23 10:32:00,Repeat customer
16902,1,1706.88,2011-08-15 14:17:00,2011-08-15 14:17:00,One-time customer
16903,1,373.24,2011-11-10 15:32:00,2011-11-10 15:32:00,One-time customer
16904,16,3754.27,2010-12-07 13:29:00,2011-12-05 13:10:00,Repeat customer
16905,7,3102.43,2010-12-03 10:43:00,2011-12-04 14:01:00,Repeat customer
16906,4,579.77,2011-04-05 12:30:00,2011-09-19 11:49:00,Repeat customer
16907,5,981.65,2010-12-09 16:52:00,2011-11-10 18:04:00,Repeat customer
16909,1,379.14,2011-09-28 16:45:00,2011-09-28 16:45:00,One-time customer
16910,8,1510.06,2011-09-09 14:14:00,2011-12-05 12:51:00,Repeat customer
16912,11,2575.38,2011-01-20 15:42:00,2011-11-11 12:18:00,Repeat customer
16913,1,113.44,2011-02-22 12:56:00,2011-02-22 12:56:00,One-time customer
16914,1,208.46,2011-11-03 15:27:00,2011-11-03 15:27:00,One-time customer
16915,6,621.6800000000001,2011-03-01 09:52:00,2011-11-30 16:39:00,Repeat customer
16916,2,576.26,2010-12-02 13:14:00,2011-11-16 12:08:00,Repeat customer
16917,1,391.52,2011-03-08 11:55:00,2011-03-08 11:55:00,One-time customer
16918,6,1068.82,2011-01-26 17:37:00,2011-10-21 12:50:00,Repeat customer
16919,11,2596.45,2010-12-06 12:52:00,2011-07-06 13:35:00,Repeat customer
16921,1,169.79,2011-10-09 16:22:00,2011-10-09 16:22:00,One-time customer
16923,19,7247.61,2010-12-12 11:06:00,2011-11-27 13:00:00,Repeat customer
16924,3,846.75,2011-09-16 12:54:00,2011-11-18 12:53:00,Repeat customer
16926,1,230.25,2010-12-03 13:42:00,2010-12-03 13:42:00,One-time customer
16927,3,543.05,2010-12-13 11:57:00,2011-08-16 11:10:00,Repeat customer
16928,17,2847.6,2010-12-01 15:21:00,2011-09-20 15:10:00,Repeat customer
16929,7,1295.39,2011-07-07 12:39:00,2011-12-06 08:37:00,Repeat customer
16930,3,380.55,2011-10-02 14:25:00,2011-11-13 16:13:00,Repeat customer
16931,21,4604.22,2010-12-05 11:40:00,2011-12-04 13:15:00,Repeat customer
16932,1,161.94,2011-10-17 14:12:00,2011-10-17 14:12:00,One-time customer
16933,2,563.23,2011-04-14 13:33:00,2011-12-08 12:54:00,Repeat customer
16934,2,950.9300000000001,2011-10-16 12:25:00,2011-10-16 12:40:00,Repeat customer
16936,1,262.68,2011-11-14 11:04:00,2011-11-14 11:04:00,One-time customer
16938,4,2736.38,2011-02-04 09:34:00,2011-12-01 10:20:00,Repeat customer
16940,3,3049.88,2011-02-23 12:27:00,2011-10-18 13:15:00,Repeat customer
16942,9,1920.59,2011-04-26 11:59:00,2011-11-27 12:40:00,Repeat customer
16943,3,816.73,2011-01-25 14:00:00,2011-05-12 11:57:00,Repeat customer
16945,19,4345.5,2010-12-16 17:49:00,2011-11-18 11:39:00,Repeat customer
16947,1,406.48,2011-04-18 09:38:00,2011-04-18 09:38:00,One-time customer
16948,3,435.02,2011-01-18 10:58:00,2011-07-24 12:46:00,Repeat customer
16949,6,1286.27,2011-01-27 12:11:00,2011-12-06 11:07:00,Repeat customer
16950,3,1178.56,2010-12-07 15:20:00,2011-10-14 09:06:00,Repeat customer
16951,3,1277.75,2011-02-08 14:58:00,2011-07-28 12:05:00,Repeat customer
16952,2,167.61,2011-08-22 12:58:00,2011-08-22 13:03:00,Repeat customer
16953,1,20.8,2011-11-09 15:54:00,2011-11-09 15:54:00,One-time customer
16954,9,2085.08,2010-12-15 10:41:00,2011-12-09 09:46:00,Repeat customer
16955,4,518.67,2010-12-01 13:31:00,2011-06-08 10:36:00,Repeat customer
16956,1,308.74,2011-11-22 08:56:00,2011-11-22 08:56:00,One-time customer
16957,2,416.64,2011-03-03 09:25:00,2011-04-14 13:56:00,Repeat customer
16959,1,117.35000000000001,2011-09-13 15:03:00,2011-09-13 15:03:00,One-time customer
16960,3,507.05,2011-04-01 11:54:00,2011-11-01 11:35:00,Repeat customer
16961,1,234.17,2011-08-15 13:46:00,2011-08-15 13:46:00,One-time customer
16963,1,110.55000000000001,2011-06-05 13:48:00,2011-06-05 13:48:00,One-time customer
16965,1,201.19,2011-04-27 12:08:00,2011-04-27 12:08:00,One-time customer
16966,7,2154.97,2011-04-13 14:17:00,2011-12-01 13:40:00,Repeat customer
16967,1,319.02,2011-06-03 14:24:00,2011-06-03 14:24:00,One-time customer
16968,2,439.43,2011-08-24 10:51:00,2011-12-05 15:02:00,Repeat customer
16969,3,650.41,2011-06-01 12:10:00,2011-10-31 13:12:00,Repeat customer
16971,1,357.21,2011-11-01 15:06:00,2011-11-01 15:06:00,One-time customer
16976,1,251.51999999999998,2011-03-17 16:33:00,2011-03-17 16:33:00,One-time customer
16978,1,344.33,2011-09-23 12:50:00,2011-09-23 12:50:00,One-time customer
16979,6,1852.0,2011-02-15 09:20:00,2011-12-06 12:21:00,Repeat customer
16980,2,1078.96,2011-02-21 12:58:00,2011-03-29 16:36:00,Repeat customer
16982,1,384.06,2011-10-10 12:28:00,2011-10-10 12:28:00,One-time customer
16983,7,1931.25,2010-12-05 12:34:00,2011-11-27 12:10:00,Repeat customer
16984,2,4481.35,2011-08-01 17:37:00,2011-09-12 13:43:00,Repeat customer
16985,10,5464.12,2010-12-16 10:38:00,2011-11-22 13:33:00,Repeat customer
16986,2,1873.2,2011-11-09 15:52:00,2011-11-10 11:55:00,Repeat customer
16987,7,1625.05,2011-05-18 15:55:00,2011-12-06 17:26:00,Repeat customer
16988,1,126.12,2011-12-04 16:02:00,2011-12-04 16:02:00,One-time customer
16989,6,1133.25,2011-07-12 09:11:00,2011-12-02 16:39:00,Repeat customer
16990,1,179.0,2011-05-05 08:30:00,2011-05-05 08:30:00,One-time customer
16992,5,1614.31,2011-02-28 10:37:00,2011-11-29 11:50:00,Repeat customer
16996,6,1456.96,2010-12-21 13:22:00,2011-11-09 16:43:00,Repeat customer
16997,3,702.0,2011-01-18 11:51:00,2011-02-24 17:28:00,Repeat customer
16998,4,295.0,2011-02-08 15:42:00,2011-07-13 09:44:00,Repeat customer
16999,2,484.82,2011-09-26 15:43:00,2011-11-16 13:53:00,Repeat customer
17001,11,3989.57,2010-12-16 09:35:00,2011-12-09 09:38:00,Repeat customer
17002,3,1493.73,2011-02-22 11:46:00,2011-09-15 12:40:00,Repeat customer
17004,2,1412.94,2011-09-08 12:16:00,2011-10-24 14:25:00,Repeat customer
17006,4,781.78,2011-09-25 12:15:00,2011-12-05 12:09:00,Repeat customer
17007,6,889.9300000000001,2010-12-17 13:57:00,2011-10-20 10:47:00,Repeat customer
17010,1,195.36,2011-11-21 14:49:00,2011-11-21 14:49:00,One-time customer
17011,1,270.9,2011-11-09 13:30:00,2011-11-09 13:30:00,One-time customer
17014,3,586.33,2011-10-04 11:36:00,2011-12-01 14:09:00,Repeat customer
17015,3,1842.56,2011-06-07 13:19:00,2011-11-11 10:45:00,Repeat customer
17017,20,8694.26,2010-12-02 10:17:00,2011-12-07 09:32:00,Repeat customer
17018,2,920.1,2011-01-18 08:46:00,2011-10-30 11:42:00,Repeat customer
17019,4,1272.61,2010-12-06 12:55:00,2011-11-28 13:06:00,Repeat customer
17022,1,71.0,2011-11-08 17:09:00,2011-11-08 17:09:00,One-time customer
17024,3,95.85,2011-07-05 09:31:00,2011-10-25 13:47:00,Repeat customer
17025,3,357.77,2010-12-01 15:45:00,2011-10-10 09:06:00,Repeat customer
17026,2,154.82999999999998,2010-12-05 12:47:00,2011-06-07 14:28:00,Repeat customer
17027,6,890.29,2011-01-26 14:19:00,2011-09-22 12:24:00,Repeat customer
17029,2,716.0,2011-04-17 10:57:00,2011-08-21 11:06:00,Repeat customer
17030,1,146.87,2011-10-07 08:49:00,2011-10-07 08:49:00,One-time customer
17031,2,380.35,2011-07-08 09:38:00,2011-11-28 10:23:00,Repeat customer
17033,3,1030.14,2010-12-15 13:21:00,2011-09-14 14:34:00,Repeat customer
17034,3,745.52,2011-02-25 10:10:00,2011-11-23 15:14:00,Repeat customer
17035,2,433.53000000000003,2011-02-01 12:27:00,2011-04-08 11:23:00,Repeat customer
17037,1,1267.32,2011-09-13 12:49:00,2011-09-13 12:49:00,One-time customer
17038,1,112.4,2011-11-09 13:50:00,2011-11-09 13:50:00,One-time customer
17040,1,449.73,2011-07-25 10:19:00,2011-07-25 10:19:00,One-time customer
17041,3,1081.57,2010-12-14 11:43:00,2011-11-13 11:21:00,Repeat customer
17042,5,1044.3799999999999,2011-04-06 14:53:00,2011-12-07 12:26:00,Repeat customer
17043,4,1735.18,2011-03-18 14:53:00,2011-11-07 15:33:00,Repeat customer
17044,1,948.48,2011-11-14 14:28:00,2011-11-14 14:28:00,One-time customer
17045,3,339.44,2011-04-06 12:08:00,2011-08-18 17:09:00,Repeat customer
17046,1,642.02,2011-07-05 14:24:00,2011-07-05 14:24:00,One-time customer
17047,3,1100.9,2011-05-18 16:50:00,2011-09-15 13:27:00,Repeat customer
17048,3,925.35,2011-01-12 16:51:00,2011-08-14 11:49:00,Repeat customer
17049,9,5659.9800000000005,2011-03-09 08:33:00,2011-12-07 10:48:00,Repeat customer
17050,6,3228.84,2011-02-13 12:41:00,2011-09-04 13:48:00,Repeat customer
17051,1,247.14000000000001,2011-05-29 14:13:00,2011-05-29 14:13:00,One-time customer
17052,1,413.75,2011-11-11 14:50:00,2011-11-11 14:50:00,One-time customer
17053,1,498.48,2011-08-01 10:23:00,2011-08-01 10:23:00,One-time customer
17054,5,1356.33,2011-04-08 13:14:00,2011-11-11 12:56:00,Repeat customer
17058,3,1179.89,2011-04-14 09:18:00,2011-09-19 10:13:00,Repeat customer
17059,5,3095.04,2010-12-05 12:35:00,2011-11-10 12:27:00,Repeat customer
17060,1,234.24,2011-03-18 13:27:00,2011-03-18 13:27:00,One-time customer
17061,11,5232.2300000000005,2011-04-21 13:29:00,2011-09-27 11:24:00,Repeat customer
17062,4,538.37,2010-12-05 11:59:00,2011-01-30 11:01:00,Repeat customer
17063,7,1461.14,2011-02-23 13:44:00,2011-11-18 16:19:00,Repeat customer
17064,3,859.35,2011-01-16 16:10:00,2011-10-12 10:18:00,Repeat customer
17068,21,4552.14,2010-12-06 13:58:00,2011-11-27 13:14:00,Repeat customer
17069,9,2709.7000000000003,2010-12-01 16:49:00,2011-11-11 17:13:00,Repeat customer
17070,1,312.14,2011-08-17 17:01:00,2011-08-17 17:01:00,One-time customer
17071,9,2429.03,2011-02-03 08:18:00,2011-11-11 16:31:00,Repeat customer
17073,4,1446.09,2011-08-22 14:37:00,2011-11-22 11:47:00,Repeat customer
17075,4,834.12,2011-01-26 13:20:00,2011-11-22 11:58:00,Repeat customer
17076,3,841.0799999999999,2010-12-10 10:08:00,2011-11-03 17:53:00,Repeat customer
17078,2,378.2,2011-11-03 18:49:00,2011-11-03 19:17:00,Repeat customer
17079,1,118.80000000000001,2011-09-22 15:34:00,2011-09-22 15:34:00,One-time customer
17080,2,287.62,2011-03-15 12:05:00,2011-11-17 12:59:00,Repeat customer
17081,2,290.16,2011-10-24 13:08:00,2011-11-14 12:56:00,Repeat customer
17082,2,2003.85,2011-01-25 14:36:00,2011-11-06 15:17:00,Repeat customer
17083,3,1405.78,2011-02-09 11:38:00,2011-08-22 15:43:00,Repeat customer
17084,2,2949.75,2011-11-04 14:49:00,2011-11-04 14:54:00,Repeat customer
17085,5,1566.65,2010-12-12 12:24:00,2011-08-08 14:15:00,Repeat customer
17086,6,2050.08,2011-10-07 11:22:00,2011-12-02 13:54:00,Repeat customer
17088,4,1991.01,2011-03-31 09:48:00,2011-11-11 14:23:00,Repeat customer
17090,7,2043.95,2010-12-20 13:52:00,2011-12-05 13:44:00,Repeat customer
17091,9,3827.76,2010-12-07 09:55:00,2011-12-07 10:43:00,Repeat customer
17092,4,1777.78,2011-03-07 14:51:00,2011-10-20 19:51:00,Repeat customer
17094,1,302.0,2011-01-21 13:09:00,2011-01-21 13:09:00,One-time customer
17095,3,1324.16,2011-01-09 11:05:00,2011-11-17 12:21:00,Repeat customer
17096,4,1022.13,2011-03-23 12:05:00,2011-11-24 15:01:00,Repeat customer
17097,8,954.42,2010-12-09 14:55:00,2011-12-07 17:05:00,Repeat customer
17100,2,971.74,2011-11-21 16:36:00,2011-11-21 16:36:00,Repeat customer
17101,4,1621.73,2011-06-14 14:49:00,2011-11-29 13:57:00,Repeat customer
17102,1,25.5,2011-03-23 10:08:00,2011-03-23 10:08:00,One-time customer
17105,2,665.78,2011-02-06 14:46:00,2011-07-03 15:53:00,Repeat customer
17107,6,10815.43,2011-03-06 15:17:00,2011-11-06 14:14:00,Repeat customer
17109,6,885.04,2011-04-21 15:46:00,2011-11-10 16:59:00,Repeat customer
17110,1,163.29999999999998,2011-06-27 12:58:00,2011-06-27 12:58:00,One-time customer
17111,1,248.61,2011-10-23 15:59:00,2011-10-23 15:59:00,One-time customer
17114,8,808.62,2011-01-09 11:39:00,2011-12-04 12:17:00,Repeat customer
17115,3,837.5,2011-04-20 14:46:00,2011-12-01 14:30:00,Repeat customer
17117,1,116.19999999999999,2011-02-24 13:54:00,2011-02-24 13:54:00,One-time customer
17118,1,157.02,2011-01-26 12:19:00,2011-01-26 12:19:00,One-time customer
17119,2,606.91,2011-10-11 11:03:00,2011-12-06 14:40:00,Repeat customer
17120,1,307.46,2011-04-20 15:21:00,2011-04-20 15:21:00,One-time customer
17122,1,138.32,2011-08-12 14:33:00,2011-08-12 14:33:00,One-time customer
17123,1,345.29999999999995,2011-07-01 10:47:00,2011-07-01 10:47:00,One-time customer
17124,1,298.89,2011-06-07 14:02:00,2011-06-07 14:02:00,One-time customer
17125,1,259.35,2011-10-20 14:41:00,2011-10-20 14:41:00,One-time customer
17126,5,1004.75,2010-12-12 11:26:00,2011-07-10 13:52:00,Repeat customer
17128,1,157.09,2011-01-09 12:02:00,2011-01-09 12:02:00,One-time customer
17131,5,2463.17,2011-09-25 12:42:00,2011-12-04 12:52:00,Repeat customer
17133,7,4892.240000000001,2011-03-18 13:47:00,2011-11-24 12:27:00,Repeat customer
17134,2,425.0,2011-03-20 11:56:00,2011-08-25 09:53:00,Repeat customer
17135,7,1139.73,2010-12-03 09:31:00,2011-11-23 16:48:00,Repeat customer
17138,1,380.5,2011-03-09 11:54:00,2011-03-09 11:54:00,One-time customer
17139,12,10668.47,2011-02-24 09:32:00,2011-11-24 10:12:00,Repeat customer
17140,1,465.32,2011-04-06 13:33:00,2011-04-06 13:33:00,One-time customer
17142,1,579.0,2011-04-14 18:22:00,2011-04-14 18:22:00,One-time customer
17144,2,984.57,2011-09-16 12:50:00,2011-12-08 17:57:00,Repeat customer
17146,3,749.78,2010-12-16 12:20:00,2011-08-26 12:44:00,Repeat customer
17147,4,1714.59,2011-02-01 09:36:00,2011-11-17 12:32:00,Repeat customer
17148,1,124.88,2011-10-19 09:59:00,2011-10-19 09:59:00,One-time customer
17152,3,1689.5,2011-03-21 16:20:00,2011-05-29 12:19:00,Repeat customer
17153,1,213.78,2011-11-15 13:42:00,2011-11-15 13:42:00,One-time customer
17154,1,329.34,2011-09-25 13:42:00,2011-09-25 13:42:00,One-time customer
17155,2,251.70000000000002,2011-06-15 10:22:00,2011-11-22 12:38:00,Repeat customer
17157,2,319.0,2011-06-16 15:08:00,2011-12-02 09:10:00,Repeat customer
17158,3,1266.97,2010-12-14 13:03:00,2011-11-07 15:15:00,Repeat customer
17159,3,1538.88,2011-06-21 09:49:00,2011-11-18 10:52:00,Repeat customer
17160,6,3518.03,2011-04-12 12:00:00,2011-11-08 14:05:00,Repeat customer
17162,10,1715.46,2011-02-07 12:27:00,2011-11-11 11:34:00,Repeat customer
17163,2,293.1,2011-09-22 15:54:00,2011-11-18 08:57:00,Repeat customer
17164,7,2467.35,2011-03-11 14:26:00,2011-11-07 09:14:00,Repeat customer
17165,1,158.68,2011-02-28 16:39:00,2011-02-28 16:39:00,One-time customer
17166,2,206.34,2011-05-20 08:18:00,2011-11-01 09:46:00,Repeat customer
17169,2,835.78,2011-06-09 13:16:00,2011-10-13 10:25:00,Repeat customer
17171,1,224.91,2011-02-23 16:37:00,2011-02-23 16:37:00,One-time customer
17172,1,317.76,2011-09-22 09:36:00,2011-09-22 09:36:00,One-time customer
17173,8,3766.6,2011-07-31 15:26:00,2011-12-04 14:40:00,Repeat customer
17174,1,59.9,2011-05-06 11:47:00,2011-05-06 11:47:00,One-time customer
17175,4,1443.69,2011-02-16 14:56:00,2011-10-26 15:31:00,Repeat customer
17176,1,306.13,2011-05-22 12:41:00,2011-05-22 12:41:00,One-time customer
17179,3,711.79,2010-12-13 14:24:00,2011-06-14 16:48:00,Repeat customer
17180,4,796.03,2011-01-27 18:05:00,2011-10-14 15:46:00,Repeat customer
17181,2,239.92000000000002,2010-12-01 12:38:00,2011-10-13 14:48:00,Repeat customer
17183,6,3347.31,2011-08-26 15:25:00,2011-12-02 10:07:00,Repeat customer
17186,2,144.0,2011-10-10 12:52:00,2011-10-24 10:20:00,Repeat customer
17187,1,203.95,2011-04-27 12:39:00,2011-04-27 12:39:00,One-time customer
17188,7,2474.23,2010-12-12 12:56:00,2011-11-28 13:53:00,Repeat customer
17189,2,384.40000000000003,2010-12-15 17:28:00,2011-08-25 19:39:00,Repeat customer
17190,2,444.74,2011-05-16 15:29:00,2011-10-12 11:33:00,Repeat customer
17191,7,2095.13,2010-12-06 14:36:00,2011-11-11 16:58:00,Repeat customer
17193,7,1699.3000000000002,2011-06-16 10:04:00,2011-11-04 12:47:00,Repeat customer
17194,2,262.62,2010-12-14 12:06:00,2011-03-11 12:05:00,Repeat customer
17197,1,1013.01,2011-11-10 10:32:00,2011-11-10 10:32:00,One-time customer
17198,3,692.22,2010-12-03 14:54:00,2011-11-16 10:39:00,Repeat customer
17201,1,342.63,2011-10-17 11:55:00,2011-10-17 11:55:00,One-time customer
17203,6,3563.85,2011-10-10 14:37:00,2011-11-04 12:27:00,Repeat customer
17204,4,1564.56,2011-03-21 12:42:00,2011-06-17 14:46:00,Repeat customer
17205,1,384.08,2011-10-17 12:46:00,2011-10-17 12:46:00,One-time customer
17206,1,204.24,2011-10-17 13:25:00,2011-10-17 13:25:00,One-time customer
17211,8,2317.2200000000003,2010-12-05 12:44:00,2011-11-13 12:03:00,Repeat customer
17212,1,226.85,2011-03-31 19:42:00,2011-03-31 19:42:00,One-time customer
17213,7,2781.23,2010-12-08 13:03:00,2011-10-30 14:53:00,Repeat customer
17214,6,1069.1200000000001,2010-12-15 15:14:00,2011-10-10 13:17:00,Repeat customer
17217,1,113.5,2011-04-19 17:19:00,2011-04-19 17:19:00,One-time customer
17218,10,1960.72,2010-12-06 15:25:00,2011-12-05 13:52:00,Repeat customer
17219,1,114.23,2011-11-08 11:25:00,2011-11-08 11:25:00,One-time customer
17220,14,3198.25,2010-12-10 14:54:00,2011-11-15 13:47:00,Repeat customer
17221,2,335.13,2011-11-03 17:39:00,2011-12-02 13:35:00,Repeat customer
17222,1,354.15,2011-10-05 13:58:00,2011-10-05 13:58:00,One-time customer
17223,2,426.79,2010-12-06 14:08:00,2011-02-02 15:57:00,Repeat customer
17226,1,393.49,2011-02-04 11:52:00,2011-02-04 11:52:00,One-time customer
17227,6,939.32,2010-12-06 11:16:00,2011-11-21 10:51:00,Repeat customer
17228,8,1906.09,2010-12-02 16:00:00,2011-11-24 10:24:00,Repeat customer
17229,2,318.76,2011-07-20 12:38:00,2011-09-04 13:56:00,Repeat customer
17230,8,3638.41,2010-12-15 11:22:00,2011-03-20 16:12:00,Repeat customer
17231,10,3174.32,2010-12-13 14:16:00,2011-11-27 15:18:00,Repeat customer
17232,2,421.52,2011-11-25 12:24:00,2011-12-07 12:21:00,Repeat customer
17233,1,190.88,2011-11-04 14:06:00,2011-11-04 14:06:00,One-time customer
17234,1,149.89000000000001,2011-06-10 11:20:00,2011-06-10 11:20:00,One-time customer
17235,2,550.06,2010-12-02 13:38:00,2011-11-14 15:51:00,Repeat customer
17236,6,916.13,2010-12-12 11:49:00,2011-11-27 12:00:00,Repeat customer
17237,2,314.69,2011-11-17 12:55:00,2011-11-28 15:02:00,Repeat customer
17238,17,3744.65,2010-12-03 15:05:00,2011-12-07 11:35:00,Repeat customer
17239,1,382.5,2011-01-31 09:41:00,2011-01-31 09:41:00,One-time customer
17242,2,1135.04,2011-06-12 13:04:00,2011-08-23 14:55:00,Repeat customer
17243,26,8676.85,2010-12-05 10:03:00,2011-12-08 13:26:00,Repeat customer
17244,1,954.9,2011-10-17 15:19:00,2011-10-17 15:19:00,One-time customer
17245,1,171.45,2011-05-19 10:43:00,2011-05-19 10:43:00,One-time customer
17247,1,282.19,2011-11-24 15:21:00,2011-11-24 15:21:00,One-time customer
17248,1,318.65,2011-08-11 13:34:00,2011-08-11 13:34:00,One-time customer
17250,2,384.52,2011-03-23 16:45:00,2011-12-06 12:15:00,Repeat customer
17251,1,283.28000000000003,2010-12-12 11:06:00,2010-12-12 11:06:00,One-time customer
17252,2,353.86,2011-06-06 16:41:00,2011-08-15 09:45:00,Repeat customer
17253,1,178.26,2011-11-21 12:59:00,2011-11-21 12:59:00,One-time customer
17254,2,272.44,2011-11-24 14:09:00,2011-12-05 12:46:00,Repeat customer
17255,2,298.41,2011-02-13 15:18:00,2011-10-30 12:18:00,Repeat customer
17256,2,240.0,2011-01-31 14:53:00,2011-08-24 13:30:00,Repeat customer
17259,2,603.37,2010-12-06 12:55:00,2011-07-14 15:01:00,Repeat customer
17262,5,1253.3600000000001,2010-12-08 13:30:00,2011-10-18 12:56:00,Repeat customer
17263,1,63.440000000000005,2011-05-15 14:32:00,2011-05-15 14:32:00,One-time customer
17265,2,562.9,2011-06-12 12:00:00,2011-07-24 10:49:00,Repeat customer
17266,3,310.64,2011-07-15 11:57:00,2011-12-07 14:12:00,Repeat customer
17267,2,317.62,2011-08-04 17:19:00,2011-08-04 17:22:00,Repeat customer
17268,4,763.64,2011-04-08 13:20:00,2011-08-24 10:06:00,Repeat customer
17272,4,2148.63,2011-03-22 12:05:00,2011-10-28 16:37:00,Repeat customer
17274,1,111.97999999999999,2011-11-04 13:16:00,2011-11-04 13:16:00,One-time customer
17277,2,1065.3500000000001,2011-01-21 12:37:00,2011-04-26 12:47:00,Repeat customer
17278,1,246.04,2011-04-12 13:10:00,2011-04-12 13:10:00,One-time customer
17279,1,187.82999999999998,2011-10-13 11:58:00,2011-10-13 11:58:00,One-time customer
17282,3,1703.41,2011-02-13 11:36:00,2011-08-01 14:29:00,Repeat customer
17284,6,1652.58,2011-01-07 14:31:00,2011-10-10 14:38:00,Repeat customer
17286,1,153.92,2011-11-18 12:47:00,2011-11-18 12:47:00,One-time customer
17287,7,1064.11,2010-12-02 12:22:00,2011-11-13 13:27:00,Repeat customer
17288,7,1419.73,2010-12-16 13:33:00,2011-11-30 16:09:00,Repeat customer
17289,3,944.41,2011-06-12 13:51:00,2011-11-08 12:01:00,Repeat customer
17290,2,525.24,2011-11-23 15:53:00,2011-12-06 12:38:00,Repeat customer
17291,1,550.8000000000001,2011-02-04 13:04:00,2011-02-04 13:04:00,One-time customer
17293,9,1875.1100000000001,2010-12-13 14:55:00,2011-12-01 14:37:00,Repeat customer
17295,3,556.95,2011-10-06 12:22:00,2011-11-11 10:49:00,Repeat customer
17297,1,131.78,2011-11-22 14:43:00,2011-11-22 14:43:00,One-time customer
17298,2,498.42,2011-08-07 12:21:00,2011-08-30 16:43:00,Repeat customer
17299,4,669.11,2011-06-19 16:04:00,2011-11-28 12:01:00,Repeat customer
17301,1,197.63,2011-11-18 13:43:00,2011-11-18 13:43:00,One-time customer
17302,5,1135.63,2011-02-07 10:14:00,2011-11-25 09:36:00,Repeat customer
17303,1,250.04,2010-12-13 13:32:00,2010-12-13 13:32:00,One-time customer
17306,19,8631.31,2010-12-21 13:34:00,2011-11-29 12:14:00,Repeat customer
17309,1,82.75,2011-09-05 15:20:00,2011-09-05 15:20:00,One-time customer
17311,2,1384.85,2011-01-27 10:56:00,2011-09-22 14:11:00,Repeat customer
17312,3,644.3,2011-07-03 13:12:00,2011-07-24 11:52:00,Repeat customer
17313,1,2328.84,2011-11-08 15:45:00,2011-11-08 15:45:00,One-time customer
17314,8,2527.92,2011-01-31 11:25:00,2011-11-15 09:41:00,Repeat customer
17315,38,6292.26,2010-12-17 12:24:00,2011-12-08 12:15:00,Repeat customer
17317,3,2600.34,2011-09-11 12:45:00,2011-10-24 17:19:00,Repeat customer
17320,3,1200.6200000000001,2010-12-06 15:38:00,2011-08-31 13:31:00,Repeat customer
17321,2,700.86,2011-10-03 11:34:00,2011-12-01 13:41:00,Repeat customer
17323,7,921.07,2011-02-20 14:38:00,2011-11-24 17:29:00,Repeat customer
17324,4,990.23,2010-12-08 12:45:00,2011-11-22 10:34:00,Repeat customer
17325,1,96.8,2011-03-04 13:09:00,2011-03-04 13:09:00,One-time customer
17329,2,523.11,2011-01-28 15:29:00,2011-11-25 14:24:00,Repeat customer
17330,2,363.9,2011-10-03 11:26:00,2011-11-17 08:56:00,Repeat customer
17331,1,175.2,2011-08-08 11:55:00,2011-08-08 11:55:00,One-time customer
17333,1,494.25,2011-09-15 10:11:00,2011-09-15 10:11:00,One-time customer
17334,2,307.02,2011-02-04 09:03:00,2011-02-10 14:59:00,Repeat customer
17337,4,2027.8700000000001,2011-02-02 17:06:00,2011-07-11 14:55:00,Repeat customer
17338,8,6643.93,2010-12-13 12:57:00,2011-11-22 14:23:00,Repeat customer
17339,2,243.36,2010-12-09 14:44:00,2011-09-06 13:29:00,Repeat customer
17340,11,12353.29,2010-12-08 15:56:00,2011-11-10 10:45:00,Repeat customer
17341,3,781.36,2010-12-08 12:46:00,2011-07-06 12:33:00,Repeat customer
17343,1,193.64,2010-12-19 15:07:00,2010-12-19 15:07:00,One-time customer
17344,1,160.57,2011-10-24 12:56:00,2011-10-24 12:56:00,One-time customer
17345,4,537.74,2011-05-27 12:26:00,2011-11-24 15:03:00,Repeat customer
17346,15,2676.56,2010-12-01 14:34:00,2011-12-06 12:18:00,Repeat customer
17347,1,228.96,2011-09-14 13:12:00,2011-09-14 13:12:00,One-time customer
17348,5,1159.52,2011-02-15 10:49:00,2011-11-25 11:25:00,Repeat customer
17349,1,110.75,2011-06-13 14:29:00,2011-06-13 14:29:00,One-time customer
17350,4,1286.07,2011-10-19 16:05:00,2011-12-01 15:47:00,Repeat customer
17351,3,587.15,2011-03-11 16:05:00,2011-11-03 18:45:00,Repeat customer
17353,2,1740.0,2011-07-08 16:17:00,2011-08-02 17:19:00,Repeat customer
17354,1,1393.06,2011-10-20 10:34:00,2011-10-20 10:34:00,One-time customer
17356,1,178.22,2011-02-01 11:07:00,2011-02-01 11:07:00,One-time customer
17357,2,388.14,2011-11-15 16:29:00,2011-11-15 16:30:00,Repeat customer
17358,2,365.85,2010-12-19 14:16:00,2011-02-09 16:57:00,Repeat customer
17359,1,127.86,2011-11-28 14:37:00,2011-11-28 14:37:00,One-time customer
17360,3,585.79,2011-06-08 17:09:00,2011-11-22 13:11:00,Repeat customer
17361,3,488.2,2011-02-21 09:55:00,2011-10-21 15:43:00,Repeat customer
17362,2,312.23,2011-02-03 10:26:00,2011-04-14 14:43:00,Repeat customer
17364,11,4481.18,2011-01-12 16:57:00,2011-12-09 09:00:00,Repeat customer
17365,8,4801.56,2011-01-11 12:11:00,2011-11-27 12:13:00,Repeat customer
17367,1,168.4,2011-04-15 14:21:00,2011-04-15 14:21:00,One-time customer
17368,8,1912.67,2011-01-06 11:57:00,2011-11-16 15:26:00,Repeat customer
17370,4,446.18,2011-06-23 11:50:00,2011-09-28 10:14:00,Repeat customer
17371,3,423.89,2010-12-13 15:20:00,2011-11-22 13:30:00,Repeat customer
17372,8,1342.68,2010-12-12 12:00:00,2011-10-30 11:37:00,Repeat customer
17373,4,646.92,2011-01-31 11:46:00,2011-10-30 15:28:00,Repeat customer
17374,2,495.77,2011-03-03 12:53:00,2011-05-05 09:05:00,Repeat customer
17375,3,400.1,2010-12-13 15:16:00,2011-05-24 15:45:00,Repeat customer
17376,2,203.2,2011-02-01 14:12:00,2011-09-30 12:36:00,Repeat customer
17377,20,4100.92,2010-12-01 12:35:00,2011-11-16 11:17:00,Repeat customer
17379,1,404.66,2011-11-28 13:56:00,2011-11-28 13:56:00,One-time customer
17381,29,20275.61,2010-12-02 12:58:00,2011-12-01 11:59:00,Repeat customer
17382,1,65.4,2011-10-05 13:05:00,2011-10-05 13:05:00,One-time customer
17383,1,199.29,2011-12-05 17:36:00,2011-12-05 17:36:00,One-time customer
17384,2,336.4,2011-05-04 16:07:00,2011-11-20 15:48:00,Repeat customer
17385,1,261.11,2011-11-25 11:02:00,2011-11-25 11:02:00,One-time customer
17386,6,2686.42,2011-06-27 12:11:00,2011-12-02 11:28:00,Repeat customer
17387,2,784.11,2011-11-06 11:25:00,2011-11-20 11:00:00,Repeat customer
17388,4,1259.56,2011-02-25 12:28:00,2011-09-23 10:31:00,Repeat customer
17389,34,31833.68,2011-01-12 15:48:00,2011-12-09 09:38:00,Repeat customer
17391,2,508.8,2011-06-28 12:21:00,2011-06-29 09:58:00,Repeat customer
17392,2,457.91,2010-12-16 19:04:00,2011-02-06 12:48:00,Repeat customer
17394,1,203.86999999999998,2011-05-04 13:22:00,2011-05-04 13:22:00,One-time customer
17396,8,7330.8,2010-12-03 09:45:00,2011-10-31 14:12:00,Repeat customer
17397,2,696.41,2011-11-17 13:58:00,2011-11-17 14:08:00,Repeat customer
17398,3,653.38,2011-03-29 13:04:00,2011-08-17 09:48:00,Repeat customer
17400,5,2129.96,2010-12-21 17:16:00,2011-08-05 15:38:00,Repeat customer
17402,13,2633.85,2010-12-05 13:53:00,2011-12-05 10:15:00,Repeat customer
17403,1,281.62,2011-11-03 15:18:00,2011-11-03 15:18:00,One-time customer
17404,15,31906.82,2010-12-14 13:28:00,2011-12-05 16:26:00,Repeat customer
17405,3,1031.41,2011-07-12 14:17:00,2011-12-08 17:12:00,Repeat customer
17406,3,2200.42,2010-12-08 10:35:00,2011-01-10 15:07:00,Repeat customer
17408,1,32.65,2011-06-29 12:53:00,2011-06-29 12:53:00,One-time customer
17409,2,771.85,2011-04-05 16:42:00,2011-06-08 10:36:00,Repeat customer
17410,5,1214.72,2011-05-08 15:21:00,2011-11-23 15:46:00,Repeat customer
17411,3,778.94,2011-03-23 13:44:00,2011-11-27 14:25:00,Repeat customer
17412,7,1258.06,2010-12-02 16:29:00,2011-12-07 11:36:00,Repeat customer
17414,2,778.0,2011-06-08 11:43:00,2011-10-27 12:13:00,Repeat customer
17415,1,507.84,2011-09-21 12:50:00,2011-09-21 12:50:00,One-time customer
17416,7,6893.42,2011-03-03 13:45:00,2011-11-10 12:47:00,Repeat customer
17418,2,463.46000000000004,2011-01-20 11:39:00,2011-10-28 13:00:00,Repeat customer
17419,12,4226.57,2010-12-07 15:03:00,2011-11-28 13:47:00,Repeat customer
17420,3,598.83,2010-12-01 09:56:00,2011-10-20 14:52:00,Repeat customer
17422,6,1979.37,2011-02-16 14:44:00,2011-11-23 13:27:00,Repeat customer
17423,2,698.41,2011-05-06 09:14:00,2011-10-24 13:36:00,Repeat customer
17425,2,759.17,2011-10-10 11:37:00,2011-11-20 15:30:00,Repeat customer
17426,6,5037.26,2011-03-02 16:34:00,2011-12-01 18:07:00,Repeat customer
17427,1,100.8,2011-09-29 11:29:00,2011-09-29 11:29:00,One-time customer
17428,28,17256.85,2010-12-06 09:37:00,2011-12-09 09:45:00,Repeat customer
17429,3,524.9200000000001,2011-05-05 09:53:00,2011-08-03 13:22:00,Repeat customer
17430,2,265.76,2010-12-09 13:05:00,2011-11-07 09:24:00,Repeat customer
17431,1,403.3,2011-01-30 14:36:00,2011-01-30 14:36:00,One-time customer
17432,2,365.76,2011-11-02 17:30:00,2011-11-21 17:33:00,Repeat customer
17433,1,303.15999999999997,2011-09-12 14:24:00,2011-09-12 14:24:00,One-time customer
17434,7,2373.82,2011-09-15 13:54:00,2011-12-07 13:16:00,Repeat customer
17436,2,216.29999999999998,2011-04-27 11:33:00,2011-12-08 12:30:00,Repeat customer
17438,1,388.45000000000005,2011-03-31 10:26:00,2011-03-31 10:26:00,One-time customer
17440,3,186.42000000000002,2011-04-06 12:05:00,2011-07-06 11:54:00,Repeat customer
17442,6,2248.56,2011-02-22 13:02:00,2011-11-03 09:17:00,Repeat customer
17443,1,534.24,2011-05-04 10:47:00,2011-05-04 10:47:00,One-time customer
17444,3,2940.04,2011-06-20 09:04:00,2011-07-15 12:05:00,Repeat customer
17446,2,120.9,2011-02-02 14:40:00,2011-06-16 10:42:00,Repeat customer
17447,2,541.53,2011-09-29 10:10:00,2011-10-30 14:18:00,Repeat customer
17449,7,2520.86,2010-12-15 10:57:00,2011-12-07 16:56:00,Repeat customer
17450,46,194550.79,2010-12-07 09:23:00,2011-12-01 13:29:00,Repeat customer
17451,7,1721.4,2011-08-26 11:54:00,2011-12-08 15:02:00,Repeat customer
17453,2,486.71999999999997,2011-10-06 17:02:00,2011-11-22 09:42:00,Repeat customer
17454,4,517.53,2010-12-15 10:54:00,2011-05-31 13:58:00,Repeat customer
17455,1,131.7,2011-05-20 12:31:00,2011-05-20 12:31:00,One-time customer
17456,1,249.86,2010-12-09 15:23:00,2010-12-09 15:23:00,One-time customer
17457,5,1737.7,2011-01-04 14:33:00,2011-08-05 12:48:00,Repeat customer
17458,1,316.5,2011-11-24 13:01:00,2011-11-24 13:01:00,One-time customer
17459,2,657.3,2011-10-10 17:00:00,2011-10-27 13:25:00,Repeat customer
17460,6,622.4300000000001,2010-12-01 16:24:00,2011-09-06 15:04:00,Repeat customer
17461,3,757.46,2011-11-10 12:01:00,2011-11-17 10:21:00,Repeat customer
17462,2,675.69,2011-02-28 17:01:00,2011-10-10 13:56:00,Repeat customer
17463,5,1896.41,2011-01-30 15:48:00,2011-11-23 13:40:00,Repeat customer
17464,1,289.96000000000004,2011-07-04 13:19:00,2011-07-04 13:19:00,One-time customer
17466,2,763.28,2011-09-22 09:16:00,2011-11-29 13:15:00,Repeat customer
17468,2,137.0,2011-11-25 12:52:00,2011-11-29 15:33:00,Repeat customer
17469,5,1870.97,2011-05-19 08:55:00,2011-11-23 13:15:00,Repeat customer
17470,5,1125.07,2010-12-07 09:57:00,2011-10-26 12:42:00,Repeat customer
17472,3,710.29,2011-02-13 14:40:00,2011-06-01 14:57:00,Repeat customer
17475,1,194.37,2011-09-21 14:55:00,2011-09-21 14:55:00,One-time customer
17480,1,511.82,2011-09-23 11:39:00,2011-09-23 11:39:00,One-time customer
17481,4,1255.59,2011-09-07 09:57:00,2011-12-06 12:28:00,Repeat customer
17483,3,414.04,2011-06-09 19:40:00,2011-10-05 13:10:00,Repeat customer
17486,1,396.87,2011-03-23 14:00:00,2011-03-23 14:00:00,One-time customer
17489,2,376.64,2011-05-11 11:34:00,2011-10-12 08:56:00,Repeat customer
17490,7,2092.32,2011-06-16 09:15:00,2011-12-09 09:08:00,Repeat customer
17491,10,3558.87,2010-12-07 12:18:00,2011-12-08 16:18:00,Repeat customer
17492,1,374.57,2011-04-05 15:21:00,2011-04-05 15:21:00,One-time customer
17495,2,497.56,2011-11-01 12:06:00,2011-12-02 12:08:00,Repeat customer
17496,1,271.05,2010-12-16 08:39:00,2010-12-16 08:39:00,One-time customer
17498,1,272.22,2011-09-25 12:25:00,2011-09-25 12:25:00,One-time customer
17499,1,622.88,2011-02-23 09:14:00,2011-02-23 09:14:00,One-time customer
17500,3,1138.0,2011-11-10 09:08:00,2011-11-22 14:25:00,Repeat customer
17501,2,288.6,2011-05-03 09:46:00,2011-05-03 09:47:00,Repeat customer
17502,4,689.1,2011-11-10 16:39:00,2011-11-30 13:13:00,Repeat customer
17503,2,558.96,2011-11-01 11:12:00,2011-12-07 09:18:00,Repeat customer
17504,9,2997.0299999999997,2011-01-21 11:09:00,2011-05-17 12:59:00,Repeat customer
17505,2,1145.84,2011-05-18 09:01:00,2011-07-01 12:50:00,Repeat customer
17506,1,302.2,2011-09-25 11:39:00,2011-09-25 11:39:00,One-time customer
17507,2,605.58,2011-02-03 18:08:00,2011-03-23 11:48:00,Repeat customer
17508,1,387.31,2011-03-04 08:10:00,2011-03-04 08:10:00,One-time customer
17509,8,6115.14,2011-10-07 13:14:00,2011-10-13 10:26:00,Repeat customer
17510,1,308.48,2011-11-15 10:00:00,2011-11-15 10:00:00,One-time customer
17511,31,91062.38,2010-12-01 10:19:00,2011-12-07 10:12:00,Repeat customer
17512,10,2924.9900000000002,2011-02-11 12:22:00,2011-11-11 12:11:00,Repeat customer
17513,1,513.2,2011-09-28 16:42:00,2011-09-28 16:42:00,One-time customer
17514,1,208.65,2011-08-03 15:45:00,2011-08-03 15:45:00,One-time customer
17515,4,639.02,2011-01-25 14:33:00,2011-11-08 14:04:00,Repeat customer
17516,5,768.08,2011-02-27 12:41:00,2011-11-24 16:51:00,Repeat customer
17517,1,153.94,2011-02-04 11:48:00,2011-02-04 11:48:00,One-time customer
17519,6,1844.02,2010-12-06 15:18:00,2011-11-22 16:43:00,Repeat customer
17520,1,546.81,2011-10-17 12:04:00,2011-10-17 12:04:00,One-time customer
17521,3,723.2099999999999,2011-05-24 15:14:00,2011-11-10 11:22:00,Repeat customer
17522,5,1070.71,2011-05-05 16:31:00,2011-12-08 12:31:00,Repeat customer
17523,4,652.74,2011-11-20 13:40:00,2011-11-28 13:20:00,Repeat customer
17524,1,145.0,2010-12-13 14:32:00,2010-12-13 14:32:00,One-time customer
17525,1,422.70000000000005,2010-12-15 12:05:00,2010-12-15 12:05:00,One-time customer
17526,4,1195.8999999999999,2010-12-09 12:20:00,2011-12-05 11:05:00,Repeat customer
17527,4,939.37,2011-05-05 13:43:00,2011-10-17 12:32:00,Repeat customer
17528,8,3628.5,2011-09-29 13:04:00,2011-12-08 13:27:00,Repeat customer
17530,10,2385.0,2010-12-09 20:01:00,2011-12-08 18:42:00,Repeat customer
17531,1,296.7,2011-06-02 19:17:00,2011-06-02 19:17:00,One-time customer
17534,1,223.36,2011-10-17 12:47:00,2011-10-17 12:47:00,One-time customer
17535,1,164.4,2011-03-04 15:20:00,2011-03-04 15:20:00,One-time customer
17536,1,76.5,2011-06-15 13:23:00,2011-06-15 13:23:00,One-time customer
17537,2,897.62,2011-02-09 13:37:00,2011-11-10 10:56:00,Repeat customer
17538,1,98.42,2011-11-14 12:12:00,2011-11-14 12:12:00,One-time customer
17540,2,578.9,2011-01-27 14:35:00,2011-11-15 11:56:00,Repeat customer
17542,1,170.75,2011-03-15 11:45:00,2011-03-15 11:45:00,One-time customer
17545,3,645.96,2011-10-27 13:48:00,2011-10-27 14:04:00,Repeat customer
17548,1,103.3,2011-04-20 12:01:00,2011-04-20 12:01:00,One-time customer
17549,2,148.86,2011-10-19 10:05:00,2011-11-16 09:59:00,Repeat customer
17550,3,267.16,2011-04-10 15:19:00,2011-05-26 14:09:00,Repeat customer
17551,1,306.84,2010-12-15 14:12:00,2010-12-15 14:12:00,One-time customer
17552,4,930.41,2010-12-02 18:45:00,2011-10-10 17:00:00,Repeat customer
17553,1,1487.6,2011-08-02 10:00:00,2011-08-02 10:00:00,One-time customer
17554,5,1952.45,2011-07-14 20:01:00,2011-12-08 14:15:00,Repeat customer
17555,2,483.26,2011-01-09 12:31:00,2011-11-20 12:22:00,Repeat customer
17556,1,157.9,2011-05-18 10:48:00,2011-05-18 10:48:00,One-time customer
17557,3,541.46,2011-09-19 14:23:00,2011-11-25 12:57:00,Repeat customer
17560,4,854.95,2011-02-02 11:14:00,2011-09-06 09:18:00,Repeat customer
17561,1,167.62,2011-11-20 12:53:00,2011-11-20 12:53:00,One-time customer
17562,7,1122.38,2011-06-19 13:06:00,2011-11-25 14:21:00,Repeat customer
17564,3,454.01,2011-09-20 14:00:00,2011-11-15 13:27:00,Repeat customer
17566,2,901.21,2011-11-14 13:42:00,2011-12-01 19:54:00,Repeat customer
17567,8,4331.48,2010-12-02 15:18:00,2011-12-02 15:48:00,Repeat customer
17569,1,344.14,2011-01-11 14:15:00,2011-01-11 14:15:00,One-time customer
17571,4,1498.51,2011-02-14 15:15:00,2011-10-20 15:57:00,Repeat customer
17572,4,226.75000000000003,2010-12-01 12:51:00,2011-09-29 17:53:00,Repeat customer
17573,3,380.6,2011-09-07 10:36:00,2011-11-10 13:01:00,Repeat customer
17574,1,185.65,2011-04-11 09:47:00,2011-04-11 09:47:00,One-time customer
17576,19,3622.68,2010-12-09 16:57:00,2011-12-01 17:56:00,Repeat customer
17578,1,143.45999999999998,2011-05-05 18:38:00,2011-05-05 18:38:00,One-time customer
17579,3,448.90000000000003,2011-06-13 14:12:00,2011-12-05 12:28:00,Repeat customer
17580,3,215.72,2010-12-16 15:27:00,2011-04-01 12:41:00,Repeat customer
17581,25,11045.04,2010-12-02 14:47:00,2011-12-09 12:21:00,Repeat customer
17582,1,175.27,2011-04-17 13:18:00,2011-04-17 13:18:00,One-time customer
17584,2,1242.3,2011-08-04 14:12:00,2011-12-02 17:12:00,Repeat customer
17585,4,1133.07,2011-01-05 15:09:00,2011-08-22 13:30:00,Repeat customer
17588,3,1240.2,2011-04-21 10:31:00,2011-08-31 13:37:00,Repeat customer
17589,4,2404.17,2011-04-13 13:47:00,2011-10-10 16:58:00,Repeat customer
17590,3,1479.22,2011-10-30 14:05:00,2011-12-07 12:55:00,Repeat customer
17591,7,2225.9700000000003,2010-12-07 15:39:00,2011-09-27 13:42:00,Repeat customer
17593,5,3927.34,2010-12-22 10:29:00,2011-12-06 10:30:00,Repeat customer
17594,2,993.18,2011-03-30 10:32:00,2011-09-15 16:34:00,Repeat customer
17595,2,388.79,2011-11-02 16:19:00,2011-11-27 16:08:00,Repeat customer
17596,7,2827.93,2010-12-06 12:34:00,2011-11-16 14:11:00,Repeat customer
17597,1,2044.3700000000001,2011-05-10 11:54:00,2011-05-10 11:54:00,One-time customer
17600,1,161.67000000000002,2011-11-22 09:43:00,2011-11-22 09:43:00,One-time customer
17601,1,116.00999999999999,2011-04-14 18:02:00,2011-04-14 18:02:00,One-time customer
17602,6,5102.97,2011-01-19 16:18:00,2011-12-07 13:53:00,Repeat customer
17603,1,394.72,2011-09-22 14:18:00,2011-09-22 14:18:00,One-time customer
17604,2,309.36,2011-01-31 15:09:00,2011-05-06 13:43:00,Repeat customer
17608,2,193.42,2011-11-06 13:00:00,2011-11-06 13:06:00,Repeat customer
17609,5,1112.22,2011-01-16 16:23:00,2011-10-30 12:28:00,Repeat customer
17611,15,3984.22,2010-12-13 13:52:00,2011-12-02 13:29:00,Repeat customer
17612,6,2048.45,2011-02-15 10:40:00,2011-10-17 14:59:00,Repeat customer
17613,14,4559.150000000001,2011-02-07 11:20:00,2011-11-17 10:51:00,Repeat customer
17614,1,390.07,2011-10-13 16:01:00,2011-10-13 16:01:00,One-time customer
17615,3,329.6,2011-05-01 15:33:00,2011-08-01 14:06:00,Repeat customer
17616,3,571.1999999999999,2010-12-07 10:04:00,2011-06-19 10:11:00,Repeat customer
17618,3,971.58,2010-12-12 16:05:00,2011-12-04 11:50:00,Repeat customer
17619,1,218.52,2011-01-31 14:18:00,2011-01-31 14:18:00,One-time customer
17620,1,81.44,2011-10-11 12:08:00,2011-10-11 12:08:00,One-time customer
17621,3,1379.9,2010-12-20 13:31:00,2011-11-18 17:11:00,Repeat customer
17623,1,527.0500000000001,2011-11-07 11:32:00,2011-11-07 11:32:00,One-time customer
17624,2,843.48,2011-05-05 17:59:00,2011-11-25 10:52:00,Repeat customer
17625,4,2047.0,2011-03-27 12:21:00,2011-11-21 13:36:00,Repeat customer
17628,1,75.75,2011-09-19 15:21:00,2011-09-19 15:21:00,One-time customer
17629,8,1814.12,2010-12-15 09:58:00,2011-12-04 10:56:00,Repeat customer
17630,2,503.59999999999997,2011-04-21 14:03:00,2011-06-23 11:58:00,Repeat customer
17631,3,528.33,2011-04-21 13:22:00,2011-12-08 09:47:00,Repeat customer
17633,4,1324.84,2011-08-11 15:43:00,2011-11-08 13:25:00,Repeat customer
17634,9,2361.9700000000003,2011-01-06 12:45:00,2011-11-03 13:09:00,Repeat customer
17636,1,285.56,2011-11-20 14:40:00,2011-11-20 14:40:00,One-time customer
17637,2,547.0600000000001,2011-08-16 13:25:00,2011-11-08 12:51:00,Repeat customer
17639,1,108.5,2011-03-08 15:22:00,2011-03-08 15:22:00,One-time customer
17640,1,621.66,2011-09-14 09:13:00,2011-09-14 09:13:00,One-time customer
17642,2,712.29,2011-06-16 12:55:00,2011-08-12 09:11:00,Repeat customer
17643,1,101.55,2010-12-01 14:38:00,2010-12-01 14:38:00,One-time customer
17644,11,2895.64,2011-03-24 09:44:00,2011-12-08 13:43:00,Repeat customer
17646,3,1008.39,2010-12-09 14:28:00,2011-05-04 13:17:00,Repeat customer
17647,1,133.06,2011-10-05 15:38:00,2011-10-05 15:38:00,One-time customer
17648,4,1797.5,2011-04-04 10:29:00,2011-10-10 09:41:00,Repeat customer
17649,1,868.49,2011-07-24 15:53:00,2011-07-24 15:53:00,One-time customer
17650,1,166.08,2011-11-18 14:52:00,2011-11-18 14:52:00,One-time customer
17651,10,3945.0,2011-06-15 15:57:00,2011-11-28 10:29:00,Repeat customer
17652,12,4867.72,2011-03-03 14:05:00,2011-11-14 12:55:00,Repeat customer
17653,4,1207.56,2011-08-11 15:24:00,2011-11-03 12:46:00,Repeat customer
17654,1,117.55,2011-03-07 13:17:00,2011-03-07 13:17:00,One-time customer
17655,7,2638.94,2010-12-08 16:45:00,2011-11-29 11:34:00,Repeat customer
17656,5,1674.69,2011-08-03 10:45:00,2011-09-27 13:04:00,Repeat customer
17658,2,595.42,2011-05-12 15:23:00,2011-11-14 12:07:00,Repeat customer
17659,12,2999.46,2010-12-02 16:46:00,2011-11-22 13:29:00,Repeat customer
17660,1,196.0,2011-07-21 13:37:00,2011-07-21 13:37:00,One-time customer
17663,7,1802.91,2011-02-25 14:11:00,2011-11-14 08:56:00,Repeat customer
17664,2,604.64,2011-05-11 14:17:00,2011-11-21 11:29:00,Repeat customer
17666,2,728.16,2011-10-05 11:06:00,2011-12-06 09:06:00,Repeat customer
17667,5,2055.51,2011-02-14 09:24:00,2011-10-04 14:32:00,Repeat customer
17668,2,347.75,2011-11-01 14:45:00,2011-12-08 13:25:00,Repeat customer
17669,7,3406.7200000000003,2011-04-04 10:11:00,2011-10-28 08:53:00,Repeat customer
17670,1,205.7,2011-04-26 09:12:00,2011-04-26 09:12:00,One-time customer
17671,4,1572.71,2010-12-09 14:27:00,2011-11-24 12:21:00,Repeat customer
17672,2,3178.17,2011-02-03 13:29:00,2011-10-20 14:18:00,Repeat customer
17673,6,1629.12,2011-01-23 15:16:00,2011-12-08 12:50:00,Repeat customer
17674,2,551.04,2010-12-06 10:20:00,2011-09-26 13:35:00,Repeat customer
17675,31,20374.28,2010-12-07 13:22:00,2011-12-08 18:03:00,Repeat customer
17676,6,1387.68,2010-12-08 13:49:00,2011-12-05 15:16:00,Repeat customer
17677,30,16363.23,2010-12-06 08:42:00,2011-12-08 09:56:00,Repeat customer
17678,1,298.11,2011-03-21 11:52:00,2011-03-21 11:52:00,One-time customer
17679,2,1992.1100000000001,2011-09-15 10:35:00,2011-10-18 07:43:00,Repeat customer
17680,1,184.4,2011-11-16 12:42:00,2011-11-16 12:42:00,One-time customer
17682,6,2474.33,2010-12-06 13:35:00,2011-11-29 15:59:00,Repeat customer
17684,1,239.41,2011-10-27 11:10:00,2011-10-27 11:10:00,One-time customer
17685,7,3191.53,2010-12-02 14:42:00,2011-11-23 11:36:00,Repeat customer
17686,7,5739.46,2011-02-10 10:18:00,2011-12-02 15:39:00,Repeat customer
17690,15,4757.95,2010-12-01 16:15:00,2011-11-09 15:17:00,Repeat customer
17691,2,290.40000000000003,2010-12-06 11:10:00,2010-12-16 17:20:00,Repeat customer
17692,4,740.9399999999999,2010-12-15 13:37:00,2011-08-04 14:01:00,Repeat customer
17693,1,200.47,2011-07-25 15:48:00,2011-07-25 15:48:00,One-time customer
17694,1,283.12,2011-07-21 12:00:00,2011-07-21 12:00:00,One-time customer
17695,2,765.34,2011-06-21 12:35:00,2011-07-31 10:40:00,Repeat customer
17696,8,2285.71,2010-12-10 09:51:00,2011-11-01 13:43:00,Repeat customer
17697,1,338.95,2011-04-17 15:40:00,2011-04-17 15:40:00,One-time customer
17698,1,154.95,2011-03-24 11:34:00,2011-03-24 11:34:00,One-time customer
17700,4,2534.64,2011-03-03 16:34:00,2011-11-23 11:51:00,Repeat customer
17701,1,417.95,2011-04-01 12:25:00,2011-04-01 12:25:00,One-time customer
17702,4,1824.37,2011-05-17 16:23:00,2011-11-09 16:03:00,Repeat customer
17703,3,798.74,2011-07-24 13:30:00,2011-11-04 15:51:00,Repeat customer
17704,2,885.19,2011-04-14 09:28:00,2011-06-24 09:40:00,Repeat customer
17705,9,1823.52,2011-02-11 10:57:00,2011-12-06 13:45:00,Repeat customer
17706,17,10504.49,2010-12-08 11:02:00,2011-12-05 13:34:00,Repeat customer
17707,2,152.4,2011-01-07 13:30:00,2011-06-07 15:03:00,Repeat customer
17708,2,267.08,2011-01-19 10:09:00,2011-06-05 10:12:00,Repeat customer
17709,1,137.45,2011-06-23 11:55:00,2011-06-23 11:55:00,One-time customer
17711,2,385.1,2011-02-23 11:32:00,2011-11-29 11:40:00,Repeat customer
17712,1,522.91,2011-10-26 12:28:00,2011-10-26 12:28:00,One-time customer
17714,1,153.0,2011-01-23 10:32:00,2011-01-23 10:32:00,One-time customer
17715,1,326.4,2011-05-23 12:32:00,2011-05-23 12:32:00,One-time customer
17716,11,5655.99,2011-03-17 10:38:00,2011-11-17 12:00:00,Repeat customer
17718,1,139.35,2011-04-21 13:39:00,2011-04-21 13:39:00,One-time customer
17719,15,5396.04,2011-03-29 11:29:00,2011-11-02 10:36:00,Repeat customer
17720,4,1195.94,2010-12-07 10:43:00,2011-11-13 15:04:00,Repeat customer
17722,4,2424.04,2010-12-08 12:41:00,2011-09-04 15:22:00,Repeat customer
17723,6,3276.4000000000005,2011-05-09 14:44:00,2011-08-04 18:37:00,Repeat customer
17724,3,1033.0,2011-07-24 13:26:00,2011-09-29 15:26:00,Repeat customer
17725,11,3439.08,2011-03-17 19:47:00,2011-11-23 16:34:00,Repeat customer
17727,1,1060.25,2011-11-24 17:06:00,2011-11-24 17:06:00,One-time customer
17728,3,2876.01,2011-09-14 11:39:00,2011-12-06 08:52:00,Repeat customer
17730,13,5298.4800000000005,2011-01-17 14:49:00,2011-12-06 15:43:00,Repeat customer
17731,4,1240.11,2011-06-09 14:18:00,2011-09-21 15:02:00,Repeat customer
17732,1,303.97,2010-12-02 09:29:00,2010-12-02 09:29:00,One-time customer
17733,2,692.19,2011-03-23 09:54:00,2011-11-01 08:16:00,Repeat customer
17734,3,700.63,2011-04-20 10:04:00,2011-10-17 12:33:00,Repeat customer
17735,19,13110.02,2010-12-07 10:32:00,2011-12-07 16:47:00,Repeat customer
17736,3,377.44,2011-08-18 14:33:00,2011-11-30 15:36:00,Repeat customer
17737,2,168.24,2011-10-12 14:42:00,2011-11-30 15:16:00,Repeat customer
17738,4,1879.05,2011-03-02 16:26:00,2011-11-20 15:05:00,Repeat customer
17739,7,2791.35,2010-12-14 14:26:00,2011-11-28 09:12:00,Repeat customer
17742,2,355.11,2011-01-11 10:04:00,2011-08-18 15:28:00,Repeat customer
17744,6,2322.4,2010-12-16 14:17:00,2011-12-06 12:11:00,Repeat customer
17746,1,110.25,2011-04-13 14:31:00,2011-04-13 14:31:00,One-time customer
17747,1,71.4,2011-08-19 08:13:00,2011-08-19 08:13:00,One-time customer
17749,2,674.52,2011-03-28 13:39:00,2011-06-14 15:45:00,Repeat customer
17750,9,1797.57,2011-06-28 15:44:00,2011-12-04 14:09:00,Repeat customer
17752,1,80.64,2010-12-15 16:19:00,2010-12-15 16:19:00,One-time customer
17754,5,1772.26,2011-03-24 13:54:00,2011-12-09 11:20:00,Repeat customer
17757,30,5605.29,2010-12-02 17:17:00,2011-12-08 15:31:00,Repeat customer
17758,8,3456.7000000000003,2011-04-03 15:22:00,2011-11-20 14:45:00,Repeat customer
17759,3,834.99,2011-06-23 13:35:00,2011-11-22 16:02:00,Repeat customer
17760,2,287.59,2010-12-01 15:08:00,2011-11-18 10:56:00,Repeat customer
17761,1,712.78,2011-11-07 10:23:00,2011-11-07 10:23:00,One-time customer
17763,1,15.0,2011-03-21 14:25:00,2011-03-21 14:25:00,One-time customer
17764,2,818.8199999999999,2011-05-12 16:11:00,2011-10-20 11:03:00,Repeat customer
17765,3,371.88,2011-03-28 11:58:00,2011-07-04 12:41:00,Repeat customer
17767,1,271.2,2011-11-24 14:42:00,2011-11-24 14:42:00,One-time customer
17768,3,2273.1800000000003,2011-06-26 13:46:00,2011-12-01 13:22:00,Repeat customer
17769,10,3997.98,2011-01-23 11:15:00,2011-11-27 11:18:00,Repeat customer
17770,5,1143.27,2011-03-02 13:35:00,2011-05-25 12:34:00,Repeat customer
17771,2,245.81,2011-01-20 14:13:00,2011-10-14 11:43:00,Repeat customer
17772,2,182.77,2011-11-29 10:57:00,2011-11-29 11:05:00,Repeat customer
17774,4,1225.41,2011-02-07 13:13:00,2011-09-04 12:49:00,Repeat customer
17775,1,56.4,2011-03-30 10:50:00,2011-03-30 10:50:00,One-time customer
17777,3,665.86,2011-08-31 14:35:00,2011-11-15 12:02:00,Repeat customer
17779,3,658.57,2011-07-19 12:19:00,2011-11-18 14:15:00,Repeat customer
17781,2,188.02,2011-03-31 19:54:00,2011-07-03 16:00:00,Repeat customer
17783,2,283.47,2011-04-06 10:07:00,2011-09-28 16:07:00,Repeat customer
17785,1,131.94,2011-10-17 13:43:00,2011-10-17 13:43:00,One-time customer
17786,2,278.74,2011-01-26 14:35:00,2011-09-15 12:51:00,Repeat customer
17787,4,1865.19,2010-12-03 13:43:00,2011-07-10 11:24:00,Repeat customer
17788,2,1117.9,2011-08-02 10:38:00,2011-09-27 10:09:00,Repeat customer
17789,1,225.9,2011-03-03 13:14:00,2011-03-03 13:14:00,One-time customer
17790,14,1965.55,2010-12-10 10:47:00,2011-11-13 11:30:00,Repeat customer
17791,1,106.1,2011-11-10 12:09:00,2011-11-10 12:09:00,One-time customer
17793,1,323.04,2011-11-14 14:24:00,2011-11-14 14:24:00,One-time customer
17795,2,350.39,2011-03-20 12:02:00,2011-06-13 12:36:00,Repeat customer
17796,4,697.9,2010-12-05 12:23:00,2011-10-30 15:38:00,Repeat customer
17797,3,780.43,2011-06-10 11:29:00,2011-11-17 13:21:00,Repeat customer
17799,10,3055.93,2010-12-13 13:10:00,2011-11-17 15:16:00,Repeat customer
17800,9,1199.01,2011-01-09 13:50:00,2011-11-02 12:57:00,Repeat customer
17802,3,1285.04,2010-12-02 13:44:00,2011-09-18 14:56:00,Repeat customer
17805,1,512.31,2011-09-27 11:49:00,2011-09-27 11:49:00,One-time customer
17806,1,546.04,2011-11-28 14:12:00,2011-11-28 14:12:00,One-time customer
17809,12,5411.91,2010-12-01 09:41:00,2011-11-23 12:59:00,Repeat customer
17811,39,7837.7300000000005,2011-01-10 10:58:00,2011-12-05 13:46:00,Repeat customer
17812,4,732.16,2010-12-06 15:27:00,2011-11-27 11:47:00,Repeat customer
17813,5,1770.8799999999999,2011-09-29 15:57:00,2011-11-25 16:13:00,Repeat customer
17816,4,36.56,2010-12-09 14:10:00,2011-11-03 11:34:00,Repeat customer
17817,3,387.68,2011-03-07 17:30:00,2011-12-05 14:39:00,Repeat customer
17819,7,3704.87,2010-12-03 14:26:00,2011-09-29 10:52:00,Repeat customer
17824,1,298.4,2011-10-19 14:14:00,2011-10-19 14:14:00,One-time customer
17827,5,1995.46,2010-12-10 10:18:00,2011-12-04 15:00:00,Repeat customer
17828,4,1820.09,2011-06-08 08:31:00,2011-11-17 08:41:00,Repeat customer
17829,1,889.24,2011-02-14 12:46:00,2011-02-14 12:46:00,One-time customer
17830,3,398.7,2011-02-24 10:15:00,2011-12-08 12:28:00,Repeat customer
17831,1,35.400000000000006,2011-11-06 15:09:00,2011-11-06 15:09:00,One-time customer
17832,1,155.37,2011-10-21 11:43:00,2011-10-21 11:43:00,One-time customer
17835,3,350.64,2011-11-16 16:30:00,2011-12-07 11:48:00,Repeat customer
17836,1,110.21000000000001,2011-10-23 16:13:00,2011-10-23 16:13:00,One-time customer
17837,8,1593.38,2011-06-29 16:44:00,2011-10-28 16:13:00,Repeat customer
17838,5,2779.3,2010-12-02 15:55:00,2011-11-13 11:20:00,Repeat customer
17839,1,338.8,2011-10-28 17:27:00,2011-10-28 17:27:00,One-time customer
17841,124,40991.57,2010-12-01 14:41:00,2011-12-08 12:07:00,Repeat customer
17843,1,205.48,2011-02-09 15:33:00,2011-02-09 15:33:00,One-time customer
17844,1,51.559999999999995,2011-08-25 11:27:00,2011-08-25 11:27:00,One-time customer
17846,1,2033.1,2011-09-15 15:20:00,2011-09-15 15:20:00,One-time customer
17848,9,901.1999999999999,2010-12-16 18:38:00,2011-09-19 16:49:00,Repeat customer
17849,4,605.8000000000001,2011-01-10 11:59:00,2011-05-05 13:46:00,Repeat customer
17850,34,5391.21,2010-12-01 08:26:00,2010-12-02 15:27:00,Repeat customer
17852,2,114.34,2011-11-28 12:31:00,2011-11-28 12:36:00,Repeat customer
17854,2,311.26,2011-04-26 16:53:00,2011-06-07 16:21:00,Repeat customer
17855,1,208.97,2010-12-02 09:44:00,2010-12-02 09:44:00,One-time customer
17856,4,1418.03,2011-03-03 11:40:00,2011-12-08 09:40:00,Repeat customer
17857,23,26879.04,2010-12-09 11:35:00,2011-12-05 13:13:00,Repeat customer
17858,12,5155.66,2010-12-05 13:08:00,2011-12-04 11:56:00,Repeat customer
17859,1,148.21,2011-02-08 10:32:00,2011-02-08 10:32:00,One-time customer
17860,1,252.8,2010-12-06 12:41:00,2010-12-06 12:41:00,One-time customer
17861,8,2100.8,2011-01-24 11:34:00,2011-12-06 16:21:00,Repeat customer
17862,1,330.9,2011-01-20 12:23:00,2011-01-20 12:23:00,One-time customer
17863,6,3160.0,2010-12-05 13:21:00,2011-10-11 13:45:00,Repeat customer
17864,3,597.5,2011-03-09 11:44:00,2011-11-27 11:15:00,Repeat customer
17865,20,10526.32,2010-12-10 14:53:00,2011-11-09 12:08:00,Repeat customer
17866,1,329.65,2011-07-20 11:07:00,2011-07-20 11:07:00,One-time customer
17867,6,1197.1000000000001,2011-02-24 12:25:00,2011-11-09 14:15:00,Repeat customer
17869,5,428.18,2010-12-06 17:16:00,2011-08-24 16:16:00,Repeat customer
17870,12,1894.35,2010-12-08 08:12:00,2011-12-07 15:07:00,Repeat customer
17871,1,155.9,2011-05-19 11:32:00,2011-05-19 11:32:00,One-time customer
17873,5,1859.16,2010-12-01 14:54:00,2011-09-20 16:41:00,Repeat customer
17874,6,683.46,2011-03-29 11:25:00,2011-06-07 12:54:00,Repeat customer
17877,1,237.61,2011-06-22 13:00:00,2011-06-22 13:00:00,One-time customer
17878,1,379.45,2011-10-27 11:24:00,2011-10-27 11:24:00,One-time customer
17879,1,178.51999999999998,2011-06-19 12:36:00,2011-06-19 12:36:00,One-time customer
17880,1,458.92,2010-12-10 10:21:00,2010-12-10 10:21:00,One-time customer
17881,1,133.35000000000002,2011-02-08 17:16:00,2011-02-08 17:16:00,One-time customer
17883,4,671.77,2011-04-07 19:16:00,2011-12-06 17:49:00,Repeat customer
17884,4,717.45,2010-12-03 12:11:00,2011-12-06 11:33:00,Repeat customer
17885,1,190.19,2011-11-27 14:40:00,2011-11-27 14:40:00,One-time customer
17886,3,899.61,2011-04-04 12:34:00,2011-11-08 10:09:00,Repeat customer
17887,1,111.35,2011-08-02 17:29:00,2011-08-02 17:29:00,One-time customer
17888,8,726.05,2010-12-17 13:56:00,2011-11-18 13:45:00,Repeat customer
17889,2,203.87,2011-01-21 17:14:00,2011-05-11 16:26:00,Repeat customer
17890,2,602.09,2010-12-13 15:12:00,2011-01-21 11:19:00,Repeat customer
17891,1,203.85999999999999,2011-06-30 20:08:00,2011-06-30 20:08:00,One-time customer
17892,3,244.1,2011-07-07 12:56:00,2011-10-14 16:49:00,Repeat customer
17893,1,112.25,2011-04-28 13:50:00,2011-04-28 13:50:00,One-time customer
17894,8,1119.81,2010-12-08 14:50:00,2011-09-29 09:23:00,Repeat customer
17895,1,98.0,2011-10-26 17:00:00,2011-10-26 17:00:00,One-time customer
17896,1,256.32,2011-11-16 13:59:00,2011-11-16 13:59:00,One-time customer
17897,3,566.6,2010-12-01 12:31:00,2011-06-20 11:23:00,Repeat customer
17898,2,152.06,2011-05-16 17:13:00,2011-09-15 14:56:00,Repeat customer
17899,1,155.8,2011-07-03 14:58:00,2011-07-03 14:58:00,One-time customer
17900,2,112.19999999999999,2011-06-02 14:28:00,2011-06-02 14:38:00,Repeat customer
17901,1,110.38,2011-11-10 17:29:00,2011-11-10 17:29:00,One-time customer
17904,1,191.67,2011-11-18 12:57:00,2011-11-18 12:57:00,One-time customer
17905,4,800.24,2010-12-01 13:21:00,2011-09-29 17:33:00,Repeat customer
17906,1,72.9,2011-04-06 17:25:00,2011-04-06 17:25:00,One-time customer
17908,1,243.28,2010-12-01 11:45:00,2010-12-01 11:45:00,One-time customer
17911,1,366.23,2011-11-30 14:52:00,2011-11-30 14:52:00,One-time customer
17912,5,311.01,2010-12-10 11:11:00,2011-02-02 14:25:00,Repeat customer
17913,2,411.6,2010-12-19 11:35:00,2011-10-12 10:45:00,Repeat customer
17914,1,336.43,2011-12-06 11:58:00,2011-12-06 11:58:00,One-time customer
17917,3,341.28,2010-12-12 12:08:00,2011-10-25 13:20:00,Repeat customer
17919,1,1304.04,2011-09-12 13:41:00,2011-09-12 13:41:00,One-time customer
17920,17,4204.1,2010-12-01 11:49:00,2011-12-05 14:29:00,Repeat customer
17921,4,826.52,2011-03-18 13:19:00,2011-10-06 18:56:00,Repeat customer
17923,1,207.50000000000003,2011-03-02 15:15:00,2011-03-02 15:15:00,One-time customer
17924,7,2962.5,2010-12-01 10:51:00,2011-11-28 09:11:00,Repeat customer
17925,1,244.08,2010-12-02 10:10:00,2010-12-02 10:10:00,One-time customer
17926,2,397.29,2011-05-20 09:24:00,2011-07-29 14:39:00,Repeat customer
17928,2,212.54,2011-04-07 18:03:00,2011-10-25 13:52:00,Repeat customer
17929,4,843.0,2011-02-04 11:40:00,2011-11-28 16:01:00,Repeat customer
17930,5,1740.48,2011-04-14 15:46:00,2011-11-04 10:23:00,Repeat customer
17931,2,408.36,2011-03-29 12:31:00,2011-07-28 18:33:00,Repeat customer
17932,3,1331.57,2011-05-12 13:58:00,2011-11-10 19:49:00,Repeat customer
17934,2,704.25,2011-10-12 10:50:00,2011-10-19 11:16:00,Repeat customer
17935,2,145.79,2011-07-21 11:23:00,2011-07-24 13:18:00,Repeat customer
17936,1,389.84,2011-12-04 13:32:00,2011-12-04 13:32:00,One-time customer
17937,7,4301.22,2010-12-12 14:43:00,2011-12-01 11:45:00,Repeat customer
17939,1,99.14,2011-07-03 12:27:00,2011-07-03 12:27:00,One-time customer
17940,10,4106.4400000000005,2011-02-10 09:29:00,2011-10-21 13:27:00,Repeat customer
17941,1,304.56,2011-08-01 08:30:00,2011-08-01 08:30:00,One-time customer
17942,1,77.50000000000001,2011-12-02 10:45:00,2011-12-02 10:45:00,One-time customer
17946,2,149.57999999999998,2011-03-25 14:34:00,2011-04-20 17:00:00,Repeat customer
17947,1,176.68,2011-11-02 13:05:00,2011-11-02 13:05:00,One-time customer
17948,1,358.56000000000006,2011-07-15 12:58:00,2011-07-15 12:58:00,One-time customer
17949,45,58510.48,2010-12-03 13:12:00,2011-12-08 18:46:00,Repeat customer
17950,3,482.2,2010-12-09 15:16:00,2011-09-28 15:18:00,Repeat customer
17951,3,1008.5400000000001,2010-12-01 12:40:00,2011-10-31 12:30:00,Repeat customer
17954,12,2332.72,2010-12-03 14:18:00,2011-12-04 14:15:00,Repeat customer
17955,4,557.3,2011-05-04 12:29:00,2011-05-25 12:00:00,Repeat customer
17956,1,12.75,2011-04-04 13:47:00,2011-04-04 13:47:00,One-time customer
17957,1,111.68,2011-10-04 14:58:00,2011-10-04 14:58:00,One-time customer
17958,1,508.4599999999999,2011-08-15 12:19:00,2011-08-15 12:19:00,One-time customer
17960,1,73.78,2011-06-21 14:15:00,2011-06-21 14:15:00,One-time customer
17961,39,1296.44,2010-12-02 19:18:00,2011-11-18 16:55:00,Repeat customer
17962,1,102.83,2011-07-20 14:16:00,2011-07-20 14:16:00,One-time customer
17964,2,471.7,2010-12-02 13:32:00,2011-11-08 10:44:00,Repeat customer
17965,14,2622.57,2010-12-05 15:54:00,2011-11-02 09:31:00,Repeat customer
17966,5,1098.43,2011-03-23 17:25:00,2011-11-02 10:26:00,Repeat customer
17967,1,123.07,2010-12-03 11:19:00,2010-12-03 11:19:00,One-time customer
17968,1,277.35,2010-12-01 12:23:00,2010-12-01 12:23:00,One-time customer
17969,2,228.2,2010-12-13 15:34:00,2011-06-26 13:00:00,Repeat customer
17970,1,582.59,2011-05-12 20:03:00,2011-05-12 20:03:00,One-time customer
17972,1,136.04,2011-04-12 12:16:00,2011-04-12 12:16:00,One-time customer
17973,1,337.04,2011-10-19 10:34:00,2011-10-19 10:34:00,One-time customer
17974,3,740.79,2011-05-04 11:50:00,2011-11-15 11:37:00,Repeat customer
17975,13,4488.81,2010-12-08 11:38:00,2011-11-24 13:27:00,Repeat customer
17976,1,353.19,2010-12-02 13:49:00,2010-12-02 13:49:00,One-time customer
17977,1,288.14,2011-11-10 13:28:00,2011-11-10 13:28:00,One-time customer
17978,1,300.91999999999996,2010-12-09 14:05:00,2010-12-09 14:05:00,One-time customer
17979,4,757.71,2011-03-25 11:34:00,2011-11-04 12:05:00,Repeat customer
17980,3,811.45,2010-12-15 15:50:00,2011-06-27 12:01:00,Repeat customer
17984,1,152.68,2011-07-17 15:59:00,2011-07-17 15:59:00,One-time customer
17985,1,634.95,2011-11-17 14:24:00,2011-11-17 14:24:00,One-time customer
17986,1,20.8,2011-10-14 14:22:00,2011-10-14 14:22:00,One-time customer
17987,1,198.57,2011-06-07 14:22:00,2011-06-07 14:22:00,One-time customer
17988,7,201.12,2011-01-17 11:59:00,2011-11-28 11:00:00,Repeat customer
17990,3,630.84,2010-12-13 12:10:00,2011-04-17 11:44:00,Repeat customer
17991,2,93.35,2011-04-27 16:39:00,2011-04-28 15:58:00,Repeat customer
17994,4,678.49,2011-02-22 11:02:00,2011-08-10 11:41:00,Repeat customer
17995,1,76.1,2011-03-03 12:30:00,2011-03-03 12:30:00,One-time customer
17997,8,1970.6699999999998,2011-06-28 17:28:00,2011-09-26 16:13:00,Repeat customer
17999,2,382.06,2010-12-08 15:17:00,2011-11-02 15:56:00,Repeat customer
18001,2,417.23,2011-09-14 11:21:00,2011-11-27 16:02:00,Repeat customer
18004,1,169.47,2010-12-12 13:47:00,2010-12-12 13:47:00,One-time customer
18005,2,249.72,2011-10-23 14:40:00,2011-12-06 11:51:00,Repeat customer
18006,1,444.68,2011-11-16 16:52:00,2011-11-16 16:52:00,One-time customer
18008,9,2116.19,2011-01-25 12:26:00,2011-09-30 15:17:00,Repeat customer
18009,1,257.34,2011-04-18 13:36:00,2011-04-18 13:36:00,One-time customer
18010,1,174.8,2011-03-28 12:27:00,2011-03-28 12:27:00,One-time customer
18011,1,102.78999999999999,2010-12-01 17:35:00,2010-12-01 17:35:00,One-time customer
18013,2,187.29,2011-07-07 14:08:00,2011-07-07 14:11:00,Repeat customer
18014,1,166.42,2011-11-11 15:28:00,2011-11-11 15:28:00,One-time customer
18015,1,120.03,2011-12-05 14:49:00,2011-12-05 14:49:00,One-time customer
18016,5,1483.56,2010-12-10 17:14:00,2011-11-07 13:25:00,Repeat customer
18017,3,523.0,2011-02-02 13:57:00,2011-09-19 16:15:00,Repeat customer
18018,2,122.14,2011-05-24 13:22:00,2011-08-23 17:37:00,Repeat customer
18019,1,38.45,2011-10-19 12:10:00,2011-10-19 12:10:00,One-time customer
18022,1,668.11,2011-11-04 12:45:00,2011-11-04 12:45:00,One-time customer
18024,2,389.78,2011-07-10 12:28:00,2011-07-10 12:40:00,Repeat customer
18027,1,115.31,2011-09-02 10:38:00,2011-09-02 10:38:00,One-time customer
18030,2,230.64999999999998,2011-10-28 13:55:00,2011-12-05 16:37:00,Repeat customer
18032,1,73.5,2011-01-09 15:32:00,2011-01-09 15:32:00,One-time customer
18033,1,97.97,2011-10-05 17:28:00,2011-10-05 17:28:00,One-time customer
18034,2,422.88,2011-11-18 12:08:00,2011-11-18 12:22:00,Repeat customer
18035,3,730.4,2011-10-27 17:48:00,2011-11-04 12:39:00,Repeat customer
18036,3,405.62,2011-04-08 11:26:00,2011-11-07 14:40:00,Repeat customer
18037,6,70.02,2010-12-12 16:20:00,2011-07-08 13:39:00,Repeat customer
18040,2,357.20000000000005,2011-04-08 08:27:00,2011-11-20 14:20:00,Repeat customer
18041,21,4183.39,2010-12-02 11:21:00,2011-11-28 11:39:00,Repeat customer
18042,1,165.04999999999998,2011-10-17 11:49:00,2011-10-17 11:49:00,One-time customer
18043,3,559.51,2010-12-08 12:35:00,2011-11-15 12:48:00,Repeat customer
18044,10,2088.6,2010-12-14 12:25:00,2011-12-05 14:26:00,Repeat customer
18045,1,189.4,2011-10-25 13:07:00,2011-10-25 13:07:00,One-time customer
18048,2,172.29000000000002,2011-05-20 14:54:00,2011-05-20 14:58:00,Repeat customer
18050,1,74.4,2010-12-15 14:25:00,2010-12-15 14:25:00,One-time customer
18053,1,300.02,2011-09-30 09:05:00,2011-09-30 09:05:00,One-time customer
18055,10,6784.1900000000005,2010-12-05 10:52:00,2011-12-02 14:25:00,Repeat customer
18056,1,363.65,2011-02-24 14:27:00,2011-02-24 14:27:00,One-time customer
18058,1,170.16,2011-11-30 08:38:00,2011-11-30 08:38:00,One-time customer
18059,3,306.46,2011-10-03 09:30:00,2011-11-16 16:49:00,Repeat customer
18061,10,2119.41,2010-12-08 13:03:00,2011-11-18 11:20:00,Repeat customer
18062,3,720.52,2011-01-06 10:03:00,2011-06-19 14:47:00,Repeat customer
18064,2,814.0,2011-04-18 15:08:00,2011-07-29 16:39:00,Repeat customer
18065,14,2392.83,2010-12-10 12:44:00,2011-12-04 10:30:00,Repeat customer
18066,1,318.0,2011-09-25 15:30:00,2011-09-25 15:30:00,One-time customer
18067,1,396.33,2011-10-30 15:58:00,2011-10-30 15:58:00,One-time customer
18068,1,101.69999999999999,2011-02-23 14:50:00,2011-02-23 14:50:00,One-time customer
18069,5,2036.67,2011-01-16 15:50:00,2011-11-13 16:03:00,Repeat customer
18071,2,453.0,2010-12-09 10:33:00,2011-03-27 11:59:00,Repeat customer
18072,1,247.44,2011-06-07 10:44:00,2011-06-07 10:44:00,One-time customer
18073,12,3877.5200000000004,2011-05-26 19:38:00,2011-08-17 14:02:00,Repeat customer
18074,1,489.6,2010-12-01 09:53:00,2010-12-01 09:53:00,One-time customer
18075,10,2611.75,2010-12-14 10:48:00,2011-11-16 15:21:00,Repeat customer
18077,11,2633.0099999999998,2010-12-08 10:21:00,2011-12-01 13:32:00,Repeat customer
18078,2,336.13,2011-03-25 15:08:00,2011-05-06 14:32:00,Repeat customer
18079,4,3651.97,2011-04-15 12:14:00,2011-10-25 15:27:00,Repeat customer
18080,2,1231.5,2011-04-11 10:10:00,2011-11-21 08:02:00,Repeat customer
18081,3,343.45,2011-07-29 11:56:00,2011-11-03 16:30:00,Repeat customer
18082,1,703.37,2011-11-14 12:45:00,2011-11-14 12:45:00,One-time customer
18084,1,90.47999999999999,2011-11-23 13:57:00,2011-11-23 13:57:00,One-time customer
18085,2,689.95,2010-12-01 12:08:00,2011-01-13 15:17:00,Repeat customer
18086,1,101.34,2011-03-10 13:34:00,2011-03-10 13:34:00,One-time customer
18087,2,4055.7199999999993,2011-02-22 10:43:00,2011-09-02 15:12:00,Repeat customer
18088,1,167.67000000000002,2011-10-09 13:41:00,2011-10-09 13:41:00,One-time customer
18092,11,9068.26,2010-12-09 10:00:00,2011-12-07 13:14:00,Repeat customer
18093,4,2106.52,2011-02-10 12:15:00,2011-09-07 15:43:00,Repeat customer
18094,7,3017.3,2011-02-21 08:50:00,2011-09-19 09:28:00,Repeat customer
18095,2,580.0500000000001,2011-01-11 12:37:00,2011-01-31 12:50:00,Repeat customer
18096,3,911.15,2011-10-07 11:55:00,2011-11-28 12:44:00,Repeat customer
18097,6,2697.8,2010-12-20 14:49:00,2011-12-02 11:16:00,Repeat customer
18099,1,168.31,2011-08-04 15:52:00,2011-08-04 15:52:00,One-time customer
18101,2,223.65,2011-07-19 13:05:00,2011-11-28 13:37:00,Repeat customer
18102,60,259657.3,2010-12-07 16:42:00,2011-12-09 11:50:00,Repeat customer
18104,1,754.64,2011-11-02 14:07:00,2011-11-02 14:07:00,One-time customer
18105,1,113.48000000000002,2011-11-02 12:04:00,2011-11-02 12:04:00,One-time customer
18106,1,430.7,2011-01-14 12:23:00,2011-01-14 12:23:00,One-time customer
18108,1,271.0,2011-03-30 13:56:00,2011-03-30 13:56:00,One-time customer
18109,26,8052.97,2010-12-05 10:58:00,2011-12-08 11:36:00,Repeat customer
18110,1,236.3,2011-11-20 12:34:00,2011-11-20 12:34:00,One-time customer
18112,2,352.69,2011-06-26 13:56:00,2011-11-27 14:43:00,Repeat customer
18113,1,76.32000000000001,2010-12-06 12:31:00,2010-12-06 12:31:00,One-time customer
18114,1,220.1,2011-02-22 13:20:00,2011-02-22 13:20:00,One-time customer
18116,8,1418.03,2010-12-10 12:14:00,2011-10-03 11:00:00,Repeat customer
18117,1,320.72,2011-11-14 12:47:00,2011-11-14 12:47:00,One-time customer
18118,26,5653.82,2010-12-05 12:13:00,2011-11-29 11:32:00,Repeat customer
18119,1,181.12,2010-12-07 11:59:00,2010-12-07 11:59:00,One-time customer
18120,1,111.15,2011-05-09 13:45:00,2011-05-09 13:45:00,One-time customer
18121,2,673.1,2011-07-08 12:14:00,2011-07-13 12:53:00,Repeat customer
18122,6,1826.21,2011-07-12 11:37:00,2011-12-01 13:08:00,Repeat customer
18123,2,589.4399999999999,2011-11-08 13:31:00,2011-11-15 14:23:00,Repeat customer
18125,4,1142.99,2011-01-27 15:02:00,2011-11-10 12:29:00,Repeat customer
18126,1,206.82999999999998,2011-10-10 12:19:00,2011-10-10 12:19:00,One-time customer
18127,3,348.73,2011-07-29 10:06:00,2011-11-20 14:05:00,Repeat customer
18129,1,112.55000000000001,2011-04-10 14:16:00,2011-04-10 14:16:00,One-time customer
18130,3,1059.39,2011-10-13 15:58:00,2011-11-24 14:40:00,Repeat customer
18133,1,931.4999999999999,2011-05-11 14:14:00,2011-05-11 14:14:00,One-time customer
18135,5,681.9100000000001,2011-06-02 14:04:00,2011-11-10 19:32:00,Repeat customer
18136,3,784.33,2011-01-24 12:08:00,2011-10-07 15:40:00,Repeat customer
18138,1,152.65,2011-02-17 14:51:00,2011-02-17 14:51:00,One-time customer
18139,6,8438.34,2011-11-21 14:06:00,2011-11-22 10:44:00,Repeat customer
18142,2,1019.52,2011-05-08 12:31:00,2011-07-05 13:19:00,Repeat customer
18143,2,1000.16,2011-07-21 10:44:00,2011-08-15 12:07:00,Repeat customer
18144,12,2888.75,2010-12-01 13:45:00,2011-12-02 12:46:00,Repeat customer
18145,4,2861.55,2011-01-31 12:10:00,2011-11-27 11:22:00,Repeat customer
18146,2,160.35000000000002,2011-05-03 16:35:00,2011-07-22 12:08:00,Repeat customer
18147,2,179.33999999999997,2011-08-23 12:22:00,2011-10-25 11:46:00,Repeat customer
18149,3,612.0799999999999,2011-03-11 12:44:00,2011-10-20 12:04:00,Repeat customer
18150,3,566.58,2011-05-22 10:47:00,2011-11-07 16:49:00,Repeat customer
18151,2,653.35,2011-02-23 08:29:00,2011-07-28 11:35:00,Repeat customer
18154,2,399.19,2011-10-27 10:40:00,2011-12-06 16:41:00,Repeat customer
18155,3,371.62,2011-02-21 10:36:00,2011-09-25 13:32:00,Repeat customer
18156,2,734.94,2010-12-05 12:29:00,2011-11-27 12:24:00,Repeat customer
18158,2,453.4,2011-09-12 09:03:00,2011-11-30 16:19:00,Repeat customer
18159,1,530.15,2011-02-11 14:26:00,2011-02-11 14:26:00,One-time customer
18160,2,638.0600000000001,2011-05-23 13:41:00,2011-10-13 15:50:00,Repeat customer
18161,5,1618.69,2011-01-24 11:56:00,2011-11-24 16:40:00,Repeat customer
18164,1,399.65000000000003,2011-11-02 12:56:00,2011-11-02 12:56:00,One-time customer
18165,1,302.46000000000004,2011-06-15 13:23:00,2011-06-15 13:23:00,One-time customer
18167,3,1384.8600000000001,2011-08-26 11:40:00,2011-11-16 15:56:00,Repeat customer
18168,6,1169.94,2010-12-02 18:08:00,2011-06-16 19:21:00,Repeat customer
18169,1,202.65,2011-10-10 12:18:00,2011-10-10 12:18:00,One-time customer
18170,3,980.31,2011-05-06 15:13:00,2011-11-06 14:35:00,Repeat customer
18171,5,1231.31,2011-01-10 09:55:00,2011-10-12 09:13:00,Repeat customer
18172,20,7561.68,2011-02-23 10:44:00,2011-11-25 11:12:00,Repeat customer
18173,4,2106.84,2011-03-10 11:56:00,2011-09-14 11:26:00,Repeat customer
18174,1,104.0,2011-12-02 16:56:00,2011-12-02 16:56:00,One-time customer
18176,1,476.35,2010-12-16 15:45:00,2010-12-16 15:45:00,One-time customer
18177,6,1341.42,2011-03-29 08:46:00,2011-11-08 14:44:00,Repeat customer
18178,4,1590.81,2010-12-10 12:42:00,2011-08-03 09:30:00,Repeat customer
18179,6,1793.17,2011-01-07 14:22:00,2011-11-30 16:23:00,Repeat customer
18180,6,1843.75,2011-07-20 08:59:00,2011-12-05 08:39:00,Repeat customer
18181,1,382.8,2011-11-15 15:08:00,2011-11-15 15:08:00,One-time customer
18183,2,632.07,2011-03-10 10:08:00,2011-04-26 15:26:00,Repeat customer
18184,1,49.8,2011-11-24 15:28:00,2011-11-24 15:28:00,One-time customer
18185,1,304.25,2011-04-04 13:42:00,2011-04-04 13:42:00,One-time customer
18188,3,2001.04,2011-02-22 14:43:00,2011-11-24 16:46:00,Repeat customer
18189,2,1090.24,2011-03-17 09:49:00,2011-09-23 12:40:00,Repeat customer
18190,2,284.46000000000004,2011-01-13 10:35:00,2011-05-31 14:48:00,Repeat customer
18191,1,207.79999999999998,2011-03-23 12:08:00,2011-03-23 12:08:00,One-time customer
18192,1,957.97,2011-09-29 09:53:00,2011-09-29 09:53:00,One-time customer
18193,1,243.76,2011-06-27 13:58:00,2011-06-27 13:58:00,One-time customer
18194,1,973.8399999999999,2011-09-18 13:29:00,2011-09-18 13:29:00,One-time customer
18196,2,689.13,2011-02-22 16:13:00,2011-09-05 16:22:00,Repeat customer
18198,17,5425.56,2011-01-07 13:39:00,2011-12-05 14:49:00,Repeat customer
18200,1,163.8,2011-08-25 18:45:00,2011-08-25 18:45:00,One-time customer
18202,3,1396.99,2011-02-01 13:36:00,2011-05-24 12:12:00,Repeat customer
18203,1,160.42000000000002,2011-07-05 13:07:00,2011-07-05 13:07:00,One-time customer
18204,3,1993.7,2011-05-31 15:26:00,2011-09-29 16:44:00,Repeat customer
18205,2,517.36,2011-09-26 12:02:00,2011-11-03 13:22:00,Repeat customer
18209,1,139.10000000000002,2011-11-11 12:07:00,2011-11-11 12:07:00,One-time customer
18210,6,2621.38,2011-03-17 16:58:00,2011-12-08 11:02:00,Repeat customer
18211,5,600.07,2011-03-06 12:09:00,2011-11-14 08:10:00,Repeat customer
18212,1,248.42,2011-01-17 16:14:00,2011-01-17 16:14:00,One-time customer
18213,1,232.48000000000002,2011-04-17 10:21:00,2011-04-17 10:21:00,One-time customer
18215,1,299.34000000000003,2011-09-11 16:05:00,2011-09-11 16:05:00,One-time customer
18216,1,481.75,2011-11-08 16:55:00,2011-11-08 16:55:00,One-time customer
18217,2,621.75,2011-09-30 10:44:00,2011-11-10 13:18:00,Repeat customer
18218,2,662.08,2011-03-03 12:24:00,2011-05-12 12:53:00,Repeat customer
18219,10,2069.77,2010-12-06 10:05:00,2011-12-07 11:43:00,Repeat customer
18220,1,305.28000000000003,2011-04-27 09:03:00,2011-04-27 09:03:00,One-time customer
18221,5,1041.61,2011-05-12 14:13:00,2011-11-17 14:40:00,Repeat customer
18222,1,443.0,2011-09-08 10:45:00,2011-09-08 10:45:00,One-time customer
18223,14,6484.54,2010-12-16 16:42:00,2011-12-05 09:11:00,Repeat customer
18224,1,158.95000000000002,2011-03-21 10:30:00,2011-03-21 10:30:00,One-time customer
18225,12,5509.12,2010-12-09 15:46:00,2011-12-06 13:27:00,Repeat customer
18226,11,5228.05,2011-01-06 09:00:00,2011-10-26 13:36:00,Repeat customer
18227,1,93.75,2011-05-06 12:23:00,2011-05-06 12:23:00,One-time customer
18228,2,779.9,2011-09-21 10:48:00,2011-10-14 09:21:00,Repeat customer
18229,20,7276.900000000001,2010-12-01 16:25:00,2011-11-28 09:48:00,Repeat customer
18230,7,2810.2000000000003,2011-02-10 13:06:00,2011-11-30 13:22:00,Repeat customer
18231,5,2083.27,2011-02-24 09:08:00,2011-05-31 14:18:00,Repeat customer
18232,4,592.97,2011-05-26 16:30:00,2011-09-19 11:49:00,Repeat customer
18233,1,440.0,2011-01-18 08:44:00,2011-01-18 08:44:00,One-time customer
18235,3,1796.48,2011-05-06 13:35:00,2011-09-29 08:27:00,Repeat customer
18236,6,882.24,2011-04-13 09:52:00,2011-11-10 08:06:00,Repeat customer
18237,5,987.1,2011-07-28 13:05:00,2011-12-07 12:49:00,Repeat customer
18239,5,1561.6100000000001,2010-12-02 17:48:00,2011-05-05 12:38:00,Repeat customer
18240,1,422.58,2011-10-24 13:06:00,2011-10-24 13:06:00,One-time customer
18241,17,2073.09,2011-05-06 09:22:00,2011-11-30 12:10:00,Repeat customer
18242,4,2232.4900000000002,2011-05-10 11:20:00,2011-09-28 13:43:00,Repeat customer
18245,7,2567.06,2010-12-19 14:58:00,2011-12-02 14:48:00,Repeat customer
18246,2,596.1,2011-04-20 13:55:00,2011-11-16 11:49:00,Repeat customer
18248,2,804.02,2011-06-06 13:18:00,2011-08-09 10:19:00,Repeat customer
18249,1,95.34,2011-11-22 15:07:00,2011-11-22 15:07:00,One-time customer
18250,1,349.27,2011-02-02 13:16:00,2011-02-02 13:16:00,One-time customer
18251,1,4314.72,2011-09-13 15:03:00,2011-09-13 15:03:00,One-time customer
18252,2,526.67,2011-06-21 11:47:00,2011-10-20 12:43:00,Repeat customer
18255,1,103.3,2011-09-11 13:16:00,2011-09-11 13:16:00,One-time customer
18257,8,2337.63,2011-02-16 15:13:00,2011-10-31 14:48:00,Repeat customer
18259,3,2338.6000000000004,2010-12-08 13:38:00,2011-11-15 12:34:00,Repeat customer
18260,6,2643.2000000000003,2010-12-16 18:23:00,2011-06-20 12:37:00,Repeat customer
18261,2,324.24,2011-09-05 09:34:00,2011-10-27 15:36:00,Repeat customer
18262,1,149.48,2011-07-22 16:04:00,2011-07-22 16:04:00,One-time customer
18263,3,1213.1599999999999,2011-04-01 11:48:00,2011-11-14 09:00:00,Repeat customer
18265,2,801.51,2011-07-04 15:26:00,2011-09-28 14:10:00,Repeat customer
18268,1,25.5,2011-07-28 19:13:00,2011-07-28 19:13:00,One-time customer
18269,1,168.6,2010-12-08 13:53:00,2010-12-08 13:53:00,One-time customer
18270,2,283.15,2011-03-18 12:41:00,2011-11-01 13:57:00,Repeat customer
18272,6,3078.58,2011-04-07 09:35:00,2011-12-07 12:43:00,Repeat customer
18273,3,204.0,2011-03-27 11:22:00,2011-12-07 13:16:00,Repeat customer
18274,1,175.92,2011-11-09 17:03:00,2011-11-09 17:03:00,One-time customer
18276,1,335.86,2011-10-27 10:54:00,2011-10-27 10:54:00,One-time customer
18277,1,110.38,2011-10-12 15:22:00,2011-10-12 15:22:00,One-time customer
18278,1,173.9,2011-09-27 11:58:00,2011-09-27 11:58:00,One-time customer
18280,1,180.60000000000002,2011-03-07 09:52:00,2011-03-07 09:52:00,One-time customer
18281,1,80.82,2011-06-12 10:53:00,2011-06-12 10:53:00,One-time customer
18282,2,178.05,2011-08-05 13:35:00,2011-12-02 11:43:00,Repeat customer
18283,16,2094.88,2011-01-06 14:14:00,2011-12-06 12:02:00,Repeat customer
18287,3,1837.28,2011-05-22 10:39:00,2011-10-28 09:29:00,Repeat customer
